sample_name	file_role	s3_uri
100T	agfusion_dir	s3://crmy-gb-main/neondisco/main-analyses/MSA/running/NeonDisco-outputs/MYBRCA-n990-dataset-awsbatch-dualMode-ND-v0-2-2-RERUN-FINAL-v5/100T/POST-IN-SILICO-VALIDATION-TSV-out/validated-agfusion-dirs/
100T	hla_tsv	s3://crmy-gb-main/neondisco/main-analyses/MSA/running/NeonDisco-outputs/MYBRCA-n990-dataset-awsbatch-dualMode-ND-v0-2-2-RERUN-FINAL-v5/Cohortwide-HLA-typing-OUT/Cohortwide_HLA_types.tsv
101T	agfusion_dir	s3://crmy-gb-main/neondisco/main-analyses/MSA/running/NeonDisco-outputs/MYBRCA-n990-dataset-awsbatch-dualMode-ND-v0-2-2-RERUN-FINAL-v5/101T/POST-IN-SILICO-VALIDATION-TSV-out/validated-agfusion-dirs/
101T	hla_tsv	s3://crmy-gb-main/neondisco/main-analyses/MSA/running/NeonDisco-outputs/MYBRCA-n990-dataset-awsbatch-dualMode-ND-v0-2-2-RERUN-FINAL-v5/Cohortwide-HLA-typing-OUT/Cohortwide_HLA_types.tsv
102T	agfusion_dir	s3://crmy-gb-main/neondisco/main-analyses/MSA/running/NeonDisco-outputs/MYBRCA-n990-dataset-awsbatch-dualMode-ND-v0-2-2-RERUN-FINAL-v5/102T/POST-IN-SILICO-VALIDATION-TSV-out/validated-agfusion-dirs/
102T	hla_tsv	s3://crmy-gb-main/neondisco/main-analyses/MSA/running/NeonDisco-outputs/MYBRCA-n990-dataset-awsbatch-dualMode-ND-v0-2-2-RERUN-FINAL-v5/Cohortwide-HLA-typing-OUT/Cohortwide_HLA_types.tsv
103T	agfusion_dir	s3://crmy-gb-main/neondisco/main-analyses/MSA/running/NeonDisco-outputs/MYBRCA-n990-dataset-awsbatch-dualMode-ND-v0-2-2-RERUN-FINAL-v5/103T/POST-IN-SILICO-VALIDATION-TSV-out/validated-agfusion-dirs/
103T	hla_tsv	s3://crmy-gb-main/neondisco/main-analyses/MSA/running/NeonDisco-outputs/MYBRCA-n990-dataset-awsbatch-dualMode-ND-v0-2-2-RERUN-FINAL-v5/Cohortwide-HLA-typing-OUT/Cohortwide_HLA_types.tsv
104T	agfusion_dir	s3://crmy-gb-main/neondisco/main-analyses/MSA/running/NeonDisco-outputs/MYBRCA-n990-dataset-awsbatch-dualMode-ND-v0-2-2-RERUN-FINAL-v5/104T/POST-IN-SILICO-VALIDATION-TSV-out/validated-agfusion-dirs/
104T	hla_tsv	s3://crmy-gb-main/neondisco/main-analyses/MSA/running/NeonDisco-outputs/MYBRCA-n990-dataset-awsbatch-dualMode-ND-v0-2-2-RERUN-FINAL-v5/Cohortwide-HLA-typing-OUT/Cohortwide_HLA_types.tsv
105T	agfusion_dir	s3://crmy-gb-main/neondisco/main-analyses/MSA/running/NeonDisco-outputs/MYBRCA-n990-dataset-awsbatch-dualMode-ND-v0-2-2-RERUN-FINAL-v5/105T/POST-IN-SILICO-VALIDATION-TSV-out/validated-agfusion-dirs/
105T	hla_tsv	s3://crmy-gb-main/neondisco/main-analyses/MSA/running/NeonDisco-outputs/MYBRCA-n990-dataset-awsbatch-dualMode-ND-v0-2-2-RERUN-FINAL-v5/Cohortwide-HLA-typing-OUT/Cohortwide_HLA_types.tsv
106T	agfusion_dir	s3://crmy-gb-main/neondisco/main-analyses/MSA/running/NeonDisco-outputs/MYBRCA-n990-dataset-awsbatch-dualMode-ND-v0-2-2-RERUN-FINAL-v5/106T/POST-IN-SILICO-VALIDATION-TSV-out/validated-agfusion-dirs/
106T	hla_tsv	s3://crmy-gb-main/neondisco/main-analyses/MSA/running/NeonDisco-outputs/MYBRCA-n990-dataset-awsbatch-dualMode-ND-v0-2-2-RERUN-FINAL-v5/Cohortwide-HLA-typing-OUT/Cohortwide_HLA_types.tsv
107T	agfusion_dir	s3://crmy-gb-main/neondisco/main-analyses/MSA/running/NeonDisco-outputs/MYBRCA-n990-dataset-awsbatch-dualMode-ND-v0-2-2-RERUN-FINAL-v5/107T/POST-IN-SILICO-VALIDATION-TSV-out/validated-agfusion-dirs/
107T	hla_tsv	s3://crmy-gb-main/neondisco/main-analyses/MSA/running/NeonDisco-outputs/MYBRCA-n990-dataset-awsbatch-dualMode-ND-v0-2-2-RERUN-FINAL-v5/Cohortwide-HLA-typing-OUT/Cohortwide_HLA_types.tsv
108T	agfusion_dir	s3://crmy-gb-main/neondisco/main-analyses/MSA/running/NeonDisco-outputs/MYBRCA-n990-dataset-awsbatch-dualMode-ND-v0-2-2-RERUN-FINAL-v5/108T/POST-IN-SILICO-VALIDATION-TSV-out/validated-agfusion-dirs/
108T	hla_tsv	s3://crmy-gb-main/neondisco/main-analyses/MSA/running/NeonDisco-outputs/MYBRCA-n990-dataset-awsbatch-dualMode-ND-v0-2-2-RERUN-FINAL-v5/Cohortwide-HLA-typing-OUT/Cohortwide_HLA_types.tsv
109T	agfusion_dir	s3://crmy-gb-main/neondisco/main-analyses/MSA/running/NeonDisco-outputs/MYBRCA-n990-dataset-awsbatch-dualMode-ND-v0-2-2-RERUN-FINAL-v5/109T/POST-IN-SILICO-VALIDATION-TSV-out/validated-agfusion-dirs/
109T	hla_tsv	s3://crmy-gb-main/neondisco/main-analyses/MSA/running/NeonDisco-outputs/MYBRCA-n990-dataset-awsbatch-dualMode-ND-v0-2-2-RERUN-FINAL-v5/Cohortwide-HLA-typing-OUT/Cohortwide_HLA_types.tsv
10T	agfusion_dir	s3://crmy-gb-main/neondisco/main-analyses/MSA/running/NeonDisco-outputs/MYBRCA-n990-dataset-awsbatch-dualMode-ND-v0-2-2-RERUN-FINAL-v5/10T/POST-IN-SILICO-VALIDATION-TSV-out/validated-agfusion-dirs/
10T	hla_tsv	s3://crmy-gb-main/neondisco/main-analyses/MSA/running/NeonDisco-outputs/MYBRCA-n990-dataset-awsbatch-dualMode-ND-v0-2-2-RERUN-FINAL-v5/Cohortwide-HLA-typing-OUT/Cohortwide_HLA_types.tsv
110T	agfusion_dir	s3://crmy-gb-main/neondisco/main-analyses/MSA/running/NeonDisco-outputs/MYBRCA-n990-dataset-awsbatch-dualMode-ND-v0-2-2-RERUN-FINAL-v5/110T/POST-IN-SILICO-VALIDATION-TSV-out/validated-agfusion-dirs/
110T	hla_tsv	s3://crmy-gb-main/neondisco/main-analyses/MSA/running/NeonDisco-outputs/MYBRCA-n990-dataset-awsbatch-dualMode-ND-v0-2-2-RERUN-FINAL-v5/Cohortwide-HLA-typing-OUT/Cohortwide_HLA_types.tsv
111T	agfusion_dir	s3://crmy-gb-main/neondisco/main-analyses/MSA/running/NeonDisco-outputs/MYBRCA-n990-dataset-awsbatch-dualMode-ND-v0-2-2-RERUN-FINAL-v5/111T/POST-IN-SILICO-VALIDATION-TSV-out/validated-agfusion-dirs/
111T	hla_tsv	s3://crmy-gb-main/neondisco/main-analyses/MSA/running/NeonDisco-outputs/MYBRCA-n990-dataset-awsbatch-dualMode-ND-v0-2-2-RERUN-FINAL-v5/Cohortwide-HLA-typing-OUT/Cohortwide_HLA_types.tsv
112T	agfusion_dir	s3://crmy-gb-main/neondisco/main-analyses/MSA/running/NeonDisco-outputs/MYBRCA-n990-dataset-awsbatch-dualMode-ND-v0-2-2-RERUN-FINAL-v5/112T/POST-IN-SILICO-VALIDATION-TSV-out/validated-agfusion-dirs/
112T	hla_tsv	s3://crmy-gb-main/neondisco/main-analyses/MSA/running/NeonDisco-outputs/MYBRCA-n990-dataset-awsbatch-dualMode-ND-v0-2-2-RERUN-FINAL-v5/Cohortwide-HLA-typing-OUT/Cohortwide_HLA_types.tsv
113T	agfusion_dir	s3://crmy-gb-main/neondisco/main-analyses/MSA/running/NeonDisco-outputs/MYBRCA-n990-dataset-awsbatch-dualMode-ND-v0-2-2-RERUN-FINAL-v5/113T/POST-IN-SILICO-VALIDATION-TSV-out/validated-agfusion-dirs/
113T	hla_tsv	s3://crmy-gb-main/neondisco/main-analyses/MSA/running/NeonDisco-outputs/MYBRCA-n990-dataset-awsbatch-dualMode-ND-v0-2-2-RERUN-FINAL-v5/Cohortwide-HLA-typing-OUT/Cohortwide_HLA_types.tsv
114T	agfusion_dir	s3://crmy-gb-main/neondisco/main-analyses/MSA/running/NeonDisco-outputs/MYBRCA-n990-dataset-awsbatch-dualMode-ND-v0-2-2-RERUN-FINAL-v5/114T/POST-IN-SILICO-VALIDATION-TSV-out/validated-agfusion-dirs/
114T	hla_tsv	s3://crmy-gb-main/neondisco/main-analyses/MSA/running/NeonDisco-outputs/MYBRCA-n990-dataset-awsbatch-dualMode-ND-v0-2-2-RERUN-FINAL-v5/Cohortwide-HLA-typing-OUT/Cohortwide_HLA_types.tsv
115T	agfusion_dir	s3://crmy-gb-main/neondisco/main-analyses/MSA/running/NeonDisco-outputs/MYBRCA-n990-dataset-awsbatch-dualMode-ND-v0-2-2-RERUN-FINAL-v5/115T/POST-IN-SILICO-VALIDATION-TSV-out/validated-agfusion-dirs/
115T	hla_tsv	s3://crmy-gb-main/neondisco/main-analyses/MSA/running/NeonDisco-outputs/MYBRCA-n990-dataset-awsbatch-dualMode-ND-v0-2-2-RERUN-FINAL-v5/Cohortwide-HLA-typing-OUT/Cohortwide_HLA_types.tsv
116T	agfusion_dir	s3://crmy-gb-main/neondisco/main-analyses/MSA/running/NeonDisco-outputs/MYBRCA-n990-dataset-awsbatch-dualMode-ND-v0-2-2-RERUN-FINAL-v5/116T/POST-IN-SILICO-VALIDATION-TSV-out/validated-agfusion-dirs/
116T	hla_tsv	s3://crmy-gb-main/neondisco/main-analyses/MSA/running/NeonDisco-outputs/MYBRCA-n990-dataset-awsbatch-dualMode-ND-v0-2-2-RERUN-FINAL-v5/Cohortwide-HLA-typing-OUT/Cohortwide_HLA_types.tsv
117T	agfusion_dir	s3://crmy-gb-main/neondisco/main-analyses/MSA/running/NeonDisco-outputs/MYBRCA-n990-dataset-awsbatch-dualMode-ND-v0-2-2-RERUN-FINAL-v5/117T/POST-IN-SILICO-VALIDATION-TSV-out/validated-agfusion-dirs/
117T	hla_tsv	s3://crmy-gb-main/neondisco/main-analyses/MSA/running/NeonDisco-outputs/MYBRCA-n990-dataset-awsbatch-dualMode-ND-v0-2-2-RERUN-FINAL-v5/Cohortwide-HLA-typing-OUT/Cohortwide_HLA_types.tsv
118T	agfusion_dir	s3://crmy-gb-main/neondisco/main-analyses/MSA/running/NeonDisco-outputs/MYBRCA-n990-dataset-awsbatch-dualMode-ND-v0-2-2-RERUN-FINAL-v5/118T/POST-IN-SILICO-VALIDATION-TSV-out/validated-agfusion-dirs/
118T	hla_tsv	s3://crmy-gb-main/neondisco/main-analyses/MSA/running/NeonDisco-outputs/MYBRCA-n990-dataset-awsbatch-dualMode-ND-v0-2-2-RERUN-FINAL-v5/Cohortwide-HLA-typing-OUT/Cohortwide_HLA_types.tsv
119T	agfusion_dir	s3://crmy-gb-main/neondisco/main-analyses/MSA/running/NeonDisco-outputs/MYBRCA-n990-dataset-awsbatch-dualMode-ND-v0-2-2-RERUN-FINAL-v5/119T/POST-IN-SILICO-VALIDATION-TSV-out/validated-agfusion-dirs/
119T	hla_tsv	s3://crmy-gb-main/neondisco/main-analyses/MSA/running/NeonDisco-outputs/MYBRCA-n990-dataset-awsbatch-dualMode-ND-v0-2-2-RERUN-FINAL-v5/Cohortwide-HLA-typing-OUT/Cohortwide_HLA_types.tsv
11T	agfusion_dir	s3://crmy-gb-main/neondisco/main-analyses/MSA/running/NeonDisco-outputs/MYBRCA-n990-dataset-awsbatch-dualMode-ND-v0-2-2-RERUN-FINAL-v5/11T/POST-IN-SILICO-VALIDATION-TSV-out/validated-agfusion-dirs/
11T	hla_tsv	s3://crmy-gb-main/neondisco/main-analyses/MSA/running/NeonDisco-outputs/MYBRCA-n990-dataset-awsbatch-dualMode-ND-v0-2-2-RERUN-FINAL-v5/Cohortwide-HLA-typing-OUT/Cohortwide_HLA_types.tsv
120T	agfusion_dir	s3://crmy-gb-main/neondisco/main-analyses/MSA/running/NeonDisco-outputs/MYBRCA-n990-dataset-awsbatch-dualMode-ND-v0-2-2-RERUN-FINAL-v5/120T/POST-IN-SILICO-VALIDATION-TSV-out/validated-agfusion-dirs/
120T	hla_tsv	s3://crmy-gb-main/neondisco/main-analyses/MSA/running/NeonDisco-outputs/MYBRCA-n990-dataset-awsbatch-dualMode-ND-v0-2-2-RERUN-FINAL-v5/Cohortwide-HLA-typing-OUT/Cohortwide_HLA_types.tsv
121T	agfusion_dir	s3://crmy-gb-main/neondisco/main-analyses/MSA/running/NeonDisco-outputs/MYBRCA-n990-dataset-awsbatch-dualMode-ND-v0-2-2-RERUN-FINAL-v5/121T/POST-IN-SILICO-VALIDATION-TSV-out/validated-agfusion-dirs/
121T	hla_tsv	s3://crmy-gb-main/neondisco/main-analyses/MSA/running/NeonDisco-outputs/MYBRCA-n990-dataset-awsbatch-dualMode-ND-v0-2-2-RERUN-FINAL-v5/Cohortwide-HLA-typing-OUT/Cohortwide_HLA_types.tsv
122T	agfusion_dir	s3://crmy-gb-main/neondisco/main-analyses/MSA/running/NeonDisco-outputs/MYBRCA-n990-dataset-awsbatch-dualMode-ND-v0-2-2-RERUN-FINAL-v5/122T/POST-IN-SILICO-VALIDATION-TSV-out/validated-agfusion-dirs/
122T	hla_tsv	s3://crmy-gb-main/neondisco/main-analyses/MSA/running/NeonDisco-outputs/MYBRCA-n990-dataset-awsbatch-dualMode-ND-v0-2-2-RERUN-FINAL-v5/Cohortwide-HLA-typing-OUT/Cohortwide_HLA_types.tsv
123T	agfusion_dir	s3://crmy-gb-main/neondisco/main-analyses/MSA/running/NeonDisco-outputs/MYBRCA-n990-dataset-awsbatch-dualMode-ND-v0-2-2-RERUN-FINAL-v5/123T/POST-IN-SILICO-VALIDATION-TSV-out/validated-agfusion-dirs/
123T	hla_tsv	s3://crmy-gb-main/neondisco/main-analyses/MSA/running/NeonDisco-outputs/MYBRCA-n990-dataset-awsbatch-dualMode-ND-v0-2-2-RERUN-FINAL-v5/Cohortwide-HLA-typing-OUT/Cohortwide_HLA_types.tsv
124T	agfusion_dir	s3://crmy-gb-main/neondisco/main-analyses/MSA/running/NeonDisco-outputs/MYBRCA-n990-dataset-awsbatch-dualMode-ND-v0-2-2-RERUN-FINAL-v5/124T/POST-IN-SILICO-VALIDATION-TSV-out/validated-agfusion-dirs/
124T	hla_tsv	s3://crmy-gb-main/neondisco/main-analyses/MSA/running/NeonDisco-outputs/MYBRCA-n990-dataset-awsbatch-dualMode-ND-v0-2-2-RERUN-FINAL-v5/Cohortwide-HLA-typing-OUT/Cohortwide_HLA_types.tsv
125T	agfusion_dir	s3://crmy-gb-main/neondisco/main-analyses/MSA/running/NeonDisco-outputs/MYBRCA-n990-dataset-awsbatch-dualMode-ND-v0-2-2-RERUN-FINAL-v5/125T/POST-IN-SILICO-VALIDATION-TSV-out/validated-agfusion-dirs/
125T	hla_tsv	s3://crmy-gb-main/neondisco/main-analyses/MSA/running/NeonDisco-outputs/MYBRCA-n990-dataset-awsbatch-dualMode-ND-v0-2-2-RERUN-FINAL-v5/Cohortwide-HLA-typing-OUT/Cohortwide_HLA_types.tsv
126T	agfusion_dir	s3://crmy-gb-main/neondisco/main-analyses/MSA/running/NeonDisco-outputs/MYBRCA-n990-dataset-awsbatch-dualMode-ND-v0-2-2-RERUN-FINAL-v5/126T/POST-IN-SILICO-VALIDATION-TSV-out/validated-agfusion-dirs/
126T	hla_tsv	s3://crmy-gb-main/neondisco/main-analyses/MSA/running/NeonDisco-outputs/MYBRCA-n990-dataset-awsbatch-dualMode-ND-v0-2-2-RERUN-FINAL-v5/Cohortwide-HLA-typing-OUT/Cohortwide_HLA_types.tsv
127T	agfusion_dir	s3://crmy-gb-main/neondisco/main-analyses/MSA/running/NeonDisco-outputs/MYBRCA-n990-dataset-awsbatch-dualMode-ND-v0-2-2-RERUN-FINAL-v5/127T/POST-IN-SILICO-VALIDATION-TSV-out/validated-agfusion-dirs/
127T	hla_tsv	s3://crmy-gb-main/neondisco/main-analyses/MSA/running/NeonDisco-outputs/MYBRCA-n990-dataset-awsbatch-dualMode-ND-v0-2-2-RERUN-FINAL-v5/Cohortwide-HLA-typing-OUT/Cohortwide_HLA_types.tsv
128T	agfusion_dir	s3://crmy-gb-main/neondisco/main-analyses/MSA/running/NeonDisco-outputs/MYBRCA-n990-dataset-awsbatch-dualMode-ND-v0-2-2-RERUN-FINAL-v5/128T/POST-IN-SILICO-VALIDATION-TSV-out/validated-agfusion-dirs/
128T	hla_tsv	s3://crmy-gb-main/neondisco/main-analyses/MSA/running/NeonDisco-outputs/MYBRCA-n990-dataset-awsbatch-dualMode-ND-v0-2-2-RERUN-FINAL-v5/Cohortwide-HLA-typing-OUT/Cohortwide_HLA_types.tsv
129T	agfusion_dir	s3://crmy-gb-main/neondisco/main-analyses/MSA/running/NeonDisco-outputs/MYBRCA-n990-dataset-awsbatch-dualMode-ND-v0-2-2-RERUN-FINAL-v5/129T/POST-IN-SILICO-VALIDATION-TSV-out/validated-agfusion-dirs/
129T	hla_tsv	s3://crmy-gb-main/neondisco/main-analyses/MSA/running/NeonDisco-outputs/MYBRCA-n990-dataset-awsbatch-dualMode-ND-v0-2-2-RERUN-FINAL-v5/Cohortwide-HLA-typing-OUT/Cohortwide_HLA_types.tsv
12T	agfusion_dir	s3://crmy-gb-main/neondisco/main-analyses/MSA/running/NeonDisco-outputs/MYBRCA-n990-dataset-awsbatch-dualMode-ND-v0-2-2-RERUN-FINAL-v5/12T/POST-IN-SILICO-VALIDATION-TSV-out/validated-agfusion-dirs/
12T	hla_tsv	s3://crmy-gb-main/neondisco/main-analyses/MSA/running/NeonDisco-outputs/MYBRCA-n990-dataset-awsbatch-dualMode-ND-v0-2-2-RERUN-FINAL-v5/Cohortwide-HLA-typing-OUT/Cohortwide_HLA_types.tsv
130T	agfusion_dir	s3://crmy-gb-main/neondisco/main-analyses/MSA/running/NeonDisco-outputs/MYBRCA-n990-dataset-awsbatch-dualMode-ND-v0-2-2-RERUN-FINAL-v5/130T/POST-IN-SILICO-VALIDATION-TSV-out/validated-agfusion-dirs/
130T	hla_tsv	s3://crmy-gb-main/neondisco/main-analyses/MSA/running/NeonDisco-outputs/MYBRCA-n990-dataset-awsbatch-dualMode-ND-v0-2-2-RERUN-FINAL-v5/Cohortwide-HLA-typing-OUT/Cohortwide_HLA_types.tsv
131T	agfusion_dir	s3://crmy-gb-main/neondisco/main-analyses/MSA/running/NeonDisco-outputs/MYBRCA-n990-dataset-awsbatch-dualMode-ND-v0-2-2-RERUN-FINAL-v5/131T/POST-IN-SILICO-VALIDATION-TSV-out/validated-agfusion-dirs/
131T	hla_tsv	s3://crmy-gb-main/neondisco/main-analyses/MSA/running/NeonDisco-outputs/MYBRCA-n990-dataset-awsbatch-dualMode-ND-v0-2-2-RERUN-FINAL-v5/Cohortwide-HLA-typing-OUT/Cohortwide_HLA_types.tsv
132T	agfusion_dir	s3://crmy-gb-main/neondisco/main-analyses/MSA/running/NeonDisco-outputs/MYBRCA-n990-dataset-awsbatch-dualMode-ND-v0-2-2-RERUN-FINAL-v5/132T/POST-IN-SILICO-VALIDATION-TSV-out/validated-agfusion-dirs/
132T	hla_tsv	s3://crmy-gb-main/neondisco/main-analyses/MSA/running/NeonDisco-outputs/MYBRCA-n990-dataset-awsbatch-dualMode-ND-v0-2-2-RERUN-FINAL-v5/Cohortwide-HLA-typing-OUT/Cohortwide_HLA_types.tsv
133T	agfusion_dir	s3://crmy-gb-main/neondisco/main-analyses/MSA/running/NeonDisco-outputs/MYBRCA-n990-dataset-awsbatch-dualMode-ND-v0-2-2-RERUN-FINAL-v5/133T/POST-IN-SILICO-VALIDATION-TSV-out/validated-agfusion-dirs/
133T	hla_tsv	s3://crmy-gb-main/neondisco/main-analyses/MSA/running/NeonDisco-outputs/MYBRCA-n990-dataset-awsbatch-dualMode-ND-v0-2-2-RERUN-FINAL-v5/Cohortwide-HLA-typing-OUT/Cohortwide_HLA_types.tsv
134T	agfusion_dir	s3://crmy-gb-main/neondisco/main-analyses/MSA/running/NeonDisco-outputs/MYBRCA-n990-dataset-awsbatch-dualMode-ND-v0-2-2-RERUN-FINAL-v5/134T/POST-IN-SILICO-VALIDATION-TSV-out/validated-agfusion-dirs/
134T	hla_tsv	s3://crmy-gb-main/neondisco/main-analyses/MSA/running/NeonDisco-outputs/MYBRCA-n990-dataset-awsbatch-dualMode-ND-v0-2-2-RERUN-FINAL-v5/Cohortwide-HLA-typing-OUT/Cohortwide_HLA_types.tsv
135T	agfusion_dir	s3://crmy-gb-main/neondisco/main-analyses/MSA/running/NeonDisco-outputs/MYBRCA-n990-dataset-awsbatch-dualMode-ND-v0-2-2-RERUN-FINAL-v5/135T/POST-IN-SILICO-VALIDATION-TSV-out/validated-agfusion-dirs/
135T	hla_tsv	s3://crmy-gb-main/neondisco/main-analyses/MSA/running/NeonDisco-outputs/MYBRCA-n990-dataset-awsbatch-dualMode-ND-v0-2-2-RERUN-FINAL-v5/Cohortwide-HLA-typing-OUT/Cohortwide_HLA_types.tsv
136T	agfusion_dir	s3://crmy-gb-main/neondisco/main-analyses/MSA/running/NeonDisco-outputs/MYBRCA-n990-dataset-awsbatch-dualMode-ND-v0-2-2-RERUN-FINAL-v5/136T/POST-IN-SILICO-VALIDATION-TSV-out/validated-agfusion-dirs/
136T	hla_tsv	s3://crmy-gb-main/neondisco/main-analyses/MSA/running/NeonDisco-outputs/MYBRCA-n990-dataset-awsbatch-dualMode-ND-v0-2-2-RERUN-FINAL-v5/Cohortwide-HLA-typing-OUT/Cohortwide_HLA_types.tsv
137T	agfusion_dir	s3://crmy-gb-main/neondisco/main-analyses/MSA/running/NeonDisco-outputs/MYBRCA-n990-dataset-awsbatch-dualMode-ND-v0-2-2-RERUN-FINAL-v5/137T/POST-IN-SILICO-VALIDATION-TSV-out/validated-agfusion-dirs/
137T	hla_tsv	s3://crmy-gb-main/neondisco/main-analyses/MSA/running/NeonDisco-outputs/MYBRCA-n990-dataset-awsbatch-dualMode-ND-v0-2-2-RERUN-FINAL-v5/Cohortwide-HLA-typing-OUT/Cohortwide_HLA_types.tsv
138T	agfusion_dir	s3://crmy-gb-main/neondisco/main-analyses/MSA/running/NeonDisco-outputs/MYBRCA-n990-dataset-awsbatch-dualMode-ND-v0-2-2-RERUN-FINAL-v5/138T/POST-IN-SILICO-VALIDATION-TSV-out/validated-agfusion-dirs/
138T	hla_tsv	s3://crmy-gb-main/neondisco/main-analyses/MSA/running/NeonDisco-outputs/MYBRCA-n990-dataset-awsbatch-dualMode-ND-v0-2-2-RERUN-FINAL-v5/Cohortwide-HLA-typing-OUT/Cohortwide_HLA_types.tsv
139T	agfusion_dir	s3://crmy-gb-main/neondisco/main-analyses/MSA/running/NeonDisco-outputs/MYBRCA-n990-dataset-awsbatch-dualMode-ND-v0-2-2-RERUN-FINAL-v5/139T/POST-IN-SILICO-VALIDATION-TSV-out/validated-agfusion-dirs/
139T	hla_tsv	s3://crmy-gb-main/neondisco/main-analyses/MSA/running/NeonDisco-outputs/MYBRCA-n990-dataset-awsbatch-dualMode-ND-v0-2-2-RERUN-FINAL-v5/Cohortwide-HLA-typing-OUT/Cohortwide_HLA_types.tsv
13T	agfusion_dir	s3://crmy-gb-main/neondisco/main-analyses/MSA/running/NeonDisco-outputs/MYBRCA-n990-dataset-awsbatch-dualMode-ND-v0-2-2-RERUN-FINAL-v5/13T/POST-IN-SILICO-VALIDATION-TSV-out/validated-agfusion-dirs/
13T	hla_tsv	s3://crmy-gb-main/neondisco/main-analyses/MSA/running/NeonDisco-outputs/MYBRCA-n990-dataset-awsbatch-dualMode-ND-v0-2-2-RERUN-FINAL-v5/Cohortwide-HLA-typing-OUT/Cohortwide_HLA_types.tsv
140T	agfusion_dir	s3://crmy-gb-main/neondisco/main-analyses/MSA/running/NeonDisco-outputs/MYBRCA-n990-dataset-awsbatch-dualMode-ND-v0-2-2-RERUN-FINAL-v5/140T/POST-IN-SILICO-VALIDATION-TSV-out/validated-agfusion-dirs/
140T	hla_tsv	s3://crmy-gb-main/neondisco/main-analyses/MSA/running/NeonDisco-outputs/MYBRCA-n990-dataset-awsbatch-dualMode-ND-v0-2-2-RERUN-FINAL-v5/Cohortwide-HLA-typing-OUT/Cohortwide_HLA_types.tsv
141T	agfusion_dir	s3://crmy-gb-main/neondisco/main-analyses/MSA/running/NeonDisco-outputs/MYBRCA-n990-dataset-awsbatch-dualMode-ND-v0-2-2-RERUN-FINAL-v5/141T/POST-IN-SILICO-VALIDATION-TSV-out/validated-agfusion-dirs/
141T	hla_tsv	s3://crmy-gb-main/neondisco/main-analyses/MSA/running/NeonDisco-outputs/MYBRCA-n990-dataset-awsbatch-dualMode-ND-v0-2-2-RERUN-FINAL-v5/Cohortwide-HLA-typing-OUT/Cohortwide_HLA_types.tsv
142T	agfusion_dir	s3://crmy-gb-main/neondisco/main-analyses/MSA/running/NeonDisco-outputs/MYBRCA-n990-dataset-awsbatch-dualMode-ND-v0-2-2-RERUN-FINAL-v5/142T/POST-IN-SILICO-VALIDATION-TSV-out/validated-agfusion-dirs/
142T	hla_tsv	s3://crmy-gb-main/neondisco/main-analyses/MSA/running/NeonDisco-outputs/MYBRCA-n990-dataset-awsbatch-dualMode-ND-v0-2-2-RERUN-FINAL-v5/Cohortwide-HLA-typing-OUT/Cohortwide_HLA_types.tsv
143T	agfusion_dir	s3://crmy-gb-main/neondisco/main-analyses/MSA/running/NeonDisco-outputs/MYBRCA-n990-dataset-awsbatch-dualMode-ND-v0-2-2-RERUN-FINAL-v5/143T/POST-IN-SILICO-VALIDATION-TSV-out/validated-agfusion-dirs/
143T	hla_tsv	s3://crmy-gb-main/neondisco/main-analyses/MSA/running/NeonDisco-outputs/MYBRCA-n990-dataset-awsbatch-dualMode-ND-v0-2-2-RERUN-FINAL-v5/Cohortwide-HLA-typing-OUT/Cohortwide_HLA_types.tsv
144T	agfusion_dir	s3://crmy-gb-main/neondisco/main-analyses/MSA/running/NeonDisco-outputs/MYBRCA-n990-dataset-awsbatch-dualMode-ND-v0-2-2-RERUN-FINAL-v5/144T/POST-IN-SILICO-VALIDATION-TSV-out/validated-agfusion-dirs/
144T	hla_tsv	s3://crmy-gb-main/neondisco/main-analyses/MSA/running/NeonDisco-outputs/MYBRCA-n990-dataset-awsbatch-dualMode-ND-v0-2-2-RERUN-FINAL-v5/Cohortwide-HLA-typing-OUT/Cohortwide_HLA_types.tsv
145T	agfusion_dir	s3://crmy-gb-main/neondisco/main-analyses/MSA/running/NeonDisco-outputs/MYBRCA-n990-dataset-awsbatch-dualMode-ND-v0-2-2-RERUN-FINAL-v5/145T/POST-IN-SILICO-VALIDATION-TSV-out/validated-agfusion-dirs/
145T	hla_tsv	s3://crmy-gb-main/neondisco/main-analyses/MSA/running/NeonDisco-outputs/MYBRCA-n990-dataset-awsbatch-dualMode-ND-v0-2-2-RERUN-FINAL-v5/Cohortwide-HLA-typing-OUT/Cohortwide_HLA_types.tsv
146T	agfusion_dir	s3://crmy-gb-main/neondisco/main-analyses/MSA/running/NeonDisco-outputs/MYBRCA-n990-dataset-awsbatch-dualMode-ND-v0-2-2-RERUN-FINAL-v5/146T/POST-IN-SILICO-VALIDATION-TSV-out/validated-agfusion-dirs/
146T	hla_tsv	s3://crmy-gb-main/neondisco/main-analyses/MSA/running/NeonDisco-outputs/MYBRCA-n990-dataset-awsbatch-dualMode-ND-v0-2-2-RERUN-FINAL-v5/Cohortwide-HLA-typing-OUT/Cohortwide_HLA_types.tsv
147T	agfusion_dir	s3://crmy-gb-main/neondisco/main-analyses/MSA/running/NeonDisco-outputs/MYBRCA-n990-dataset-awsbatch-dualMode-ND-v0-2-2-RERUN-FINAL-v5/147T/POST-IN-SILICO-VALIDATION-TSV-out/validated-agfusion-dirs/
147T	hla_tsv	s3://crmy-gb-main/neondisco/main-analyses/MSA/running/NeonDisco-outputs/MYBRCA-n990-dataset-awsbatch-dualMode-ND-v0-2-2-RERUN-FINAL-v5/Cohortwide-HLA-typing-OUT/Cohortwide_HLA_types.tsv
148T	agfusion_dir	s3://crmy-gb-main/neondisco/main-analyses/MSA/running/NeonDisco-outputs/MYBRCA-n990-dataset-awsbatch-dualMode-ND-v0-2-2-RERUN-FINAL-v5/148T/POST-IN-SILICO-VALIDATION-TSV-out/validated-agfusion-dirs/
148T	hla_tsv	s3://crmy-gb-main/neondisco/main-analyses/MSA/running/NeonDisco-outputs/MYBRCA-n990-dataset-awsbatch-dualMode-ND-v0-2-2-RERUN-FINAL-v5/Cohortwide-HLA-typing-OUT/Cohortwide_HLA_types.tsv
149T	agfusion_dir	s3://crmy-gb-main/neondisco/main-analyses/MSA/running/NeonDisco-outputs/MYBRCA-n990-dataset-awsbatch-dualMode-ND-v0-2-2-RERUN-FINAL-v5/149T/POST-IN-SILICO-VALIDATION-TSV-out/validated-agfusion-dirs/
149T	hla_tsv	s3://crmy-gb-main/neondisco/main-analyses/MSA/running/NeonDisco-outputs/MYBRCA-n990-dataset-awsbatch-dualMode-ND-v0-2-2-RERUN-FINAL-v5/Cohortwide-HLA-typing-OUT/Cohortwide_HLA_types.tsv
14T	agfusion_dir	s3://crmy-gb-main/neondisco/main-analyses/MSA/running/NeonDisco-outputs/MYBRCA-n990-dataset-awsbatch-dualMode-ND-v0-2-2-RERUN-FINAL-v5/14T/POST-IN-SILICO-VALIDATION-TSV-out/validated-agfusion-dirs/
14T	hla_tsv	s3://crmy-gb-main/neondisco/main-analyses/MSA/running/NeonDisco-outputs/MYBRCA-n990-dataset-awsbatch-dualMode-ND-v0-2-2-RERUN-FINAL-v5/Cohortwide-HLA-typing-OUT/Cohortwide_HLA_types.tsv
150T	agfusion_dir	s3://crmy-gb-main/neondisco/main-analyses/MSA/running/NeonDisco-outputs/MYBRCA-n990-dataset-awsbatch-dualMode-ND-v0-2-2-RERUN-FINAL-v5/150T/POST-IN-SILICO-VALIDATION-TSV-out/validated-agfusion-dirs/
150T	hla_tsv	s3://crmy-gb-main/neondisco/main-analyses/MSA/running/NeonDisco-outputs/MYBRCA-n990-dataset-awsbatch-dualMode-ND-v0-2-2-RERUN-FINAL-v5/Cohortwide-HLA-typing-OUT/Cohortwide_HLA_types.tsv
151T	agfusion_dir	s3://crmy-gb-main/neondisco/main-analyses/MSA/running/NeonDisco-outputs/MYBRCA-n990-dataset-awsbatch-dualMode-ND-v0-2-2-RERUN-FINAL-v5/151T/POST-IN-SILICO-VALIDATION-TSV-out/validated-agfusion-dirs/
151T	hla_tsv	s3://crmy-gb-main/neondisco/main-analyses/MSA/running/NeonDisco-outputs/MYBRCA-n990-dataset-awsbatch-dualMode-ND-v0-2-2-RERUN-FINAL-v5/Cohortwide-HLA-typing-OUT/Cohortwide_HLA_types.tsv
152T	agfusion_dir	s3://crmy-gb-main/neondisco/main-analyses/MSA/running/NeonDisco-outputs/MYBRCA-n990-dataset-awsbatch-dualMode-ND-v0-2-2-RERUN-FINAL-v5/152T/POST-IN-SILICO-VALIDATION-TSV-out/validated-agfusion-dirs/
152T	hla_tsv	s3://crmy-gb-main/neondisco/main-analyses/MSA/running/NeonDisco-outputs/MYBRCA-n990-dataset-awsbatch-dualMode-ND-v0-2-2-RERUN-FINAL-v5/Cohortwide-HLA-typing-OUT/Cohortwide_HLA_types.tsv
153T	agfusion_dir	s3://crmy-gb-main/neondisco/main-analyses/MSA/running/NeonDisco-outputs/MYBRCA-n990-dataset-awsbatch-dualMode-ND-v0-2-2-RERUN-FINAL-v5/153T/POST-IN-SILICO-VALIDATION-TSV-out/validated-agfusion-dirs/
153T	hla_tsv	s3://crmy-gb-main/neondisco/main-analyses/MSA/running/NeonDisco-outputs/MYBRCA-n990-dataset-awsbatch-dualMode-ND-v0-2-2-RERUN-FINAL-v5/Cohortwide-HLA-typing-OUT/Cohortwide_HLA_types.tsv
154T	agfusion_dir	s3://crmy-gb-main/neondisco/main-analyses/MSA/running/NeonDisco-outputs/MYBRCA-n990-dataset-awsbatch-dualMode-ND-v0-2-2-RERUN-FINAL-v5/154T/POST-IN-SILICO-VALIDATION-TSV-out/validated-agfusion-dirs/
154T	hla_tsv	s3://crmy-gb-main/neondisco/main-analyses/MSA/running/NeonDisco-outputs/MYBRCA-n990-dataset-awsbatch-dualMode-ND-v0-2-2-RERUN-FINAL-v5/Cohortwide-HLA-typing-OUT/Cohortwide_HLA_types.tsv
155T	agfusion_dir	s3://crmy-gb-main/neondisco/main-analyses/MSA/running/NeonDisco-outputs/MYBRCA-n990-dataset-awsbatch-dualMode-ND-v0-2-2-RERUN-FINAL-v5/155T/POST-IN-SILICO-VALIDATION-TSV-out/validated-agfusion-dirs/
155T	hla_tsv	s3://crmy-gb-main/neondisco/main-analyses/MSA/running/NeonDisco-outputs/MYBRCA-n990-dataset-awsbatch-dualMode-ND-v0-2-2-RERUN-FINAL-v5/Cohortwide-HLA-typing-OUT/Cohortwide_HLA_types.tsv
156T	agfusion_dir	s3://crmy-gb-main/neondisco/main-analyses/MSA/running/NeonDisco-outputs/MYBRCA-n990-dataset-awsbatch-dualMode-ND-v0-2-2-RERUN-FINAL-v5/156T/POST-IN-SILICO-VALIDATION-TSV-out/validated-agfusion-dirs/
156T	hla_tsv	s3://crmy-gb-main/neondisco/main-analyses/MSA/running/NeonDisco-outputs/MYBRCA-n990-dataset-awsbatch-dualMode-ND-v0-2-2-RERUN-FINAL-v5/Cohortwide-HLA-typing-OUT/Cohortwide_HLA_types.tsv
157T	agfusion_dir	s3://crmy-gb-main/neondisco/main-analyses/MSA/running/NeonDisco-outputs/MYBRCA-n990-dataset-awsbatch-dualMode-ND-v0-2-2-RERUN-FINAL-v5/157T/POST-IN-SILICO-VALIDATION-TSV-out/validated-agfusion-dirs/
157T	hla_tsv	s3://crmy-gb-main/neondisco/main-analyses/MSA/running/NeonDisco-outputs/MYBRCA-n990-dataset-awsbatch-dualMode-ND-v0-2-2-RERUN-FINAL-v5/Cohortwide-HLA-typing-OUT/Cohortwide_HLA_types.tsv
158T	agfusion_dir	s3://crmy-gb-main/neondisco/main-analyses/MSA/running/NeonDisco-outputs/MYBRCA-n990-dataset-awsbatch-dualMode-ND-v0-2-2-RERUN-FINAL-v5/158T/POST-IN-SILICO-VALIDATION-TSV-out/validated-agfusion-dirs/
158T	hla_tsv	s3://crmy-gb-main/neondisco/main-analyses/MSA/running/NeonDisco-outputs/MYBRCA-n990-dataset-awsbatch-dualMode-ND-v0-2-2-RERUN-FINAL-v5/Cohortwide-HLA-typing-OUT/Cohortwide_HLA_types.tsv
159T	agfusion_dir	s3://crmy-gb-main/neondisco/main-analyses/MSA/running/NeonDisco-outputs/MYBRCA-n990-dataset-awsbatch-dualMode-ND-v0-2-2-RERUN-FINAL-v5/159T/POST-IN-SILICO-VALIDATION-TSV-out/validated-agfusion-dirs/
159T	hla_tsv	s3://crmy-gb-main/neondisco/main-analyses/MSA/running/NeonDisco-outputs/MYBRCA-n990-dataset-awsbatch-dualMode-ND-v0-2-2-RERUN-FINAL-v5/Cohortwide-HLA-typing-OUT/Cohortwide_HLA_types.tsv
15T	agfusion_dir	s3://crmy-gb-main/neondisco/main-analyses/MSA/running/NeonDisco-outputs/MYBRCA-n990-dataset-awsbatch-dualMode-ND-v0-2-2-RERUN-FINAL-v5/15T/POST-IN-SILICO-VALIDATION-TSV-out/validated-agfusion-dirs/
15T	hla_tsv	s3://crmy-gb-main/neondisco/main-analyses/MSA/running/NeonDisco-outputs/MYBRCA-n990-dataset-awsbatch-dualMode-ND-v0-2-2-RERUN-FINAL-v5/Cohortwide-HLA-typing-OUT/Cohortwide_HLA_types.tsv
160T	agfusion_dir	s3://crmy-gb-main/neondisco/main-analyses/MSA/running/NeonDisco-outputs/MYBRCA-n990-dataset-awsbatch-dualMode-ND-v0-2-2-RERUN-FINAL-v5/160T/POST-IN-SILICO-VALIDATION-TSV-out/validated-agfusion-dirs/
160T	hla_tsv	s3://crmy-gb-main/neondisco/main-analyses/MSA/running/NeonDisco-outputs/MYBRCA-n990-dataset-awsbatch-dualMode-ND-v0-2-2-RERUN-FINAL-v5/Cohortwide-HLA-typing-OUT/Cohortwide_HLA_types.tsv
161T	agfusion_dir	s3://crmy-gb-main/neondisco/main-analyses/MSA/running/NeonDisco-outputs/MYBRCA-n990-dataset-awsbatch-dualMode-ND-v0-2-2-RERUN-FINAL-v5/161T/POST-IN-SILICO-VALIDATION-TSV-out/validated-agfusion-dirs/
161T	hla_tsv	s3://crmy-gb-main/neondisco/main-analyses/MSA/running/NeonDisco-outputs/MYBRCA-n990-dataset-awsbatch-dualMode-ND-v0-2-2-RERUN-FINAL-v5/Cohortwide-HLA-typing-OUT/Cohortwide_HLA_types.tsv
162T	agfusion_dir	s3://crmy-gb-main/neondisco/main-analyses/MSA/running/NeonDisco-outputs/MYBRCA-n990-dataset-awsbatch-dualMode-ND-v0-2-2-RERUN-FINAL-v5/162T/POST-IN-SILICO-VALIDATION-TSV-out/validated-agfusion-dirs/
162T	hla_tsv	s3://crmy-gb-main/neondisco/main-analyses/MSA/running/NeonDisco-outputs/MYBRCA-n990-dataset-awsbatch-dualMode-ND-v0-2-2-RERUN-FINAL-v5/Cohortwide-HLA-typing-OUT/Cohortwide_HLA_types.tsv
163T	agfusion_dir	s3://crmy-gb-main/neondisco/main-analyses/MSA/running/NeonDisco-outputs/MYBRCA-n990-dataset-awsbatch-dualMode-ND-v0-2-2-RERUN-FINAL-v5/163T/POST-IN-SILICO-VALIDATION-TSV-out/validated-agfusion-dirs/
163T	hla_tsv	s3://crmy-gb-main/neondisco/main-analyses/MSA/running/NeonDisco-outputs/MYBRCA-n990-dataset-awsbatch-dualMode-ND-v0-2-2-RERUN-FINAL-v5/Cohortwide-HLA-typing-OUT/Cohortwide_HLA_types.tsv
164T	agfusion_dir	s3://crmy-gb-main/neondisco/main-analyses/MSA/running/NeonDisco-outputs/MYBRCA-n990-dataset-awsbatch-dualMode-ND-v0-2-2-RERUN-FINAL-v5/164T/POST-IN-SILICO-VALIDATION-TSV-out/validated-agfusion-dirs/
164T	hla_tsv	s3://crmy-gb-main/neondisco/main-analyses/MSA/running/NeonDisco-outputs/MYBRCA-n990-dataset-awsbatch-dualMode-ND-v0-2-2-RERUN-FINAL-v5/Cohortwide-HLA-typing-OUT/Cohortwide_HLA_types.tsv
165T	agfusion_dir	s3://crmy-gb-main/neondisco/main-analyses/MSA/running/NeonDisco-outputs/MYBRCA-n990-dataset-awsbatch-dualMode-ND-v0-2-2-RERUN-FINAL-v5/165T/POST-IN-SILICO-VALIDATION-TSV-out/validated-agfusion-dirs/
165T	hla_tsv	s3://crmy-gb-main/neondisco/main-analyses/MSA/running/NeonDisco-outputs/MYBRCA-n990-dataset-awsbatch-dualMode-ND-v0-2-2-RERUN-FINAL-v5/Cohortwide-HLA-typing-OUT/Cohortwide_HLA_types.tsv
166T	agfusion_dir	s3://crmy-gb-main/neondisco/main-analyses/MSA/running/NeonDisco-outputs/MYBRCA-n990-dataset-awsbatch-dualMode-ND-v0-2-2-RERUN-FINAL-v5/166T/POST-IN-SILICO-VALIDATION-TSV-out/validated-agfusion-dirs/
166T	hla_tsv	s3://crmy-gb-main/neondisco/main-analyses/MSA/running/NeonDisco-outputs/MYBRCA-n990-dataset-awsbatch-dualMode-ND-v0-2-2-RERUN-FINAL-v5/Cohortwide-HLA-typing-OUT/Cohortwide_HLA_types.tsv
167T	agfusion_dir	s3://crmy-gb-main/neondisco/main-analyses/MSA/running/NeonDisco-outputs/MYBRCA-n990-dataset-awsbatch-dualMode-ND-v0-2-2-RERUN-FINAL-v5/167T/POST-IN-SILICO-VALIDATION-TSV-out/validated-agfusion-dirs/
167T	hla_tsv	s3://crmy-gb-main/neondisco/main-analyses/MSA/running/NeonDisco-outputs/MYBRCA-n990-dataset-awsbatch-dualMode-ND-v0-2-2-RERUN-FINAL-v5/Cohortwide-HLA-typing-OUT/Cohortwide_HLA_types.tsv
168T	agfusion_dir	s3://crmy-gb-main/neondisco/main-analyses/MSA/running/NeonDisco-outputs/MYBRCA-n990-dataset-awsbatch-dualMode-ND-v0-2-2-RERUN-FINAL-v5/168T/POST-IN-SILICO-VALIDATION-TSV-out/validated-agfusion-dirs/
168T	hla_tsv	s3://crmy-gb-main/neondisco/main-analyses/MSA/running/NeonDisco-outputs/MYBRCA-n990-dataset-awsbatch-dualMode-ND-v0-2-2-RERUN-FINAL-v5/Cohortwide-HLA-typing-OUT/Cohortwide_HLA_types.tsv
169T	agfusion_dir	s3://crmy-gb-main/neondisco/main-analyses/MSA/running/NeonDisco-outputs/MYBRCA-n990-dataset-awsbatch-dualMode-ND-v0-2-2-RERUN-FINAL-v5/169T/POST-IN-SILICO-VALIDATION-TSV-out/validated-agfusion-dirs/
169T	hla_tsv	s3://crmy-gb-main/neondisco/main-analyses/MSA/running/NeonDisco-outputs/MYBRCA-n990-dataset-awsbatch-dualMode-ND-v0-2-2-RERUN-FINAL-v5/Cohortwide-HLA-typing-OUT/Cohortwide_HLA_types.tsv
16T	agfusion_dir	s3://crmy-gb-main/neondisco/main-analyses/MSA/running/NeonDisco-outputs/MYBRCA-n990-dataset-awsbatch-dualMode-ND-v0-2-2-RERUN-FINAL-v5/16T/POST-IN-SILICO-VALIDATION-TSV-out/validated-agfusion-dirs/
16T	hla_tsv	s3://crmy-gb-main/neondisco/main-analyses/MSA/running/NeonDisco-outputs/MYBRCA-n990-dataset-awsbatch-dualMode-ND-v0-2-2-RERUN-FINAL-v5/Cohortwide-HLA-typing-OUT/Cohortwide_HLA_types.tsv
170T	agfusion_dir	s3://crmy-gb-main/neondisco/main-analyses/MSA/running/NeonDisco-outputs/MYBRCA-n990-dataset-awsbatch-dualMode-ND-v0-2-2-RERUN-FINAL-v5/170T/POST-IN-SILICO-VALIDATION-TSV-out/validated-agfusion-dirs/
170T	hla_tsv	s3://crmy-gb-main/neondisco/main-analyses/MSA/running/NeonDisco-outputs/MYBRCA-n990-dataset-awsbatch-dualMode-ND-v0-2-2-RERUN-FINAL-v5/Cohortwide-HLA-typing-OUT/Cohortwide_HLA_types.tsv
171T	agfusion_dir	s3://crmy-gb-main/neondisco/main-analyses/MSA/running/NeonDisco-outputs/MYBRCA-n990-dataset-awsbatch-dualMode-ND-v0-2-2-RERUN-FINAL-v5/171T/POST-IN-SILICO-VALIDATION-TSV-out/validated-agfusion-dirs/
171T	hla_tsv	s3://crmy-gb-main/neondisco/main-analyses/MSA/running/NeonDisco-outputs/MYBRCA-n990-dataset-awsbatch-dualMode-ND-v0-2-2-RERUN-FINAL-v5/Cohortwide-HLA-typing-OUT/Cohortwide_HLA_types.tsv
172T	agfusion_dir	s3://crmy-gb-main/neondisco/main-analyses/MSA/running/NeonDisco-outputs/MYBRCA-n990-dataset-awsbatch-dualMode-ND-v0-2-2-RERUN-FINAL-v5/172T/POST-IN-SILICO-VALIDATION-TSV-out/validated-agfusion-dirs/
172T	hla_tsv	s3://crmy-gb-main/neondisco/main-analyses/MSA/running/NeonDisco-outputs/MYBRCA-n990-dataset-awsbatch-dualMode-ND-v0-2-2-RERUN-FINAL-v5/Cohortwide-HLA-typing-OUT/Cohortwide_HLA_types.tsv
173T	agfusion_dir	s3://crmy-gb-main/neondisco/main-analyses/MSA/running/NeonDisco-outputs/MYBRCA-n990-dataset-awsbatch-dualMode-ND-v0-2-2-RERUN-FINAL-v5/173T/POST-IN-SILICO-VALIDATION-TSV-out/validated-agfusion-dirs/
173T	hla_tsv	s3://crmy-gb-main/neondisco/main-analyses/MSA/running/NeonDisco-outputs/MYBRCA-n990-dataset-awsbatch-dualMode-ND-v0-2-2-RERUN-FINAL-v5/Cohortwide-HLA-typing-OUT/Cohortwide_HLA_types.tsv
174T	agfusion_dir	s3://crmy-gb-main/neondisco/main-analyses/MSA/running/NeonDisco-outputs/MYBRCA-n990-dataset-awsbatch-dualMode-ND-v0-2-2-RERUN-FINAL-v5/174T/POST-IN-SILICO-VALIDATION-TSV-out/validated-agfusion-dirs/
174T	hla_tsv	s3://crmy-gb-main/neondisco/main-analyses/MSA/running/NeonDisco-outputs/MYBRCA-n990-dataset-awsbatch-dualMode-ND-v0-2-2-RERUN-FINAL-v5/Cohortwide-HLA-typing-OUT/Cohortwide_HLA_types.tsv
175T	agfusion_dir	s3://crmy-gb-main/neondisco/main-analyses/MSA/running/NeonDisco-outputs/MYBRCA-n990-dataset-awsbatch-dualMode-ND-v0-2-2-RERUN-FINAL-v5/175T/POST-IN-SILICO-VALIDATION-TSV-out/validated-agfusion-dirs/
175T	hla_tsv	s3://crmy-gb-main/neondisco/main-analyses/MSA/running/NeonDisco-outputs/MYBRCA-n990-dataset-awsbatch-dualMode-ND-v0-2-2-RERUN-FINAL-v5/Cohortwide-HLA-typing-OUT/Cohortwide_HLA_types.tsv
176T	agfusion_dir	s3://crmy-gb-main/neondisco/main-analyses/MSA/running/NeonDisco-outputs/MYBRCA-n990-dataset-awsbatch-dualMode-ND-v0-2-2-RERUN-FINAL-v5/176T/POST-IN-SILICO-VALIDATION-TSV-out/validated-agfusion-dirs/
176T	hla_tsv	s3://crmy-gb-main/neondisco/main-analyses/MSA/running/NeonDisco-outputs/MYBRCA-n990-dataset-awsbatch-dualMode-ND-v0-2-2-RERUN-FINAL-v5/Cohortwide-HLA-typing-OUT/Cohortwide_HLA_types.tsv
177T	agfusion_dir	s3://crmy-gb-main/neondisco/main-analyses/MSA/running/NeonDisco-outputs/MYBRCA-n990-dataset-awsbatch-dualMode-ND-v0-2-2-RERUN-FINAL-v5/177T/POST-IN-SILICO-VALIDATION-TSV-out/validated-agfusion-dirs/
177T	hla_tsv	s3://crmy-gb-main/neondisco/main-analyses/MSA/running/NeonDisco-outputs/MYBRCA-n990-dataset-awsbatch-dualMode-ND-v0-2-2-RERUN-FINAL-v5/Cohortwide-HLA-typing-OUT/Cohortwide_HLA_types.tsv
178T	agfusion_dir	s3://crmy-gb-main/neondisco/main-analyses/MSA/running/NeonDisco-outputs/MYBRCA-n990-dataset-awsbatch-dualMode-ND-v0-2-2-RERUN-FINAL-v5/178T/POST-IN-SILICO-VALIDATION-TSV-out/validated-agfusion-dirs/
178T	hla_tsv	s3://crmy-gb-main/neondisco/main-analyses/MSA/running/NeonDisco-outputs/MYBRCA-n990-dataset-awsbatch-dualMode-ND-v0-2-2-RERUN-FINAL-v5/Cohortwide-HLA-typing-OUT/Cohortwide_HLA_types.tsv
179T	agfusion_dir	s3://crmy-gb-main/neondisco/main-analyses/MSA/running/NeonDisco-outputs/MYBRCA-n990-dataset-awsbatch-dualMode-ND-v0-2-2-RERUN-FINAL-v5/179T/POST-IN-SILICO-VALIDATION-TSV-out/validated-agfusion-dirs/
179T	hla_tsv	s3://crmy-gb-main/neondisco/main-analyses/MSA/running/NeonDisco-outputs/MYBRCA-n990-dataset-awsbatch-dualMode-ND-v0-2-2-RERUN-FINAL-v5/Cohortwide-HLA-typing-OUT/Cohortwide_HLA_types.tsv
17T	agfusion_dir	s3://crmy-gb-main/neondisco/main-analyses/MSA/running/NeonDisco-outputs/MYBRCA-n990-dataset-awsbatch-dualMode-ND-v0-2-2-RERUN-FINAL-v5/17T/POST-IN-SILICO-VALIDATION-TSV-out/validated-agfusion-dirs/
17T	hla_tsv	s3://crmy-gb-main/neondisco/main-analyses/MSA/running/NeonDisco-outputs/MYBRCA-n990-dataset-awsbatch-dualMode-ND-v0-2-2-RERUN-FINAL-v5/Cohortwide-HLA-typing-OUT/Cohortwide_HLA_types.tsv
180T	agfusion_dir	s3://crmy-gb-main/neondisco/main-analyses/MSA/running/NeonDisco-outputs/MYBRCA-n990-dataset-awsbatch-dualMode-ND-v0-2-2-RERUN-FINAL-v5/180T/POST-IN-SILICO-VALIDATION-TSV-out/validated-agfusion-dirs/
180T	hla_tsv	s3://crmy-gb-main/neondisco/main-analyses/MSA/running/NeonDisco-outputs/MYBRCA-n990-dataset-awsbatch-dualMode-ND-v0-2-2-RERUN-FINAL-v5/Cohortwide-HLA-typing-OUT/Cohortwide_HLA_types.tsv
181T	agfusion_dir	s3://crmy-gb-main/neondisco/main-analyses/MSA/running/NeonDisco-outputs/MYBRCA-n990-dataset-awsbatch-dualMode-ND-v0-2-2-RERUN-FINAL-v5/181T/POST-IN-SILICO-VALIDATION-TSV-out/validated-agfusion-dirs/
181T	hla_tsv	s3://crmy-gb-main/neondisco/main-analyses/MSA/running/NeonDisco-outputs/MYBRCA-n990-dataset-awsbatch-dualMode-ND-v0-2-2-RERUN-FINAL-v5/Cohortwide-HLA-typing-OUT/Cohortwide_HLA_types.tsv
182T	agfusion_dir	s3://crmy-gb-main/neondisco/main-analyses/MSA/running/NeonDisco-outputs/MYBRCA-n990-dataset-awsbatch-dualMode-ND-v0-2-2-RERUN-FINAL-v5/182T/POST-IN-SILICO-VALIDATION-TSV-out/validated-agfusion-dirs/
182T	hla_tsv	s3://crmy-gb-main/neondisco/main-analyses/MSA/running/NeonDisco-outputs/MYBRCA-n990-dataset-awsbatch-dualMode-ND-v0-2-2-RERUN-FINAL-v5/Cohortwide-HLA-typing-OUT/Cohortwide_HLA_types.tsv
183T	agfusion_dir	s3://crmy-gb-main/neondisco/main-analyses/MSA/running/NeonDisco-outputs/MYBRCA-n990-dataset-awsbatch-dualMode-ND-v0-2-2-RERUN-FINAL-v5/183T/POST-IN-SILICO-VALIDATION-TSV-out/validated-agfusion-dirs/
183T	hla_tsv	s3://crmy-gb-main/neondisco/main-analyses/MSA/running/NeonDisco-outputs/MYBRCA-n990-dataset-awsbatch-dualMode-ND-v0-2-2-RERUN-FINAL-v5/Cohortwide-HLA-typing-OUT/Cohortwide_HLA_types.tsv
184T	agfusion_dir	s3://crmy-gb-main/neondisco/main-analyses/MSA/running/NeonDisco-outputs/MYBRCA-n990-dataset-awsbatch-dualMode-ND-v0-2-2-RERUN-FINAL-v5/184T/POST-IN-SILICO-VALIDATION-TSV-out/validated-agfusion-dirs/
184T	hla_tsv	s3://crmy-gb-main/neondisco/main-analyses/MSA/running/NeonDisco-outputs/MYBRCA-n990-dataset-awsbatch-dualMode-ND-v0-2-2-RERUN-FINAL-v5/Cohortwide-HLA-typing-OUT/Cohortwide_HLA_types.tsv
185T	agfusion_dir	s3://crmy-gb-main/neondisco/main-analyses/MSA/running/NeonDisco-outputs/MYBRCA-n990-dataset-awsbatch-dualMode-ND-v0-2-2-RERUN-FINAL-v5/185T/POST-IN-SILICO-VALIDATION-TSV-out/validated-agfusion-dirs/
185T	hla_tsv	s3://crmy-gb-main/neondisco/main-analyses/MSA/running/NeonDisco-outputs/MYBRCA-n990-dataset-awsbatch-dualMode-ND-v0-2-2-RERUN-FINAL-v5/Cohortwide-HLA-typing-OUT/Cohortwide_HLA_types.tsv
186T	agfusion_dir	s3://crmy-gb-main/neondisco/main-analyses/MSA/running/NeonDisco-outputs/MYBRCA-n990-dataset-awsbatch-dualMode-ND-v0-2-2-RERUN-FINAL-v5/186T/POST-IN-SILICO-VALIDATION-TSV-out/validated-agfusion-dirs/
186T	hla_tsv	s3://crmy-gb-main/neondisco/main-analyses/MSA/running/NeonDisco-outputs/MYBRCA-n990-dataset-awsbatch-dualMode-ND-v0-2-2-RERUN-FINAL-v5/Cohortwide-HLA-typing-OUT/Cohortwide_HLA_types.tsv
187T	agfusion_dir	s3://crmy-gb-main/neondisco/main-analyses/MSA/running/NeonDisco-outputs/MYBRCA-n990-dataset-awsbatch-dualMode-ND-v0-2-2-RERUN-FINAL-v5/187T/POST-IN-SILICO-VALIDATION-TSV-out/validated-agfusion-dirs/
187T	hla_tsv	s3://crmy-gb-main/neondisco/main-analyses/MSA/running/NeonDisco-outputs/MYBRCA-n990-dataset-awsbatch-dualMode-ND-v0-2-2-RERUN-FINAL-v5/Cohortwide-HLA-typing-OUT/Cohortwide_HLA_types.tsv
188T	agfusion_dir	s3://crmy-gb-main/neondisco/main-analyses/MSA/running/NeonDisco-outputs/MYBRCA-n990-dataset-awsbatch-dualMode-ND-v0-2-2-RERUN-FINAL-v5/188T/POST-IN-SILICO-VALIDATION-TSV-out/validated-agfusion-dirs/
188T	hla_tsv	s3://crmy-gb-main/neondisco/main-analyses/MSA/running/NeonDisco-outputs/MYBRCA-n990-dataset-awsbatch-dualMode-ND-v0-2-2-RERUN-FINAL-v5/Cohortwide-HLA-typing-OUT/Cohortwide_HLA_types.tsv
189T	agfusion_dir	s3://crmy-gb-main/neondisco/main-analyses/MSA/running/NeonDisco-outputs/MYBRCA-n990-dataset-awsbatch-dualMode-ND-v0-2-2-RERUN-FINAL-v5/189T/POST-IN-SILICO-VALIDATION-TSV-out/validated-agfusion-dirs/
189T	hla_tsv	s3://crmy-gb-main/neondisco/main-analyses/MSA/running/NeonDisco-outputs/MYBRCA-n990-dataset-awsbatch-dualMode-ND-v0-2-2-RERUN-FINAL-v5/Cohortwide-HLA-typing-OUT/Cohortwide_HLA_types.tsv
18T	agfusion_dir	s3://crmy-gb-main/neondisco/main-analyses/MSA/running/NeonDisco-outputs/MYBRCA-n990-dataset-awsbatch-dualMode-ND-v0-2-2-RERUN-FINAL-v5/18T/POST-IN-SILICO-VALIDATION-TSV-out/validated-agfusion-dirs/
18T	hla_tsv	s3://crmy-gb-main/neondisco/main-analyses/MSA/running/NeonDisco-outputs/MYBRCA-n990-dataset-awsbatch-dualMode-ND-v0-2-2-RERUN-FINAL-v5/Cohortwide-HLA-typing-OUT/Cohortwide_HLA_types.tsv
190T	agfusion_dir	s3://crmy-gb-main/neondisco/main-analyses/MSA/running/NeonDisco-outputs/MYBRCA-n990-dataset-awsbatch-dualMode-ND-v0-2-2-RERUN-FINAL-v5/190T/POST-IN-SILICO-VALIDATION-TSV-out/validated-agfusion-dirs/
190T	hla_tsv	s3://crmy-gb-main/neondisco/main-analyses/MSA/running/NeonDisco-outputs/MYBRCA-n990-dataset-awsbatch-dualMode-ND-v0-2-2-RERUN-FINAL-v5/Cohortwide-HLA-typing-OUT/Cohortwide_HLA_types.tsv
191T	agfusion_dir	s3://crmy-gb-main/neondisco/main-analyses/MSA/running/NeonDisco-outputs/MYBRCA-n990-dataset-awsbatch-dualMode-ND-v0-2-2-RERUN-FINAL-v5/191T/POST-IN-SILICO-VALIDATION-TSV-out/validated-agfusion-dirs/
191T	hla_tsv	s3://crmy-gb-main/neondisco/main-analyses/MSA/running/NeonDisco-outputs/MYBRCA-n990-dataset-awsbatch-dualMode-ND-v0-2-2-RERUN-FINAL-v5/Cohortwide-HLA-typing-OUT/Cohortwide_HLA_types.tsv
192T	agfusion_dir	s3://crmy-gb-main/neondisco/main-analyses/MSA/running/NeonDisco-outputs/MYBRCA-n990-dataset-awsbatch-dualMode-ND-v0-2-2-RERUN-FINAL-v5/192T/POST-IN-SILICO-VALIDATION-TSV-out/validated-agfusion-dirs/
192T	hla_tsv	s3://crmy-gb-main/neondisco/main-analyses/MSA/running/NeonDisco-outputs/MYBRCA-n990-dataset-awsbatch-dualMode-ND-v0-2-2-RERUN-FINAL-v5/Cohortwide-HLA-typing-OUT/Cohortwide_HLA_types.tsv
193T	agfusion_dir	s3://crmy-gb-main/neondisco/main-analyses/MSA/running/NeonDisco-outputs/MYBRCA-n990-dataset-awsbatch-dualMode-ND-v0-2-2-RERUN-FINAL-v5/193T/POST-IN-SILICO-VALIDATION-TSV-out/validated-agfusion-dirs/
193T	hla_tsv	s3://crmy-gb-main/neondisco/main-analyses/MSA/running/NeonDisco-outputs/MYBRCA-n990-dataset-awsbatch-dualMode-ND-v0-2-2-RERUN-FINAL-v5/Cohortwide-HLA-typing-OUT/Cohortwide_HLA_types.tsv
194T	agfusion_dir	s3://crmy-gb-main/neondisco/main-analyses/MSA/running/NeonDisco-outputs/MYBRCA-n990-dataset-awsbatch-dualMode-ND-v0-2-2-RERUN-FINAL-v5/194T/POST-IN-SILICO-VALIDATION-TSV-out/validated-agfusion-dirs/
194T	hla_tsv	s3://crmy-gb-main/neondisco/main-analyses/MSA/running/NeonDisco-outputs/MYBRCA-n990-dataset-awsbatch-dualMode-ND-v0-2-2-RERUN-FINAL-v5/Cohortwide-HLA-typing-OUT/Cohortwide_HLA_types.tsv
195T	agfusion_dir	s3://crmy-gb-main/neondisco/main-analyses/MSA/running/NeonDisco-outputs/MYBRCA-n990-dataset-awsbatch-dualMode-ND-v0-2-2-RERUN-FINAL-v5/195T/POST-IN-SILICO-VALIDATION-TSV-out/validated-agfusion-dirs/
195T	hla_tsv	s3://crmy-gb-main/neondisco/main-analyses/MSA/running/NeonDisco-outputs/MYBRCA-n990-dataset-awsbatch-dualMode-ND-v0-2-2-RERUN-FINAL-v5/Cohortwide-HLA-typing-OUT/Cohortwide_HLA_types.tsv
196T	agfusion_dir	s3://crmy-gb-main/neondisco/main-analyses/MSA/running/NeonDisco-outputs/MYBRCA-n990-dataset-awsbatch-dualMode-ND-v0-2-2-RERUN-FINAL-v5/196T/POST-IN-SILICO-VALIDATION-TSV-out/validated-agfusion-dirs/
196T	hla_tsv	s3://crmy-gb-main/neondisco/main-analyses/MSA/running/NeonDisco-outputs/MYBRCA-n990-dataset-awsbatch-dualMode-ND-v0-2-2-RERUN-FINAL-v5/Cohortwide-HLA-typing-OUT/Cohortwide_HLA_types.tsv
197T	agfusion_dir	s3://crmy-gb-main/neondisco/main-analyses/MSA/running/NeonDisco-outputs/MYBRCA-n990-dataset-awsbatch-dualMode-ND-v0-2-2-RERUN-FINAL-v5/197T/POST-IN-SILICO-VALIDATION-TSV-out/validated-agfusion-dirs/
197T	hla_tsv	s3://crmy-gb-main/neondisco/main-analyses/MSA/running/NeonDisco-outputs/MYBRCA-n990-dataset-awsbatch-dualMode-ND-v0-2-2-RERUN-FINAL-v5/Cohortwide-HLA-typing-OUT/Cohortwide_HLA_types.tsv
198T	agfusion_dir	s3://crmy-gb-main/neondisco/main-analyses/MSA/running/NeonDisco-outputs/MYBRCA-n990-dataset-awsbatch-dualMode-ND-v0-2-2-RERUN-FINAL-v5/198T/POST-IN-SILICO-VALIDATION-TSV-out/validated-agfusion-dirs/
198T	hla_tsv	s3://crmy-gb-main/neondisco/main-analyses/MSA/running/NeonDisco-outputs/MYBRCA-n990-dataset-awsbatch-dualMode-ND-v0-2-2-RERUN-FINAL-v5/Cohortwide-HLA-typing-OUT/Cohortwide_HLA_types.tsv
199T	agfusion_dir	s3://crmy-gb-main/neondisco/main-analyses/MSA/running/NeonDisco-outputs/MYBRCA-n990-dataset-awsbatch-dualMode-ND-v0-2-2-RERUN-FINAL-v5/199T/POST-IN-SILICO-VALIDATION-TSV-out/validated-agfusion-dirs/
199T	hla_tsv	s3://crmy-gb-main/neondisco/main-analyses/MSA/running/NeonDisco-outputs/MYBRCA-n990-dataset-awsbatch-dualMode-ND-v0-2-2-RERUN-FINAL-v5/Cohortwide-HLA-typing-OUT/Cohortwide_HLA_types.tsv
19T	agfusion_dir	s3://crmy-gb-main/neondisco/main-analyses/MSA/running/NeonDisco-outputs/MYBRCA-n990-dataset-awsbatch-dualMode-ND-v0-2-2-RERUN-FINAL-v5/19T/POST-IN-SILICO-VALIDATION-TSV-out/validated-agfusion-dirs/
19T	hla_tsv	s3://crmy-gb-main/neondisco/main-analyses/MSA/running/NeonDisco-outputs/MYBRCA-n990-dataset-awsbatch-dualMode-ND-v0-2-2-RERUN-FINAL-v5/Cohortwide-HLA-typing-OUT/Cohortwide_HLA_types.tsv
1T	agfusion_dir	s3://crmy-gb-main/neondisco/main-analyses/MSA/running/NeonDisco-outputs/MYBRCA-n990-dataset-awsbatch-dualMode-ND-v0-2-2-RERUN-FINAL-v5/1T/POST-IN-SILICO-VALIDATION-TSV-out/validated-agfusion-dirs/
1T	hla_tsv	s3://crmy-gb-main/neondisco/main-analyses/MSA/running/NeonDisco-outputs/MYBRCA-n990-dataset-awsbatch-dualMode-ND-v0-2-2-RERUN-FINAL-v5/Cohortwide-HLA-typing-OUT/Cohortwide_HLA_types.tsv
200T	agfusion_dir	s3://crmy-gb-main/neondisco/main-analyses/MSA/running/NeonDisco-outputs/MYBRCA-n990-dataset-awsbatch-dualMode-ND-v0-2-2-RERUN-FINAL-v5/200T/POST-IN-SILICO-VALIDATION-TSV-out/validated-agfusion-dirs/
200T	hla_tsv	s3://crmy-gb-main/neondisco/main-analyses/MSA/running/NeonDisco-outputs/MYBRCA-n990-dataset-awsbatch-dualMode-ND-v0-2-2-RERUN-FINAL-v5/Cohortwide-HLA-typing-OUT/Cohortwide_HLA_types.tsv
201T	agfusion_dir	s3://crmy-gb-main/neondisco/main-analyses/MSA/running/NeonDisco-outputs/MYBRCA-n990-dataset-awsbatch-dualMode-ND-v0-2-2-RERUN-FINAL-v5/201T/POST-IN-SILICO-VALIDATION-TSV-out/validated-agfusion-dirs/
201T	hla_tsv	s3://crmy-gb-main/neondisco/main-analyses/MSA/running/NeonDisco-outputs/MYBRCA-n990-dataset-awsbatch-dualMode-ND-v0-2-2-RERUN-FINAL-v5/Cohortwide-HLA-typing-OUT/Cohortwide_HLA_types.tsv
202T	agfusion_dir	s3://crmy-gb-main/neondisco/main-analyses/MSA/running/NeonDisco-outputs/MYBRCA-n990-dataset-awsbatch-dualMode-ND-v0-2-2-RERUN-FINAL-v5/202T/POST-IN-SILICO-VALIDATION-TSV-out/validated-agfusion-dirs/
202T	hla_tsv	s3://crmy-gb-main/neondisco/main-analyses/MSA/running/NeonDisco-outputs/MYBRCA-n990-dataset-awsbatch-dualMode-ND-v0-2-2-RERUN-FINAL-v5/Cohortwide-HLA-typing-OUT/Cohortwide_HLA_types.tsv
203T	agfusion_dir	s3://crmy-gb-main/neondisco/main-analyses/MSA/running/NeonDisco-outputs/MYBRCA-n990-dataset-awsbatch-dualMode-ND-v0-2-2-RERUN-FINAL-v5/203T/POST-IN-SILICO-VALIDATION-TSV-out/validated-agfusion-dirs/
203T	hla_tsv	s3://crmy-gb-main/neondisco/main-analyses/MSA/running/NeonDisco-outputs/MYBRCA-n990-dataset-awsbatch-dualMode-ND-v0-2-2-RERUN-FINAL-v5/Cohortwide-HLA-typing-OUT/Cohortwide_HLA_types.tsv
204T	agfusion_dir	s3://crmy-gb-main/neondisco/main-analyses/MSA/running/NeonDisco-outputs/MYBRCA-n990-dataset-awsbatch-dualMode-ND-v0-2-2-RERUN-FINAL-v5/204T/POST-IN-SILICO-VALIDATION-TSV-out/validated-agfusion-dirs/
204T	hla_tsv	s3://crmy-gb-main/neondisco/main-analyses/MSA/running/NeonDisco-outputs/MYBRCA-n990-dataset-awsbatch-dualMode-ND-v0-2-2-RERUN-FINAL-v5/Cohortwide-HLA-typing-OUT/Cohortwide_HLA_types.tsv
205T	agfusion_dir	s3://crmy-gb-main/neondisco/main-analyses/MSA/running/NeonDisco-outputs/MYBRCA-n990-dataset-awsbatch-dualMode-ND-v0-2-2-RERUN-FINAL-v5/205T/POST-IN-SILICO-VALIDATION-TSV-out/validated-agfusion-dirs/
205T	hla_tsv	s3://crmy-gb-main/neondisco/main-analyses/MSA/running/NeonDisco-outputs/MYBRCA-n990-dataset-awsbatch-dualMode-ND-v0-2-2-RERUN-FINAL-v5/Cohortwide-HLA-typing-OUT/Cohortwide_HLA_types.tsv
206T	agfusion_dir	s3://crmy-gb-main/neondisco/main-analyses/MSA/running/NeonDisco-outputs/MYBRCA-n990-dataset-awsbatch-dualMode-ND-v0-2-2-RERUN-FINAL-v5/206T/POST-IN-SILICO-VALIDATION-TSV-out/validated-agfusion-dirs/
206T	hla_tsv	s3://crmy-gb-main/neondisco/main-analyses/MSA/running/NeonDisco-outputs/MYBRCA-n990-dataset-awsbatch-dualMode-ND-v0-2-2-RERUN-FINAL-v5/Cohortwide-HLA-typing-OUT/Cohortwide_HLA_types.tsv
207T	agfusion_dir	s3://crmy-gb-main/neondisco/main-analyses/MSA/running/NeonDisco-outputs/MYBRCA-n990-dataset-awsbatch-dualMode-ND-v0-2-2-RERUN-FINAL-v5/207T/POST-IN-SILICO-VALIDATION-TSV-out/validated-agfusion-dirs/
207T	hla_tsv	s3://crmy-gb-main/neondisco/main-analyses/MSA/running/NeonDisco-outputs/MYBRCA-n990-dataset-awsbatch-dualMode-ND-v0-2-2-RERUN-FINAL-v5/Cohortwide-HLA-typing-OUT/Cohortwide_HLA_types.tsv
208T	agfusion_dir	s3://crmy-gb-main/neondisco/main-analyses/MSA/running/NeonDisco-outputs/MYBRCA-n990-dataset-awsbatch-dualMode-ND-v0-2-2-RERUN-FINAL-v5/208T/POST-IN-SILICO-VALIDATION-TSV-out/validated-agfusion-dirs/
208T	hla_tsv	s3://crmy-gb-main/neondisco/main-analyses/MSA/running/NeonDisco-outputs/MYBRCA-n990-dataset-awsbatch-dualMode-ND-v0-2-2-RERUN-FINAL-v5/Cohortwide-HLA-typing-OUT/Cohortwide_HLA_types.tsv
209T	agfusion_dir	s3://crmy-gb-main/neondisco/main-analyses/MSA/running/NeonDisco-outputs/MYBRCA-n990-dataset-awsbatch-dualMode-ND-v0-2-2-RERUN-FINAL-v5/209T/POST-IN-SILICO-VALIDATION-TSV-out/validated-agfusion-dirs/
209T	hla_tsv	s3://crmy-gb-main/neondisco/main-analyses/MSA/running/NeonDisco-outputs/MYBRCA-n990-dataset-awsbatch-dualMode-ND-v0-2-2-RERUN-FINAL-v5/Cohortwide-HLA-typing-OUT/Cohortwide_HLA_types.tsv
20T	agfusion_dir	s3://crmy-gb-main/neondisco/main-analyses/MSA/running/NeonDisco-outputs/MYBRCA-n990-dataset-awsbatch-dualMode-ND-v0-2-2-RERUN-FINAL-v5/20T/POST-IN-SILICO-VALIDATION-TSV-out/validated-agfusion-dirs/
20T	hla_tsv	s3://crmy-gb-main/neondisco/main-analyses/MSA/running/NeonDisco-outputs/MYBRCA-n990-dataset-awsbatch-dualMode-ND-v0-2-2-RERUN-FINAL-v5/Cohortwide-HLA-typing-OUT/Cohortwide_HLA_types.tsv
210T	agfusion_dir	s3://crmy-gb-main/neondisco/main-analyses/MSA/running/NeonDisco-outputs/MYBRCA-n990-dataset-awsbatch-dualMode-ND-v0-2-2-RERUN-FINAL-v5/210T/POST-IN-SILICO-VALIDATION-TSV-out/validated-agfusion-dirs/
210T	hla_tsv	s3://crmy-gb-main/neondisco/main-analyses/MSA/running/NeonDisco-outputs/MYBRCA-n990-dataset-awsbatch-dualMode-ND-v0-2-2-RERUN-FINAL-v5/Cohortwide-HLA-typing-OUT/Cohortwide_HLA_types.tsv
211T	agfusion_dir	s3://crmy-gb-main/neondisco/main-analyses/MSA/running/NeonDisco-outputs/MYBRCA-n990-dataset-awsbatch-dualMode-ND-v0-2-2-RERUN-FINAL-v5/211T/POST-IN-SILICO-VALIDATION-TSV-out/validated-agfusion-dirs/
211T	hla_tsv	s3://crmy-gb-main/neondisco/main-analyses/MSA/running/NeonDisco-outputs/MYBRCA-n990-dataset-awsbatch-dualMode-ND-v0-2-2-RERUN-FINAL-v5/Cohortwide-HLA-typing-OUT/Cohortwide_HLA_types.tsv
212T	agfusion_dir	s3://crmy-gb-main/neondisco/main-analyses/MSA/running/NeonDisco-outputs/MYBRCA-n990-dataset-awsbatch-dualMode-ND-v0-2-2-RERUN-FINAL-v5/212T/POST-IN-SILICO-VALIDATION-TSV-out/validated-agfusion-dirs/
212T	hla_tsv	s3://crmy-gb-main/neondisco/main-analyses/MSA/running/NeonDisco-outputs/MYBRCA-n990-dataset-awsbatch-dualMode-ND-v0-2-2-RERUN-FINAL-v5/Cohortwide-HLA-typing-OUT/Cohortwide_HLA_types.tsv
213T	agfusion_dir	s3://crmy-gb-main/neondisco/main-analyses/MSA/running/NeonDisco-outputs/MYBRCA-n990-dataset-awsbatch-dualMode-ND-v0-2-2-RERUN-FINAL-v5/213T/POST-IN-SILICO-VALIDATION-TSV-out/validated-agfusion-dirs/
213T	hla_tsv	s3://crmy-gb-main/neondisco/main-analyses/MSA/running/NeonDisco-outputs/MYBRCA-n990-dataset-awsbatch-dualMode-ND-v0-2-2-RERUN-FINAL-v5/Cohortwide-HLA-typing-OUT/Cohortwide_HLA_types.tsv
214T	agfusion_dir	s3://crmy-gb-main/neondisco/main-analyses/MSA/running/NeonDisco-outputs/MYBRCA-n990-dataset-awsbatch-dualMode-ND-v0-2-2-RERUN-FINAL-v5/214T/POST-IN-SILICO-VALIDATION-TSV-out/validated-agfusion-dirs/
214T	hla_tsv	s3://crmy-gb-main/neondisco/main-analyses/MSA/running/NeonDisco-outputs/MYBRCA-n990-dataset-awsbatch-dualMode-ND-v0-2-2-RERUN-FINAL-v5/Cohortwide-HLA-typing-OUT/Cohortwide_HLA_types.tsv
215T	agfusion_dir	s3://crmy-gb-main/neondisco/main-analyses/MSA/running/NeonDisco-outputs/MYBRCA-n990-dataset-awsbatch-dualMode-ND-v0-2-2-RERUN-FINAL-v5/215T/POST-IN-SILICO-VALIDATION-TSV-out/validated-agfusion-dirs/
215T	hla_tsv	s3://crmy-gb-main/neondisco/main-analyses/MSA/running/NeonDisco-outputs/MYBRCA-n990-dataset-awsbatch-dualMode-ND-v0-2-2-RERUN-FINAL-v5/Cohortwide-HLA-typing-OUT/Cohortwide_HLA_types.tsv
216T	agfusion_dir	s3://crmy-gb-main/neondisco/main-analyses/MSA/running/NeonDisco-outputs/MYBRCA-n990-dataset-awsbatch-dualMode-ND-v0-2-2-RERUN-FINAL-v5/216T/POST-IN-SILICO-VALIDATION-TSV-out/validated-agfusion-dirs/
216T	hla_tsv	s3://crmy-gb-main/neondisco/main-analyses/MSA/running/NeonDisco-outputs/MYBRCA-n990-dataset-awsbatch-dualMode-ND-v0-2-2-RERUN-FINAL-v5/Cohortwide-HLA-typing-OUT/Cohortwide_HLA_types.tsv
217T	agfusion_dir	s3://crmy-gb-main/neondisco/main-analyses/MSA/running/NeonDisco-outputs/MYBRCA-n990-dataset-awsbatch-dualMode-ND-v0-2-2-RERUN-FINAL-v5/217T/POST-IN-SILICO-VALIDATION-TSV-out/validated-agfusion-dirs/
217T	hla_tsv	s3://crmy-gb-main/neondisco/main-analyses/MSA/running/NeonDisco-outputs/MYBRCA-n990-dataset-awsbatch-dualMode-ND-v0-2-2-RERUN-FINAL-v5/Cohortwide-HLA-typing-OUT/Cohortwide_HLA_types.tsv
218T	agfusion_dir	s3://crmy-gb-main/neondisco/main-analyses/MSA/running/NeonDisco-outputs/MYBRCA-n990-dataset-awsbatch-dualMode-ND-v0-2-2-RERUN-FINAL-v5/218T/POST-IN-SILICO-VALIDATION-TSV-out/validated-agfusion-dirs/
218T	hla_tsv	s3://crmy-gb-main/neondisco/main-analyses/MSA/running/NeonDisco-outputs/MYBRCA-n990-dataset-awsbatch-dualMode-ND-v0-2-2-RERUN-FINAL-v5/Cohortwide-HLA-typing-OUT/Cohortwide_HLA_types.tsv
219T	agfusion_dir	s3://crmy-gb-main/neondisco/main-analyses/MSA/running/NeonDisco-outputs/MYBRCA-n990-dataset-awsbatch-dualMode-ND-v0-2-2-RERUN-FINAL-v5/219T/POST-IN-SILICO-VALIDATION-TSV-out/validated-agfusion-dirs/
219T	hla_tsv	s3://crmy-gb-main/neondisco/main-analyses/MSA/running/NeonDisco-outputs/MYBRCA-n990-dataset-awsbatch-dualMode-ND-v0-2-2-RERUN-FINAL-v5/Cohortwide-HLA-typing-OUT/Cohortwide_HLA_types.tsv
21T	agfusion_dir	s3://crmy-gb-main/neondisco/main-analyses/MSA/running/NeonDisco-outputs/MYBRCA-n990-dataset-awsbatch-dualMode-ND-v0-2-2-RERUN-FINAL-v5/21T/POST-IN-SILICO-VALIDATION-TSV-out/validated-agfusion-dirs/
21T	hla_tsv	s3://crmy-gb-main/neondisco/main-analyses/MSA/running/NeonDisco-outputs/MYBRCA-n990-dataset-awsbatch-dualMode-ND-v0-2-2-RERUN-FINAL-v5/Cohortwide-HLA-typing-OUT/Cohortwide_HLA_types.tsv
220T	agfusion_dir	s3://crmy-gb-main/neondisco/main-analyses/MSA/running/NeonDisco-outputs/MYBRCA-n990-dataset-awsbatch-dualMode-ND-v0-2-2-RERUN-FINAL-v5/220T/POST-IN-SILICO-VALIDATION-TSV-out/validated-agfusion-dirs/
220T	hla_tsv	s3://crmy-gb-main/neondisco/main-analyses/MSA/running/NeonDisco-outputs/MYBRCA-n990-dataset-awsbatch-dualMode-ND-v0-2-2-RERUN-FINAL-v5/Cohortwide-HLA-typing-OUT/Cohortwide_HLA_types.tsv
221T	agfusion_dir	s3://crmy-gb-main/neondisco/main-analyses/MSA/running/NeonDisco-outputs/MYBRCA-n990-dataset-awsbatch-dualMode-ND-v0-2-2-RERUN-FINAL-v5/221T/POST-IN-SILICO-VALIDATION-TSV-out/validated-agfusion-dirs/
221T	hla_tsv	s3://crmy-gb-main/neondisco/main-analyses/MSA/running/NeonDisco-outputs/MYBRCA-n990-dataset-awsbatch-dualMode-ND-v0-2-2-RERUN-FINAL-v5/Cohortwide-HLA-typing-OUT/Cohortwide_HLA_types.tsv
222T	agfusion_dir	s3://crmy-gb-main/neondisco/main-analyses/MSA/running/NeonDisco-outputs/MYBRCA-n990-dataset-awsbatch-dualMode-ND-v0-2-2-RERUN-FINAL-v5/222T/POST-IN-SILICO-VALIDATION-TSV-out/validated-agfusion-dirs/
222T	hla_tsv	s3://crmy-gb-main/neondisco/main-analyses/MSA/running/NeonDisco-outputs/MYBRCA-n990-dataset-awsbatch-dualMode-ND-v0-2-2-RERUN-FINAL-v5/Cohortwide-HLA-typing-OUT/Cohortwide_HLA_types.tsv
223T	agfusion_dir	s3://crmy-gb-main/neondisco/main-analyses/MSA/running/NeonDisco-outputs/MYBRCA-n990-dataset-awsbatch-dualMode-ND-v0-2-2-RERUN-FINAL-v5/223T/POST-IN-SILICO-VALIDATION-TSV-out/validated-agfusion-dirs/
223T	hla_tsv	s3://crmy-gb-main/neondisco/main-analyses/MSA/running/NeonDisco-outputs/MYBRCA-n990-dataset-awsbatch-dualMode-ND-v0-2-2-RERUN-FINAL-v5/Cohortwide-HLA-typing-OUT/Cohortwide_HLA_types.tsv
224T	agfusion_dir	s3://crmy-gb-main/neondisco/main-analyses/MSA/running/NeonDisco-outputs/MYBRCA-n990-dataset-awsbatch-dualMode-ND-v0-2-2-RERUN-FINAL-v5/224T/POST-IN-SILICO-VALIDATION-TSV-out/validated-agfusion-dirs/
224T	hla_tsv	s3://crmy-gb-main/neondisco/main-analyses/MSA/running/NeonDisco-outputs/MYBRCA-n990-dataset-awsbatch-dualMode-ND-v0-2-2-RERUN-FINAL-v5/Cohortwide-HLA-typing-OUT/Cohortwide_HLA_types.tsv
225T	agfusion_dir	s3://crmy-gb-main/neondisco/main-analyses/MSA/running/NeonDisco-outputs/MYBRCA-n990-dataset-awsbatch-dualMode-ND-v0-2-2-RERUN-FINAL-v5/225T/POST-IN-SILICO-VALIDATION-TSV-out/validated-agfusion-dirs/
225T	hla_tsv	s3://crmy-gb-main/neondisco/main-analyses/MSA/running/NeonDisco-outputs/MYBRCA-n990-dataset-awsbatch-dualMode-ND-v0-2-2-RERUN-FINAL-v5/Cohortwide-HLA-typing-OUT/Cohortwide_HLA_types.tsv
226T	agfusion_dir	s3://crmy-gb-main/neondisco/main-analyses/MSA/running/NeonDisco-outputs/MYBRCA-n990-dataset-awsbatch-dualMode-ND-v0-2-2-RERUN-FINAL-v5/226T/POST-IN-SILICO-VALIDATION-TSV-out/validated-agfusion-dirs/
226T	hla_tsv	s3://crmy-gb-main/neondisco/main-analyses/MSA/running/NeonDisco-outputs/MYBRCA-n990-dataset-awsbatch-dualMode-ND-v0-2-2-RERUN-FINAL-v5/Cohortwide-HLA-typing-OUT/Cohortwide_HLA_types.tsv
227T	agfusion_dir	s3://crmy-gb-main/neondisco/main-analyses/MSA/running/NeonDisco-outputs/MYBRCA-n990-dataset-awsbatch-dualMode-ND-v0-2-2-RERUN-FINAL-v5/227T/POST-IN-SILICO-VALIDATION-TSV-out/validated-agfusion-dirs/
227T	hla_tsv	s3://crmy-gb-main/neondisco/main-analyses/MSA/running/NeonDisco-outputs/MYBRCA-n990-dataset-awsbatch-dualMode-ND-v0-2-2-RERUN-FINAL-v5/Cohortwide-HLA-typing-OUT/Cohortwide_HLA_types.tsv
228T	agfusion_dir	s3://crmy-gb-main/neondisco/main-analyses/MSA/running/NeonDisco-outputs/MYBRCA-n990-dataset-awsbatch-dualMode-ND-v0-2-2-RERUN-FINAL-v5/228T/POST-IN-SILICO-VALIDATION-TSV-out/validated-agfusion-dirs/
228T	hla_tsv	s3://crmy-gb-main/neondisco/main-analyses/MSA/running/NeonDisco-outputs/MYBRCA-n990-dataset-awsbatch-dualMode-ND-v0-2-2-RERUN-FINAL-v5/Cohortwide-HLA-typing-OUT/Cohortwide_HLA_types.tsv
229T	agfusion_dir	s3://crmy-gb-main/neondisco/main-analyses/MSA/running/NeonDisco-outputs/MYBRCA-n990-dataset-awsbatch-dualMode-ND-v0-2-2-RERUN-FINAL-v5/229T/POST-IN-SILICO-VALIDATION-TSV-out/validated-agfusion-dirs/
229T	hla_tsv	s3://crmy-gb-main/neondisco/main-analyses/MSA/running/NeonDisco-outputs/MYBRCA-n990-dataset-awsbatch-dualMode-ND-v0-2-2-RERUN-FINAL-v5/Cohortwide-HLA-typing-OUT/Cohortwide_HLA_types.tsv
22T	agfusion_dir	s3://crmy-gb-main/neondisco/main-analyses/MSA/running/NeonDisco-outputs/MYBRCA-n990-dataset-awsbatch-dualMode-ND-v0-2-2-RERUN-FINAL-v5/22T/POST-IN-SILICO-VALIDATION-TSV-out/validated-agfusion-dirs/
22T	hla_tsv	s3://crmy-gb-main/neondisco/main-analyses/MSA/running/NeonDisco-outputs/MYBRCA-n990-dataset-awsbatch-dualMode-ND-v0-2-2-RERUN-FINAL-v5/Cohortwide-HLA-typing-OUT/Cohortwide_HLA_types.tsv
230T	agfusion_dir	s3://crmy-gb-main/neondisco/main-analyses/MSA/running/NeonDisco-outputs/MYBRCA-n990-dataset-awsbatch-dualMode-ND-v0-2-2-RERUN-FINAL-v5/230T/POST-IN-SILICO-VALIDATION-TSV-out/validated-agfusion-dirs/
230T	hla_tsv	s3://crmy-gb-main/neondisco/main-analyses/MSA/running/NeonDisco-outputs/MYBRCA-n990-dataset-awsbatch-dualMode-ND-v0-2-2-RERUN-FINAL-v5/Cohortwide-HLA-typing-OUT/Cohortwide_HLA_types.tsv
231T	agfusion_dir	s3://crmy-gb-main/neondisco/main-analyses/MSA/running/NeonDisco-outputs/MYBRCA-n990-dataset-awsbatch-dualMode-ND-v0-2-2-RERUN-FINAL-v5/231T/POST-IN-SILICO-VALIDATION-TSV-out/validated-agfusion-dirs/
231T	hla_tsv	s3://crmy-gb-main/neondisco/main-analyses/MSA/running/NeonDisco-outputs/MYBRCA-n990-dataset-awsbatch-dualMode-ND-v0-2-2-RERUN-FINAL-v5/Cohortwide-HLA-typing-OUT/Cohortwide_HLA_types.tsv
232T	agfusion_dir	s3://crmy-gb-main/neondisco/main-analyses/MSA/running/NeonDisco-outputs/MYBRCA-n990-dataset-awsbatch-dualMode-ND-v0-2-2-RERUN-FINAL-v5/232T/POST-IN-SILICO-VALIDATION-TSV-out/validated-agfusion-dirs/
232T	hla_tsv	s3://crmy-gb-main/neondisco/main-analyses/MSA/running/NeonDisco-outputs/MYBRCA-n990-dataset-awsbatch-dualMode-ND-v0-2-2-RERUN-FINAL-v5/Cohortwide-HLA-typing-OUT/Cohortwide_HLA_types.tsv
233T	agfusion_dir	s3://crmy-gb-main/neondisco/main-analyses/MSA/running/NeonDisco-outputs/MYBRCA-n990-dataset-awsbatch-dualMode-ND-v0-2-2-RERUN-FINAL-v5/233T/POST-IN-SILICO-VALIDATION-TSV-out/validated-agfusion-dirs/
233T	hla_tsv	s3://crmy-gb-main/neondisco/main-analyses/MSA/running/NeonDisco-outputs/MYBRCA-n990-dataset-awsbatch-dualMode-ND-v0-2-2-RERUN-FINAL-v5/Cohortwide-HLA-typing-OUT/Cohortwide_HLA_types.tsv
234T	agfusion_dir	s3://crmy-gb-main/neondisco/main-analyses/MSA/running/NeonDisco-outputs/MYBRCA-n990-dataset-awsbatch-dualMode-ND-v0-2-2-RERUN-FINAL-v5/234T/POST-IN-SILICO-VALIDATION-TSV-out/validated-agfusion-dirs/
234T	hla_tsv	s3://crmy-gb-main/neondisco/main-analyses/MSA/running/NeonDisco-outputs/MYBRCA-n990-dataset-awsbatch-dualMode-ND-v0-2-2-RERUN-FINAL-v5/Cohortwide-HLA-typing-OUT/Cohortwide_HLA_types.tsv
235T	agfusion_dir	s3://crmy-gb-main/neondisco/main-analyses/MSA/running/NeonDisco-outputs/MYBRCA-n990-dataset-awsbatch-dualMode-ND-v0-2-2-RERUN-FINAL-v5/235T/POST-IN-SILICO-VALIDATION-TSV-out/validated-agfusion-dirs/
235T	hla_tsv	s3://crmy-gb-main/neondisco/main-analyses/MSA/running/NeonDisco-outputs/MYBRCA-n990-dataset-awsbatch-dualMode-ND-v0-2-2-RERUN-FINAL-v5/Cohortwide-HLA-typing-OUT/Cohortwide_HLA_types.tsv
236T	agfusion_dir	s3://crmy-gb-main/neondisco/main-analyses/MSA/running/NeonDisco-outputs/MYBRCA-n990-dataset-awsbatch-dualMode-ND-v0-2-2-RERUN-FINAL-v5/236T/POST-IN-SILICO-VALIDATION-TSV-out/validated-agfusion-dirs/
236T	hla_tsv	s3://crmy-gb-main/neondisco/main-analyses/MSA/running/NeonDisco-outputs/MYBRCA-n990-dataset-awsbatch-dualMode-ND-v0-2-2-RERUN-FINAL-v5/Cohortwide-HLA-typing-OUT/Cohortwide_HLA_types.tsv
237T	agfusion_dir	s3://crmy-gb-main/neondisco/main-analyses/MSA/running/NeonDisco-outputs/MYBRCA-n990-dataset-awsbatch-dualMode-ND-v0-2-2-RERUN-FINAL-v5/237T/POST-IN-SILICO-VALIDATION-TSV-out/validated-agfusion-dirs/
237T	hla_tsv	s3://crmy-gb-main/neondisco/main-analyses/MSA/running/NeonDisco-outputs/MYBRCA-n990-dataset-awsbatch-dualMode-ND-v0-2-2-RERUN-FINAL-v5/Cohortwide-HLA-typing-OUT/Cohortwide_HLA_types.tsv
238T	agfusion_dir	s3://crmy-gb-main/neondisco/main-analyses/MSA/running/NeonDisco-outputs/MYBRCA-n990-dataset-awsbatch-dualMode-ND-v0-2-2-RERUN-FINAL-v5/238T/POST-IN-SILICO-VALIDATION-TSV-out/validated-agfusion-dirs/
238T	hla_tsv	s3://crmy-gb-main/neondisco/main-analyses/MSA/running/NeonDisco-outputs/MYBRCA-n990-dataset-awsbatch-dualMode-ND-v0-2-2-RERUN-FINAL-v5/Cohortwide-HLA-typing-OUT/Cohortwide_HLA_types.tsv
239T	agfusion_dir	s3://crmy-gb-main/neondisco/main-analyses/MSA/running/NeonDisco-outputs/MYBRCA-n990-dataset-awsbatch-dualMode-ND-v0-2-2-RERUN-FINAL-v5/239T/POST-IN-SILICO-VALIDATION-TSV-out/validated-agfusion-dirs/
239T	hla_tsv	s3://crmy-gb-main/neondisco/main-analyses/MSA/running/NeonDisco-outputs/MYBRCA-n990-dataset-awsbatch-dualMode-ND-v0-2-2-RERUN-FINAL-v5/Cohortwide-HLA-typing-OUT/Cohortwide_HLA_types.tsv
23T	agfusion_dir	s3://crmy-gb-main/neondisco/main-analyses/MSA/running/NeonDisco-outputs/MYBRCA-n990-dataset-awsbatch-dualMode-ND-v0-2-2-RERUN-FINAL-v5/23T/POST-IN-SILICO-VALIDATION-TSV-out/validated-agfusion-dirs/
23T	hla_tsv	s3://crmy-gb-main/neondisco/main-analyses/MSA/running/NeonDisco-outputs/MYBRCA-n990-dataset-awsbatch-dualMode-ND-v0-2-2-RERUN-FINAL-v5/Cohortwide-HLA-typing-OUT/Cohortwide_HLA_types.tsv
240T	agfusion_dir	s3://crmy-gb-main/neondisco/main-analyses/MSA/running/NeonDisco-outputs/MYBRCA-n990-dataset-awsbatch-dualMode-ND-v0-2-2-RERUN-FINAL-v5/240T/POST-IN-SILICO-VALIDATION-TSV-out/validated-agfusion-dirs/
240T	hla_tsv	s3://crmy-gb-main/neondisco/main-analyses/MSA/running/NeonDisco-outputs/MYBRCA-n990-dataset-awsbatch-dualMode-ND-v0-2-2-RERUN-FINAL-v5/Cohortwide-HLA-typing-OUT/Cohortwide_HLA_types.tsv
241T	agfusion_dir	s3://crmy-gb-main/neondisco/main-analyses/MSA/running/NeonDisco-outputs/MYBRCA-n990-dataset-awsbatch-dualMode-ND-v0-2-2-RERUN-FINAL-v5/241T/POST-IN-SILICO-VALIDATION-TSV-out/validated-agfusion-dirs/
241T	hla_tsv	s3://crmy-gb-main/neondisco/main-analyses/MSA/running/NeonDisco-outputs/MYBRCA-n990-dataset-awsbatch-dualMode-ND-v0-2-2-RERUN-FINAL-v5/Cohortwide-HLA-typing-OUT/Cohortwide_HLA_types.tsv
242T	agfusion_dir	s3://crmy-gb-main/neondisco/main-analyses/MSA/running/NeonDisco-outputs/MYBRCA-n990-dataset-awsbatch-dualMode-ND-v0-2-2-RERUN-FINAL-v5/242T/POST-IN-SILICO-VALIDATION-TSV-out/validated-agfusion-dirs/
242T	hla_tsv	s3://crmy-gb-main/neondisco/main-analyses/MSA/running/NeonDisco-outputs/MYBRCA-n990-dataset-awsbatch-dualMode-ND-v0-2-2-RERUN-FINAL-v5/Cohortwide-HLA-typing-OUT/Cohortwide_HLA_types.tsv
243T	agfusion_dir	s3://crmy-gb-main/neondisco/main-analyses/MSA/running/NeonDisco-outputs/MYBRCA-n990-dataset-awsbatch-dualMode-ND-v0-2-2-RERUN-FINAL-v5/243T/POST-IN-SILICO-VALIDATION-TSV-out/validated-agfusion-dirs/
243T	hla_tsv	s3://crmy-gb-main/neondisco/main-analyses/MSA/running/NeonDisco-outputs/MYBRCA-n990-dataset-awsbatch-dualMode-ND-v0-2-2-RERUN-FINAL-v5/Cohortwide-HLA-typing-OUT/Cohortwide_HLA_types.tsv
244T	agfusion_dir	s3://crmy-gb-main/neondisco/main-analyses/MSA/running/NeonDisco-outputs/MYBRCA-n990-dataset-awsbatch-dualMode-ND-v0-2-2-RERUN-FINAL-v5/244T/POST-IN-SILICO-VALIDATION-TSV-out/validated-agfusion-dirs/
244T	hla_tsv	s3://crmy-gb-main/neondisco/main-analyses/MSA/running/NeonDisco-outputs/MYBRCA-n990-dataset-awsbatch-dualMode-ND-v0-2-2-RERUN-FINAL-v5/Cohortwide-HLA-typing-OUT/Cohortwide_HLA_types.tsv
245T	agfusion_dir	s3://crmy-gb-main/neondisco/main-analyses/MSA/running/NeonDisco-outputs/MYBRCA-n990-dataset-awsbatch-dualMode-ND-v0-2-2-RERUN-FINAL-v5/245T/POST-IN-SILICO-VALIDATION-TSV-out/validated-agfusion-dirs/
245T	hla_tsv	s3://crmy-gb-main/neondisco/main-analyses/MSA/running/NeonDisco-outputs/MYBRCA-n990-dataset-awsbatch-dualMode-ND-v0-2-2-RERUN-FINAL-v5/Cohortwide-HLA-typing-OUT/Cohortwide_HLA_types.tsv
246T	agfusion_dir	s3://crmy-gb-main/neondisco/main-analyses/MSA/running/NeonDisco-outputs/MYBRCA-n990-dataset-awsbatch-dualMode-ND-v0-2-2-RERUN-FINAL-v5/246T/POST-IN-SILICO-VALIDATION-TSV-out/validated-agfusion-dirs/
246T	hla_tsv	s3://crmy-gb-main/neondisco/main-analyses/MSA/running/NeonDisco-outputs/MYBRCA-n990-dataset-awsbatch-dualMode-ND-v0-2-2-RERUN-FINAL-v5/Cohortwide-HLA-typing-OUT/Cohortwide_HLA_types.tsv
247T	agfusion_dir	s3://crmy-gb-main/neondisco/main-analyses/MSA/running/NeonDisco-outputs/MYBRCA-n990-dataset-awsbatch-dualMode-ND-v0-2-2-RERUN-FINAL-v5/247T/POST-IN-SILICO-VALIDATION-TSV-out/validated-agfusion-dirs/
247T	hla_tsv	s3://crmy-gb-main/neondisco/main-analyses/MSA/running/NeonDisco-outputs/MYBRCA-n990-dataset-awsbatch-dualMode-ND-v0-2-2-RERUN-FINAL-v5/Cohortwide-HLA-typing-OUT/Cohortwide_HLA_types.tsv
248T	agfusion_dir	s3://crmy-gb-main/neondisco/main-analyses/MSA/running/NeonDisco-outputs/MYBRCA-n990-dataset-awsbatch-dualMode-ND-v0-2-2-RERUN-FINAL-v5/248T/POST-IN-SILICO-VALIDATION-TSV-out/validated-agfusion-dirs/
248T	hla_tsv	s3://crmy-gb-main/neondisco/main-analyses/MSA/running/NeonDisco-outputs/MYBRCA-n990-dataset-awsbatch-dualMode-ND-v0-2-2-RERUN-FINAL-v5/Cohortwide-HLA-typing-OUT/Cohortwide_HLA_types.tsv
249T	agfusion_dir	s3://crmy-gb-main/neondisco/main-analyses/MSA/running/NeonDisco-outputs/MYBRCA-n990-dataset-awsbatch-dualMode-ND-v0-2-2-RERUN-FINAL-v5/249T/POST-IN-SILICO-VALIDATION-TSV-out/validated-agfusion-dirs/
249T	hla_tsv	s3://crmy-gb-main/neondisco/main-analyses/MSA/running/NeonDisco-outputs/MYBRCA-n990-dataset-awsbatch-dualMode-ND-v0-2-2-RERUN-FINAL-v5/Cohortwide-HLA-typing-OUT/Cohortwide_HLA_types.tsv
24T	agfusion_dir	s3://crmy-gb-main/neondisco/main-analyses/MSA/running/NeonDisco-outputs/MYBRCA-n990-dataset-awsbatch-dualMode-ND-v0-2-2-RERUN-FINAL-v5/24T/POST-IN-SILICO-VALIDATION-TSV-out/validated-agfusion-dirs/
24T	hla_tsv	s3://crmy-gb-main/neondisco/main-analyses/MSA/running/NeonDisco-outputs/MYBRCA-n990-dataset-awsbatch-dualMode-ND-v0-2-2-RERUN-FINAL-v5/Cohortwide-HLA-typing-OUT/Cohortwide_HLA_types.tsv
250T	agfusion_dir	s3://crmy-gb-main/neondisco/main-analyses/MSA/running/NeonDisco-outputs/MYBRCA-n990-dataset-awsbatch-dualMode-ND-v0-2-2-RERUN-FINAL-v5/250T/POST-IN-SILICO-VALIDATION-TSV-out/validated-agfusion-dirs/
250T	hla_tsv	s3://crmy-gb-main/neondisco/main-analyses/MSA/running/NeonDisco-outputs/MYBRCA-n990-dataset-awsbatch-dualMode-ND-v0-2-2-RERUN-FINAL-v5/Cohortwide-HLA-typing-OUT/Cohortwide_HLA_types.tsv
251T	agfusion_dir	s3://crmy-gb-main/neondisco/main-analyses/MSA/running/NeonDisco-outputs/MYBRCA-n990-dataset-awsbatch-dualMode-ND-v0-2-2-RERUN-FINAL-v5/251T/POST-IN-SILICO-VALIDATION-TSV-out/validated-agfusion-dirs/
251T	hla_tsv	s3://crmy-gb-main/neondisco/main-analyses/MSA/running/NeonDisco-outputs/MYBRCA-n990-dataset-awsbatch-dualMode-ND-v0-2-2-RERUN-FINAL-v5/Cohortwide-HLA-typing-OUT/Cohortwide_HLA_types.tsv
252T	agfusion_dir	s3://crmy-gb-main/neondisco/main-analyses/MSA/running/NeonDisco-outputs/MYBRCA-n990-dataset-awsbatch-dualMode-ND-v0-2-2-RERUN-FINAL-v5/252T/POST-IN-SILICO-VALIDATION-TSV-out/validated-agfusion-dirs/
252T	hla_tsv	s3://crmy-gb-main/neondisco/main-analyses/MSA/running/NeonDisco-outputs/MYBRCA-n990-dataset-awsbatch-dualMode-ND-v0-2-2-RERUN-FINAL-v5/Cohortwide-HLA-typing-OUT/Cohortwide_HLA_types.tsv
253T	agfusion_dir	s3://crmy-gb-main/neondisco/main-analyses/MSA/running/NeonDisco-outputs/MYBRCA-n990-dataset-awsbatch-dualMode-ND-v0-2-2-RERUN-FINAL-v5/253T/POST-IN-SILICO-VALIDATION-TSV-out/validated-agfusion-dirs/
253T	hla_tsv	s3://crmy-gb-main/neondisco/main-analyses/MSA/running/NeonDisco-outputs/MYBRCA-n990-dataset-awsbatch-dualMode-ND-v0-2-2-RERUN-FINAL-v5/Cohortwide-HLA-typing-OUT/Cohortwide_HLA_types.tsv
254T	agfusion_dir	s3://crmy-gb-main/neondisco/main-analyses/MSA/running/NeonDisco-outputs/MYBRCA-n990-dataset-awsbatch-dualMode-ND-v0-2-2-RERUN-FINAL-v5/254T/POST-IN-SILICO-VALIDATION-TSV-out/validated-agfusion-dirs/
254T	hla_tsv	s3://crmy-gb-main/neondisco/main-analyses/MSA/running/NeonDisco-outputs/MYBRCA-n990-dataset-awsbatch-dualMode-ND-v0-2-2-RERUN-FINAL-v5/Cohortwide-HLA-typing-OUT/Cohortwide_HLA_types.tsv
255T	agfusion_dir	s3://crmy-gb-main/neondisco/main-analyses/MSA/running/NeonDisco-outputs/MYBRCA-n990-dataset-awsbatch-dualMode-ND-v0-2-2-RERUN-FINAL-v5/255T/POST-IN-SILICO-VALIDATION-TSV-out/validated-agfusion-dirs/
255T	hla_tsv	s3://crmy-gb-main/neondisco/main-analyses/MSA/running/NeonDisco-outputs/MYBRCA-n990-dataset-awsbatch-dualMode-ND-v0-2-2-RERUN-FINAL-v5/Cohortwide-HLA-typing-OUT/Cohortwide_HLA_types.tsv
256T	agfusion_dir	s3://crmy-gb-main/neondisco/main-analyses/MSA/running/NeonDisco-outputs/MYBRCA-n990-dataset-awsbatch-dualMode-ND-v0-2-2-RERUN-FINAL-v5/256T/POST-IN-SILICO-VALIDATION-TSV-out/validated-agfusion-dirs/
256T	hla_tsv	s3://crmy-gb-main/neondisco/main-analyses/MSA/running/NeonDisco-outputs/MYBRCA-n990-dataset-awsbatch-dualMode-ND-v0-2-2-RERUN-FINAL-v5/Cohortwide-HLA-typing-OUT/Cohortwide_HLA_types.tsv
257T	agfusion_dir	s3://crmy-gb-main/neondisco/main-analyses/MSA/running/NeonDisco-outputs/MYBRCA-n990-dataset-awsbatch-dualMode-ND-v0-2-2-RERUN-FINAL-v5/257T/POST-IN-SILICO-VALIDATION-TSV-out/validated-agfusion-dirs/
257T	hla_tsv	s3://crmy-gb-main/neondisco/main-analyses/MSA/running/NeonDisco-outputs/MYBRCA-n990-dataset-awsbatch-dualMode-ND-v0-2-2-RERUN-FINAL-v5/Cohortwide-HLA-typing-OUT/Cohortwide_HLA_types.tsv
258T	agfusion_dir	s3://crmy-gb-main/neondisco/main-analyses/MSA/running/NeonDisco-outputs/MYBRCA-n990-dataset-awsbatch-dualMode-ND-v0-2-2-RERUN-FINAL-v5/258T/POST-IN-SILICO-VALIDATION-TSV-out/validated-agfusion-dirs/
258T	hla_tsv	s3://crmy-gb-main/neondisco/main-analyses/MSA/running/NeonDisco-outputs/MYBRCA-n990-dataset-awsbatch-dualMode-ND-v0-2-2-RERUN-FINAL-v5/Cohortwide-HLA-typing-OUT/Cohortwide_HLA_types.tsv
259T	agfusion_dir	s3://crmy-gb-main/neondisco/main-analyses/MSA/running/NeonDisco-outputs/MYBRCA-n990-dataset-awsbatch-dualMode-ND-v0-2-2-RERUN-FINAL-v5/259T/POST-IN-SILICO-VALIDATION-TSV-out/validated-agfusion-dirs/
259T	hla_tsv	s3://crmy-gb-main/neondisco/main-analyses/MSA/running/NeonDisco-outputs/MYBRCA-n990-dataset-awsbatch-dualMode-ND-v0-2-2-RERUN-FINAL-v5/Cohortwide-HLA-typing-OUT/Cohortwide_HLA_types.tsv
25T	agfusion_dir	s3://crmy-gb-main/neondisco/main-analyses/MSA/running/NeonDisco-outputs/MYBRCA-n990-dataset-awsbatch-dualMode-ND-v0-2-2-RERUN-FINAL-v5/25T/POST-IN-SILICO-VALIDATION-TSV-out/validated-agfusion-dirs/
25T	hla_tsv	s3://crmy-gb-main/neondisco/main-analyses/MSA/running/NeonDisco-outputs/MYBRCA-n990-dataset-awsbatch-dualMode-ND-v0-2-2-RERUN-FINAL-v5/Cohortwide-HLA-typing-OUT/Cohortwide_HLA_types.tsv
260T	agfusion_dir	s3://crmy-gb-main/neondisco/main-analyses/MSA/running/NeonDisco-outputs/MYBRCA-n990-dataset-awsbatch-dualMode-ND-v0-2-2-RERUN-FINAL-v5/260T/POST-IN-SILICO-VALIDATION-TSV-out/validated-agfusion-dirs/
260T	hla_tsv	s3://crmy-gb-main/neondisco/main-analyses/MSA/running/NeonDisco-outputs/MYBRCA-n990-dataset-awsbatch-dualMode-ND-v0-2-2-RERUN-FINAL-v5/Cohortwide-HLA-typing-OUT/Cohortwide_HLA_types.tsv
261T	agfusion_dir	s3://crmy-gb-main/neondisco/main-analyses/MSA/running/NeonDisco-outputs/MYBRCA-n990-dataset-awsbatch-dualMode-ND-v0-2-2-RERUN-FINAL-v5/261T/POST-IN-SILICO-VALIDATION-TSV-out/validated-agfusion-dirs/
261T	hla_tsv	s3://crmy-gb-main/neondisco/main-analyses/MSA/running/NeonDisco-outputs/MYBRCA-n990-dataset-awsbatch-dualMode-ND-v0-2-2-RERUN-FINAL-v5/Cohortwide-HLA-typing-OUT/Cohortwide_HLA_types.tsv
262T	agfusion_dir	s3://crmy-gb-main/neondisco/main-analyses/MSA/running/NeonDisco-outputs/MYBRCA-n990-dataset-awsbatch-dualMode-ND-v0-2-2-RERUN-FINAL-v5/262T/POST-IN-SILICO-VALIDATION-TSV-out/validated-agfusion-dirs/
262T	hla_tsv	s3://crmy-gb-main/neondisco/main-analyses/MSA/running/NeonDisco-outputs/MYBRCA-n990-dataset-awsbatch-dualMode-ND-v0-2-2-RERUN-FINAL-v5/Cohortwide-HLA-typing-OUT/Cohortwide_HLA_types.tsv
263T	agfusion_dir	s3://crmy-gb-main/neondisco/main-analyses/MSA/running/NeonDisco-outputs/MYBRCA-n990-dataset-awsbatch-dualMode-ND-v0-2-2-RERUN-FINAL-v5/263T/POST-IN-SILICO-VALIDATION-TSV-out/validated-agfusion-dirs/
263T	hla_tsv	s3://crmy-gb-main/neondisco/main-analyses/MSA/running/NeonDisco-outputs/MYBRCA-n990-dataset-awsbatch-dualMode-ND-v0-2-2-RERUN-FINAL-v5/Cohortwide-HLA-typing-OUT/Cohortwide_HLA_types.tsv
264T	agfusion_dir	s3://crmy-gb-main/neondisco/main-analyses/MSA/running/NeonDisco-outputs/MYBRCA-n990-dataset-awsbatch-dualMode-ND-v0-2-2-RERUN-FINAL-v5/264T/POST-IN-SILICO-VALIDATION-TSV-out/validated-agfusion-dirs/
264T	hla_tsv	s3://crmy-gb-main/neondisco/main-analyses/MSA/running/NeonDisco-outputs/MYBRCA-n990-dataset-awsbatch-dualMode-ND-v0-2-2-RERUN-FINAL-v5/Cohortwide-HLA-typing-OUT/Cohortwide_HLA_types.tsv
265T	agfusion_dir	s3://crmy-gb-main/neondisco/main-analyses/MSA/running/NeonDisco-outputs/MYBRCA-n990-dataset-awsbatch-dualMode-ND-v0-2-2-RERUN-FINAL-v5/265T/POST-IN-SILICO-VALIDATION-TSV-out/validated-agfusion-dirs/
265T	hla_tsv	s3://crmy-gb-main/neondisco/main-analyses/MSA/running/NeonDisco-outputs/MYBRCA-n990-dataset-awsbatch-dualMode-ND-v0-2-2-RERUN-FINAL-v5/Cohortwide-HLA-typing-OUT/Cohortwide_HLA_types.tsv
266T	agfusion_dir	s3://crmy-gb-main/neondisco/main-analyses/MSA/running/NeonDisco-outputs/MYBRCA-n990-dataset-awsbatch-dualMode-ND-v0-2-2-RERUN-FINAL-v5/266T/POST-IN-SILICO-VALIDATION-TSV-out/validated-agfusion-dirs/
266T	hla_tsv	s3://crmy-gb-main/neondisco/main-analyses/MSA/running/NeonDisco-outputs/MYBRCA-n990-dataset-awsbatch-dualMode-ND-v0-2-2-RERUN-FINAL-v5/Cohortwide-HLA-typing-OUT/Cohortwide_HLA_types.tsv
267T	agfusion_dir	s3://crmy-gb-main/neondisco/main-analyses/MSA/running/NeonDisco-outputs/MYBRCA-n990-dataset-awsbatch-dualMode-ND-v0-2-2-RERUN-FINAL-v5/267T/POST-IN-SILICO-VALIDATION-TSV-out/validated-agfusion-dirs/
267T	hla_tsv	s3://crmy-gb-main/neondisco/main-analyses/MSA/running/NeonDisco-outputs/MYBRCA-n990-dataset-awsbatch-dualMode-ND-v0-2-2-RERUN-FINAL-v5/Cohortwide-HLA-typing-OUT/Cohortwide_HLA_types.tsv
268T	agfusion_dir	s3://crmy-gb-main/neondisco/main-analyses/MSA/running/NeonDisco-outputs/MYBRCA-n990-dataset-awsbatch-dualMode-ND-v0-2-2-RERUN-FINAL-v5/268T/POST-IN-SILICO-VALIDATION-TSV-out/validated-agfusion-dirs/
268T	hla_tsv	s3://crmy-gb-main/neondisco/main-analyses/MSA/running/NeonDisco-outputs/MYBRCA-n990-dataset-awsbatch-dualMode-ND-v0-2-2-RERUN-FINAL-v5/Cohortwide-HLA-typing-OUT/Cohortwide_HLA_types.tsv
269T	agfusion_dir	s3://crmy-gb-main/neondisco/main-analyses/MSA/running/NeonDisco-outputs/MYBRCA-n990-dataset-awsbatch-dualMode-ND-v0-2-2-RERUN-FINAL-v5/269T/POST-IN-SILICO-VALIDATION-TSV-out/validated-agfusion-dirs/
269T	hla_tsv	s3://crmy-gb-main/neondisco/main-analyses/MSA/running/NeonDisco-outputs/MYBRCA-n990-dataset-awsbatch-dualMode-ND-v0-2-2-RERUN-FINAL-v5/Cohortwide-HLA-typing-OUT/Cohortwide_HLA_types.tsv
26T	agfusion_dir	s3://crmy-gb-main/neondisco/main-analyses/MSA/running/NeonDisco-outputs/MYBRCA-n990-dataset-awsbatch-dualMode-ND-v0-2-2-RERUN-FINAL-v5/26T/POST-IN-SILICO-VALIDATION-TSV-out/validated-agfusion-dirs/
26T	hla_tsv	s3://crmy-gb-main/neondisco/main-analyses/MSA/running/NeonDisco-outputs/MYBRCA-n990-dataset-awsbatch-dualMode-ND-v0-2-2-RERUN-FINAL-v5/Cohortwide-HLA-typing-OUT/Cohortwide_HLA_types.tsv
270T	agfusion_dir	s3://crmy-gb-main/neondisco/main-analyses/MSA/running/NeonDisco-outputs/MYBRCA-n990-dataset-awsbatch-dualMode-ND-v0-2-2-RERUN-FINAL-v5/270T/POST-IN-SILICO-VALIDATION-TSV-out/validated-agfusion-dirs/
270T	hla_tsv	s3://crmy-gb-main/neondisco/main-analyses/MSA/running/NeonDisco-outputs/MYBRCA-n990-dataset-awsbatch-dualMode-ND-v0-2-2-RERUN-FINAL-v5/Cohortwide-HLA-typing-OUT/Cohortwide_HLA_types.tsv
271T	agfusion_dir	s3://crmy-gb-main/neondisco/main-analyses/MSA/running/NeonDisco-outputs/MYBRCA-n990-dataset-awsbatch-dualMode-ND-v0-2-2-RERUN-FINAL-v5/271T/POST-IN-SILICO-VALIDATION-TSV-out/validated-agfusion-dirs/
271T	hla_tsv	s3://crmy-gb-main/neondisco/main-analyses/MSA/running/NeonDisco-outputs/MYBRCA-n990-dataset-awsbatch-dualMode-ND-v0-2-2-RERUN-FINAL-v5/Cohortwide-HLA-typing-OUT/Cohortwide_HLA_types.tsv
272T	agfusion_dir	s3://crmy-gb-main/neondisco/main-analyses/MSA/running/NeonDisco-outputs/MYBRCA-n990-dataset-awsbatch-dualMode-ND-v0-2-2-RERUN-FINAL-v5/272T/POST-IN-SILICO-VALIDATION-TSV-out/validated-agfusion-dirs/
272T	hla_tsv	s3://crmy-gb-main/neondisco/main-analyses/MSA/running/NeonDisco-outputs/MYBRCA-n990-dataset-awsbatch-dualMode-ND-v0-2-2-RERUN-FINAL-v5/Cohortwide-HLA-typing-OUT/Cohortwide_HLA_types.tsv
273T	agfusion_dir	s3://crmy-gb-main/neondisco/main-analyses/MSA/running/NeonDisco-outputs/MYBRCA-n990-dataset-awsbatch-dualMode-ND-v0-2-2-RERUN-FINAL-v5/273T/POST-IN-SILICO-VALIDATION-TSV-out/validated-agfusion-dirs/
273T	hla_tsv	s3://crmy-gb-main/neondisco/main-analyses/MSA/running/NeonDisco-outputs/MYBRCA-n990-dataset-awsbatch-dualMode-ND-v0-2-2-RERUN-FINAL-v5/Cohortwide-HLA-typing-OUT/Cohortwide_HLA_types.tsv
274T	agfusion_dir	s3://crmy-gb-main/neondisco/main-analyses/MSA/running/NeonDisco-outputs/MYBRCA-n990-dataset-awsbatch-dualMode-ND-v0-2-2-RERUN-FINAL-v5/274T/POST-IN-SILICO-VALIDATION-TSV-out/validated-agfusion-dirs/
274T	hla_tsv	s3://crmy-gb-main/neondisco/main-analyses/MSA/running/NeonDisco-outputs/MYBRCA-n990-dataset-awsbatch-dualMode-ND-v0-2-2-RERUN-FINAL-v5/Cohortwide-HLA-typing-OUT/Cohortwide_HLA_types.tsv
275T	agfusion_dir	s3://crmy-gb-main/neondisco/main-analyses/MSA/running/NeonDisco-outputs/MYBRCA-n990-dataset-awsbatch-dualMode-ND-v0-2-2-RERUN-FINAL-v5/275T/POST-IN-SILICO-VALIDATION-TSV-out/validated-agfusion-dirs/
275T	hla_tsv	s3://crmy-gb-main/neondisco/main-analyses/MSA/running/NeonDisco-outputs/MYBRCA-n990-dataset-awsbatch-dualMode-ND-v0-2-2-RERUN-FINAL-v5/Cohortwide-HLA-typing-OUT/Cohortwide_HLA_types.tsv
276T	agfusion_dir	s3://crmy-gb-main/neondisco/main-analyses/MSA/running/NeonDisco-outputs/MYBRCA-n990-dataset-awsbatch-dualMode-ND-v0-2-2-RERUN-FINAL-v5/276T/POST-IN-SILICO-VALIDATION-TSV-out/validated-agfusion-dirs/
276T	hla_tsv	s3://crmy-gb-main/neondisco/main-analyses/MSA/running/NeonDisco-outputs/MYBRCA-n990-dataset-awsbatch-dualMode-ND-v0-2-2-RERUN-FINAL-v5/Cohortwide-HLA-typing-OUT/Cohortwide_HLA_types.tsv
277T	agfusion_dir	s3://crmy-gb-main/neondisco/main-analyses/MSA/running/NeonDisco-outputs/MYBRCA-n990-dataset-awsbatch-dualMode-ND-v0-2-2-RERUN-FINAL-v5/277T/POST-IN-SILICO-VALIDATION-TSV-out/validated-agfusion-dirs/
277T	hla_tsv	s3://crmy-gb-main/neondisco/main-analyses/MSA/running/NeonDisco-outputs/MYBRCA-n990-dataset-awsbatch-dualMode-ND-v0-2-2-RERUN-FINAL-v5/Cohortwide-HLA-typing-OUT/Cohortwide_HLA_types.tsv
278T	agfusion_dir	s3://crmy-gb-main/neondisco/main-analyses/MSA/running/NeonDisco-outputs/MYBRCA-n990-dataset-awsbatch-dualMode-ND-v0-2-2-RERUN-FINAL-v5/278T/POST-IN-SILICO-VALIDATION-TSV-out/validated-agfusion-dirs/
278T	hla_tsv	s3://crmy-gb-main/neondisco/main-analyses/MSA/running/NeonDisco-outputs/MYBRCA-n990-dataset-awsbatch-dualMode-ND-v0-2-2-RERUN-FINAL-v5/Cohortwide-HLA-typing-OUT/Cohortwide_HLA_types.tsv
279T	agfusion_dir	s3://crmy-gb-main/neondisco/main-analyses/MSA/running/NeonDisco-outputs/MYBRCA-n990-dataset-awsbatch-dualMode-ND-v0-2-2-RERUN-FINAL-v5/279T/POST-IN-SILICO-VALIDATION-TSV-out/validated-agfusion-dirs/
279T	hla_tsv	s3://crmy-gb-main/neondisco/main-analyses/MSA/running/NeonDisco-outputs/MYBRCA-n990-dataset-awsbatch-dualMode-ND-v0-2-2-RERUN-FINAL-v5/Cohortwide-HLA-typing-OUT/Cohortwide_HLA_types.tsv
27T	agfusion_dir	s3://crmy-gb-main/neondisco/main-analyses/MSA/running/NeonDisco-outputs/MYBRCA-n990-dataset-awsbatch-dualMode-ND-v0-2-2-RERUN-FINAL-v5/27T/POST-IN-SILICO-VALIDATION-TSV-out/validated-agfusion-dirs/
27T	hla_tsv	s3://crmy-gb-main/neondisco/main-analyses/MSA/running/NeonDisco-outputs/MYBRCA-n990-dataset-awsbatch-dualMode-ND-v0-2-2-RERUN-FINAL-v5/Cohortwide-HLA-typing-OUT/Cohortwide_HLA_types.tsv
280T	agfusion_dir	s3://crmy-gb-main/neondisco/main-analyses/MSA/running/NeonDisco-outputs/MYBRCA-n990-dataset-awsbatch-dualMode-ND-v0-2-2-RERUN-FINAL-v5/280T/POST-IN-SILICO-VALIDATION-TSV-out/validated-agfusion-dirs/
280T	hla_tsv	s3://crmy-gb-main/neondisco/main-analyses/MSA/running/NeonDisco-outputs/MYBRCA-n990-dataset-awsbatch-dualMode-ND-v0-2-2-RERUN-FINAL-v5/Cohortwide-HLA-typing-OUT/Cohortwide_HLA_types.tsv
281T	agfusion_dir	s3://crmy-gb-main/neondisco/main-analyses/MSA/running/NeonDisco-outputs/MYBRCA-n990-dataset-awsbatch-dualMode-ND-v0-2-2-RERUN-FINAL-v5/281T/POST-IN-SILICO-VALIDATION-TSV-out/validated-agfusion-dirs/
281T	hla_tsv	s3://crmy-gb-main/neondisco/main-analyses/MSA/running/NeonDisco-outputs/MYBRCA-n990-dataset-awsbatch-dualMode-ND-v0-2-2-RERUN-FINAL-v5/Cohortwide-HLA-typing-OUT/Cohortwide_HLA_types.tsv
282T	agfusion_dir	s3://crmy-gb-main/neondisco/main-analyses/MSA/running/NeonDisco-outputs/MYBRCA-n990-dataset-awsbatch-dualMode-ND-v0-2-2-RERUN-FINAL-v5/282T/POST-IN-SILICO-VALIDATION-TSV-out/validated-agfusion-dirs/
282T	hla_tsv	s3://crmy-gb-main/neondisco/main-analyses/MSA/running/NeonDisco-outputs/MYBRCA-n990-dataset-awsbatch-dualMode-ND-v0-2-2-RERUN-FINAL-v5/Cohortwide-HLA-typing-OUT/Cohortwide_HLA_types.tsv
283T	agfusion_dir	s3://crmy-gb-main/neondisco/main-analyses/MSA/running/NeonDisco-outputs/MYBRCA-n990-dataset-awsbatch-dualMode-ND-v0-2-2-RERUN-FINAL-v5/283T/POST-IN-SILICO-VALIDATION-TSV-out/validated-agfusion-dirs/
283T	hla_tsv	s3://crmy-gb-main/neondisco/main-analyses/MSA/running/NeonDisco-outputs/MYBRCA-n990-dataset-awsbatch-dualMode-ND-v0-2-2-RERUN-FINAL-v5/Cohortwide-HLA-typing-OUT/Cohortwide_HLA_types.tsv
284T	agfusion_dir	s3://crmy-gb-main/neondisco/main-analyses/MSA/running/NeonDisco-outputs/MYBRCA-n990-dataset-awsbatch-dualMode-ND-v0-2-2-RERUN-FINAL-v5/284T/POST-IN-SILICO-VALIDATION-TSV-out/validated-agfusion-dirs/
284T	hla_tsv	s3://crmy-gb-main/neondisco/main-analyses/MSA/running/NeonDisco-outputs/MYBRCA-n990-dataset-awsbatch-dualMode-ND-v0-2-2-RERUN-FINAL-v5/Cohortwide-HLA-typing-OUT/Cohortwide_HLA_types.tsv
285T	agfusion_dir	s3://crmy-gb-main/neondisco/main-analyses/MSA/running/NeonDisco-outputs/MYBRCA-n990-dataset-awsbatch-dualMode-ND-v0-2-2-RERUN-FINAL-v5/285T/POST-IN-SILICO-VALIDATION-TSV-out/validated-agfusion-dirs/
285T	hla_tsv	s3://crmy-gb-main/neondisco/main-analyses/MSA/running/NeonDisco-outputs/MYBRCA-n990-dataset-awsbatch-dualMode-ND-v0-2-2-RERUN-FINAL-v5/Cohortwide-HLA-typing-OUT/Cohortwide_HLA_types.tsv
286T	agfusion_dir	s3://crmy-gb-main/neondisco/main-analyses/MSA/running/NeonDisco-outputs/MYBRCA-n990-dataset-awsbatch-dualMode-ND-v0-2-2-RERUN-FINAL-v5/286T/POST-IN-SILICO-VALIDATION-TSV-out/validated-agfusion-dirs/
286T	hla_tsv	s3://crmy-gb-main/neondisco/main-analyses/MSA/running/NeonDisco-outputs/MYBRCA-n990-dataset-awsbatch-dualMode-ND-v0-2-2-RERUN-FINAL-v5/Cohortwide-HLA-typing-OUT/Cohortwide_HLA_types.tsv
287T	agfusion_dir	s3://crmy-gb-main/neondisco/main-analyses/MSA/running/NeonDisco-outputs/MYBRCA-n990-dataset-awsbatch-dualMode-ND-v0-2-2-RERUN-FINAL-v5/287T/POST-IN-SILICO-VALIDATION-TSV-out/validated-agfusion-dirs/
287T	hla_tsv	s3://crmy-gb-main/neondisco/main-analyses/MSA/running/NeonDisco-outputs/MYBRCA-n990-dataset-awsbatch-dualMode-ND-v0-2-2-RERUN-FINAL-v5/Cohortwide-HLA-typing-OUT/Cohortwide_HLA_types.tsv
288T	agfusion_dir	s3://crmy-gb-main/neondisco/main-analyses/MSA/running/NeonDisco-outputs/MYBRCA-n990-dataset-awsbatch-dualMode-ND-v0-2-2-RERUN-FINAL-v5/288T/POST-IN-SILICO-VALIDATION-TSV-out/validated-agfusion-dirs/
288T	hla_tsv	s3://crmy-gb-main/neondisco/main-analyses/MSA/running/NeonDisco-outputs/MYBRCA-n990-dataset-awsbatch-dualMode-ND-v0-2-2-RERUN-FINAL-v5/Cohortwide-HLA-typing-OUT/Cohortwide_HLA_types.tsv
289T	agfusion_dir	s3://crmy-gb-main/neondisco/main-analyses/MSA/running/NeonDisco-outputs/MYBRCA-n990-dataset-awsbatch-dualMode-ND-v0-2-2-RERUN-FINAL-v5/289T/POST-IN-SILICO-VALIDATION-TSV-out/validated-agfusion-dirs/
289T	hla_tsv	s3://crmy-gb-main/neondisco/main-analyses/MSA/running/NeonDisco-outputs/MYBRCA-n990-dataset-awsbatch-dualMode-ND-v0-2-2-RERUN-FINAL-v5/Cohortwide-HLA-typing-OUT/Cohortwide_HLA_types.tsv
28T	agfusion_dir	s3://crmy-gb-main/neondisco/main-analyses/MSA/running/NeonDisco-outputs/MYBRCA-n990-dataset-awsbatch-dualMode-ND-v0-2-2-RERUN-FINAL-v5/28T/POST-IN-SILICO-VALIDATION-TSV-out/validated-agfusion-dirs/
28T	hla_tsv	s3://crmy-gb-main/neondisco/main-analyses/MSA/running/NeonDisco-outputs/MYBRCA-n990-dataset-awsbatch-dualMode-ND-v0-2-2-RERUN-FINAL-v5/Cohortwide-HLA-typing-OUT/Cohortwide_HLA_types.tsv
290T	agfusion_dir	s3://crmy-gb-main/neondisco/main-analyses/MSA/running/NeonDisco-outputs/MYBRCA-n990-dataset-awsbatch-dualMode-ND-v0-2-2-RERUN-FINAL-v5/290T/POST-IN-SILICO-VALIDATION-TSV-out/validated-agfusion-dirs/
290T	hla_tsv	s3://crmy-gb-main/neondisco/main-analyses/MSA/running/NeonDisco-outputs/MYBRCA-n990-dataset-awsbatch-dualMode-ND-v0-2-2-RERUN-FINAL-v5/Cohortwide-HLA-typing-OUT/Cohortwide_HLA_types.tsv
291T	agfusion_dir	s3://crmy-gb-main/neondisco/main-analyses/MSA/running/NeonDisco-outputs/MYBRCA-n990-dataset-awsbatch-dualMode-ND-v0-2-2-RERUN-FINAL-v5/291T/POST-IN-SILICO-VALIDATION-TSV-out/validated-agfusion-dirs/
291T	hla_tsv	s3://crmy-gb-main/neondisco/main-analyses/MSA/running/NeonDisco-outputs/MYBRCA-n990-dataset-awsbatch-dualMode-ND-v0-2-2-RERUN-FINAL-v5/Cohortwide-HLA-typing-OUT/Cohortwide_HLA_types.tsv
292T	agfusion_dir	s3://crmy-gb-main/neondisco/main-analyses/MSA/running/NeonDisco-outputs/MYBRCA-n990-dataset-awsbatch-dualMode-ND-v0-2-2-RERUN-FINAL-v5/292T/POST-IN-SILICO-VALIDATION-TSV-out/validated-agfusion-dirs/
292T	hla_tsv	s3://crmy-gb-main/neondisco/main-analyses/MSA/running/NeonDisco-outputs/MYBRCA-n990-dataset-awsbatch-dualMode-ND-v0-2-2-RERUN-FINAL-v5/Cohortwide-HLA-typing-OUT/Cohortwide_HLA_types.tsv
293T	agfusion_dir	s3://crmy-gb-main/neondisco/main-analyses/MSA/running/NeonDisco-outputs/MYBRCA-n990-dataset-awsbatch-dualMode-ND-v0-2-2-RERUN-FINAL-v5/293T/POST-IN-SILICO-VALIDATION-TSV-out/validated-agfusion-dirs/
293T	hla_tsv	s3://crmy-gb-main/neondisco/main-analyses/MSA/running/NeonDisco-outputs/MYBRCA-n990-dataset-awsbatch-dualMode-ND-v0-2-2-RERUN-FINAL-v5/Cohortwide-HLA-typing-OUT/Cohortwide_HLA_types.tsv
294T	agfusion_dir	s3://crmy-gb-main/neondisco/main-analyses/MSA/running/NeonDisco-outputs/MYBRCA-n990-dataset-awsbatch-dualMode-ND-v0-2-2-RERUN-FINAL-v5/294T/POST-IN-SILICO-VALIDATION-TSV-out/validated-agfusion-dirs/
294T	hla_tsv	s3://crmy-gb-main/neondisco/main-analyses/MSA/running/NeonDisco-outputs/MYBRCA-n990-dataset-awsbatch-dualMode-ND-v0-2-2-RERUN-FINAL-v5/Cohortwide-HLA-typing-OUT/Cohortwide_HLA_types.tsv
295T	agfusion_dir	s3://crmy-gb-main/neondisco/main-analyses/MSA/running/NeonDisco-outputs/MYBRCA-n990-dataset-awsbatch-dualMode-ND-v0-2-2-RERUN-FINAL-v5/295T/POST-IN-SILICO-VALIDATION-TSV-out/validated-agfusion-dirs/
295T	hla_tsv	s3://crmy-gb-main/neondisco/main-analyses/MSA/running/NeonDisco-outputs/MYBRCA-n990-dataset-awsbatch-dualMode-ND-v0-2-2-RERUN-FINAL-v5/Cohortwide-HLA-typing-OUT/Cohortwide_HLA_types.tsv
296T	agfusion_dir	s3://crmy-gb-main/neondisco/main-analyses/MSA/running/NeonDisco-outputs/MYBRCA-n990-dataset-awsbatch-dualMode-ND-v0-2-2-RERUN-FINAL-v5/296T/POST-IN-SILICO-VALIDATION-TSV-out/validated-agfusion-dirs/
296T	hla_tsv	s3://crmy-gb-main/neondisco/main-analyses/MSA/running/NeonDisco-outputs/MYBRCA-n990-dataset-awsbatch-dualMode-ND-v0-2-2-RERUN-FINAL-v5/Cohortwide-HLA-typing-OUT/Cohortwide_HLA_types.tsv
297T	agfusion_dir	s3://crmy-gb-main/neondisco/main-analyses/MSA/running/NeonDisco-outputs/MYBRCA-n990-dataset-awsbatch-dualMode-ND-v0-2-2-RERUN-FINAL-v5/297T/POST-IN-SILICO-VALIDATION-TSV-out/validated-agfusion-dirs/
297T	hla_tsv	s3://crmy-gb-main/neondisco/main-analyses/MSA/running/NeonDisco-outputs/MYBRCA-n990-dataset-awsbatch-dualMode-ND-v0-2-2-RERUN-FINAL-v5/Cohortwide-HLA-typing-OUT/Cohortwide_HLA_types.tsv
298T	agfusion_dir	s3://crmy-gb-main/neondisco/main-analyses/MSA/running/NeonDisco-outputs/MYBRCA-n990-dataset-awsbatch-dualMode-ND-v0-2-2-RERUN-FINAL-v5/298T/POST-IN-SILICO-VALIDATION-TSV-out/validated-agfusion-dirs/
298T	hla_tsv	s3://crmy-gb-main/neondisco/main-analyses/MSA/running/NeonDisco-outputs/MYBRCA-n990-dataset-awsbatch-dualMode-ND-v0-2-2-RERUN-FINAL-v5/Cohortwide-HLA-typing-OUT/Cohortwide_HLA_types.tsv
299T	agfusion_dir	s3://crmy-gb-main/neondisco/main-analyses/MSA/running/NeonDisco-outputs/MYBRCA-n990-dataset-awsbatch-dualMode-ND-v0-2-2-RERUN-FINAL-v5/299T/POST-IN-SILICO-VALIDATION-TSV-out/validated-agfusion-dirs/
299T	hla_tsv	s3://crmy-gb-main/neondisco/main-analyses/MSA/running/NeonDisco-outputs/MYBRCA-n990-dataset-awsbatch-dualMode-ND-v0-2-2-RERUN-FINAL-v5/Cohortwide-HLA-typing-OUT/Cohortwide_HLA_types.tsv
29T	agfusion_dir	s3://crmy-gb-main/neondisco/main-analyses/MSA/running/NeonDisco-outputs/MYBRCA-n990-dataset-awsbatch-dualMode-ND-v0-2-2-RERUN-FINAL-v5/29T/POST-IN-SILICO-VALIDATION-TSV-out/validated-agfusion-dirs/
29T	hla_tsv	s3://crmy-gb-main/neondisco/main-analyses/MSA/running/NeonDisco-outputs/MYBRCA-n990-dataset-awsbatch-dualMode-ND-v0-2-2-RERUN-FINAL-v5/Cohortwide-HLA-typing-OUT/Cohortwide_HLA_types.tsv
2T	agfusion_dir	s3://crmy-gb-main/neondisco/main-analyses/MSA/running/NeonDisco-outputs/MYBRCA-n990-dataset-awsbatch-dualMode-ND-v0-2-2-RERUN-FINAL-v5/2T/POST-IN-SILICO-VALIDATION-TSV-out/validated-agfusion-dirs/
2T	hla_tsv	s3://crmy-gb-main/neondisco/main-analyses/MSA/running/NeonDisco-outputs/MYBRCA-n990-dataset-awsbatch-dualMode-ND-v0-2-2-RERUN-FINAL-v5/Cohortwide-HLA-typing-OUT/Cohortwide_HLA_types.tsv
300T	agfusion_dir	s3://crmy-gb-main/neondisco/main-analyses/MSA/running/NeonDisco-outputs/MYBRCA-n990-dataset-awsbatch-dualMode-ND-v0-2-2-RERUN-FINAL-v5/300T/POST-IN-SILICO-VALIDATION-TSV-out/validated-agfusion-dirs/
300T	hla_tsv	s3://crmy-gb-main/neondisco/main-analyses/MSA/running/NeonDisco-outputs/MYBRCA-n990-dataset-awsbatch-dualMode-ND-v0-2-2-RERUN-FINAL-v5/Cohortwide-HLA-typing-OUT/Cohortwide_HLA_types.tsv
301T	agfusion_dir	s3://crmy-gb-main/neondisco/main-analyses/MSA/running/NeonDisco-outputs/MYBRCA-n990-dataset-awsbatch-dualMode-ND-v0-2-2-RERUN-FINAL-v5/301T/POST-IN-SILICO-VALIDATION-TSV-out/validated-agfusion-dirs/
301T	hla_tsv	s3://crmy-gb-main/neondisco/main-analyses/MSA/running/NeonDisco-outputs/MYBRCA-n990-dataset-awsbatch-dualMode-ND-v0-2-2-RERUN-FINAL-v5/Cohortwide-HLA-typing-OUT/Cohortwide_HLA_types.tsv
302T	agfusion_dir	s3://crmy-gb-main/neondisco/main-analyses/MSA/running/NeonDisco-outputs/MYBRCA-n990-dataset-awsbatch-dualMode-ND-v0-2-2-RERUN-FINAL-v5/302T/POST-IN-SILICO-VALIDATION-TSV-out/validated-agfusion-dirs/
302T	hla_tsv	s3://crmy-gb-main/neondisco/main-analyses/MSA/running/NeonDisco-outputs/MYBRCA-n990-dataset-awsbatch-dualMode-ND-v0-2-2-RERUN-FINAL-v5/Cohortwide-HLA-typing-OUT/Cohortwide_HLA_types.tsv
303T	agfusion_dir	s3://crmy-gb-main/neondisco/main-analyses/MSA/running/NeonDisco-outputs/MYBRCA-n990-dataset-awsbatch-dualMode-ND-v0-2-2-RERUN-FINAL-v5/303T/POST-IN-SILICO-VALIDATION-TSV-out/validated-agfusion-dirs/
303T	hla_tsv	s3://crmy-gb-main/neondisco/main-analyses/MSA/running/NeonDisco-outputs/MYBRCA-n990-dataset-awsbatch-dualMode-ND-v0-2-2-RERUN-FINAL-v5/Cohortwide-HLA-typing-OUT/Cohortwide_HLA_types.tsv
304T	agfusion_dir	s3://crmy-gb-main/neondisco/main-analyses/MSA/running/NeonDisco-outputs/MYBRCA-n990-dataset-awsbatch-dualMode-ND-v0-2-2-RERUN-FINAL-v5/304T/POST-IN-SILICO-VALIDATION-TSV-out/validated-agfusion-dirs/
304T	hla_tsv	s3://crmy-gb-main/neondisco/main-analyses/MSA/running/NeonDisco-outputs/MYBRCA-n990-dataset-awsbatch-dualMode-ND-v0-2-2-RERUN-FINAL-v5/Cohortwide-HLA-typing-OUT/Cohortwide_HLA_types.tsv
305T	agfusion_dir	s3://crmy-gb-main/neondisco/main-analyses/MSA/running/NeonDisco-outputs/MYBRCA-n990-dataset-awsbatch-dualMode-ND-v0-2-2-RERUN-FINAL-v5/305T/POST-IN-SILICO-VALIDATION-TSV-out/validated-agfusion-dirs/
305T	hla_tsv	s3://crmy-gb-main/neondisco/main-analyses/MSA/running/NeonDisco-outputs/MYBRCA-n990-dataset-awsbatch-dualMode-ND-v0-2-2-RERUN-FINAL-v5/Cohortwide-HLA-typing-OUT/Cohortwide_HLA_types.tsv
306T	agfusion_dir	s3://crmy-gb-main/neondisco/main-analyses/MSA/running/NeonDisco-outputs/MYBRCA-n990-dataset-awsbatch-dualMode-ND-v0-2-2-RERUN-FINAL-v5/306T/POST-IN-SILICO-VALIDATION-TSV-out/validated-agfusion-dirs/
306T	hla_tsv	s3://crmy-gb-main/neondisco/main-analyses/MSA/running/NeonDisco-outputs/MYBRCA-n990-dataset-awsbatch-dualMode-ND-v0-2-2-RERUN-FINAL-v5/Cohortwide-HLA-typing-OUT/Cohortwide_HLA_types.tsv
307T	agfusion_dir	s3://crmy-gb-main/neondisco/main-analyses/MSA/running/NeonDisco-outputs/MYBRCA-n990-dataset-awsbatch-dualMode-ND-v0-2-2-RERUN-FINAL-v5/307T/POST-IN-SILICO-VALIDATION-TSV-out/validated-agfusion-dirs/
307T	hla_tsv	s3://crmy-gb-main/neondisco/main-analyses/MSA/running/NeonDisco-outputs/MYBRCA-n990-dataset-awsbatch-dualMode-ND-v0-2-2-RERUN-FINAL-v5/Cohortwide-HLA-typing-OUT/Cohortwide_HLA_types.tsv
308T	agfusion_dir	s3://crmy-gb-main/neondisco/main-analyses/MSA/running/NeonDisco-outputs/MYBRCA-n990-dataset-awsbatch-dualMode-ND-v0-2-2-RERUN-FINAL-v5/308T/POST-IN-SILICO-VALIDATION-TSV-out/validated-agfusion-dirs/
308T	hla_tsv	s3://crmy-gb-main/neondisco/main-analyses/MSA/running/NeonDisco-outputs/MYBRCA-n990-dataset-awsbatch-dualMode-ND-v0-2-2-RERUN-FINAL-v5/Cohortwide-HLA-typing-OUT/Cohortwide_HLA_types.tsv
309T	agfusion_dir	s3://crmy-gb-main/neondisco/main-analyses/MSA/running/NeonDisco-outputs/MYBRCA-n990-dataset-awsbatch-dualMode-ND-v0-2-2-RERUN-FINAL-v5/309T/POST-IN-SILICO-VALIDATION-TSV-out/validated-agfusion-dirs/
309T	hla_tsv	s3://crmy-gb-main/neondisco/main-analyses/MSA/running/NeonDisco-outputs/MYBRCA-n990-dataset-awsbatch-dualMode-ND-v0-2-2-RERUN-FINAL-v5/Cohortwide-HLA-typing-OUT/Cohortwide_HLA_types.tsv
30T	agfusion_dir	s3://crmy-gb-main/neondisco/main-analyses/MSA/running/NeonDisco-outputs/MYBRCA-n990-dataset-awsbatch-dualMode-ND-v0-2-2-RERUN-FINAL-v5/30T/POST-IN-SILICO-VALIDATION-TSV-out/validated-agfusion-dirs/
30T	hla_tsv	s3://crmy-gb-main/neondisco/main-analyses/MSA/running/NeonDisco-outputs/MYBRCA-n990-dataset-awsbatch-dualMode-ND-v0-2-2-RERUN-FINAL-v5/Cohortwide-HLA-typing-OUT/Cohortwide_HLA_types.tsv
310T	agfusion_dir	s3://crmy-gb-main/neondisco/main-analyses/MSA/running/NeonDisco-outputs/MYBRCA-n990-dataset-awsbatch-dualMode-ND-v0-2-2-RERUN-FINAL-v5/310T/POST-IN-SILICO-VALIDATION-TSV-out/validated-agfusion-dirs/
310T	hla_tsv	s3://crmy-gb-main/neondisco/main-analyses/MSA/running/NeonDisco-outputs/MYBRCA-n990-dataset-awsbatch-dualMode-ND-v0-2-2-RERUN-FINAL-v5/Cohortwide-HLA-typing-OUT/Cohortwide_HLA_types.tsv
311T	agfusion_dir	s3://crmy-gb-main/neondisco/main-analyses/MSA/running/NeonDisco-outputs/MYBRCA-n990-dataset-awsbatch-dualMode-ND-v0-2-2-RERUN-FINAL-v5/311T/POST-IN-SILICO-VALIDATION-TSV-out/validated-agfusion-dirs/
311T	hla_tsv	s3://crmy-gb-main/neondisco/main-analyses/MSA/running/NeonDisco-outputs/MYBRCA-n990-dataset-awsbatch-dualMode-ND-v0-2-2-RERUN-FINAL-v5/Cohortwide-HLA-typing-OUT/Cohortwide_HLA_types.tsv
312T	agfusion_dir	s3://crmy-gb-main/neondisco/main-analyses/MSA/running/NeonDisco-outputs/MYBRCA-n990-dataset-awsbatch-dualMode-ND-v0-2-2-RERUN-FINAL-v5/312T/POST-IN-SILICO-VALIDATION-TSV-out/validated-agfusion-dirs/
312T	hla_tsv	s3://crmy-gb-main/neondisco/main-analyses/MSA/running/NeonDisco-outputs/MYBRCA-n990-dataset-awsbatch-dualMode-ND-v0-2-2-RERUN-FINAL-v5/Cohortwide-HLA-typing-OUT/Cohortwide_HLA_types.tsv
313T	agfusion_dir	s3://crmy-gb-main/neondisco/main-analyses/MSA/running/NeonDisco-outputs/MYBRCA-n990-dataset-awsbatch-dualMode-ND-v0-2-2-RERUN-FINAL-v5/313T/POST-IN-SILICO-VALIDATION-TSV-out/validated-agfusion-dirs/
313T	hla_tsv	s3://crmy-gb-main/neondisco/main-analyses/MSA/running/NeonDisco-outputs/MYBRCA-n990-dataset-awsbatch-dualMode-ND-v0-2-2-RERUN-FINAL-v5/Cohortwide-HLA-typing-OUT/Cohortwide_HLA_types.tsv
314T	agfusion_dir	s3://crmy-gb-main/neondisco/main-analyses/MSA/running/NeonDisco-outputs/MYBRCA-n990-dataset-awsbatch-dualMode-ND-v0-2-2-RERUN-FINAL-v5/314T/POST-IN-SILICO-VALIDATION-TSV-out/validated-agfusion-dirs/
314T	hla_tsv	s3://crmy-gb-main/neondisco/main-analyses/MSA/running/NeonDisco-outputs/MYBRCA-n990-dataset-awsbatch-dualMode-ND-v0-2-2-RERUN-FINAL-v5/Cohortwide-HLA-typing-OUT/Cohortwide_HLA_types.tsv
315T	agfusion_dir	s3://crmy-gb-main/neondisco/main-analyses/MSA/running/NeonDisco-outputs/MYBRCA-n990-dataset-awsbatch-dualMode-ND-v0-2-2-RERUN-FINAL-v5/315T/POST-IN-SILICO-VALIDATION-TSV-out/validated-agfusion-dirs/
315T	hla_tsv	s3://crmy-gb-main/neondisco/main-analyses/MSA/running/NeonDisco-outputs/MYBRCA-n990-dataset-awsbatch-dualMode-ND-v0-2-2-RERUN-FINAL-v5/Cohortwide-HLA-typing-OUT/Cohortwide_HLA_types.tsv
316T	agfusion_dir	s3://crmy-gb-main/neondisco/main-analyses/MSA/running/NeonDisco-outputs/MYBRCA-n990-dataset-awsbatch-dualMode-ND-v0-2-2-RERUN-FINAL-v5/316T/POST-IN-SILICO-VALIDATION-TSV-out/validated-agfusion-dirs/
316T	hla_tsv	s3://crmy-gb-main/neondisco/main-analyses/MSA/running/NeonDisco-outputs/MYBRCA-n990-dataset-awsbatch-dualMode-ND-v0-2-2-RERUN-FINAL-v5/Cohortwide-HLA-typing-OUT/Cohortwide_HLA_types.tsv
317T	agfusion_dir	s3://crmy-gb-main/neondisco/main-analyses/MSA/running/NeonDisco-outputs/MYBRCA-n990-dataset-awsbatch-dualMode-ND-v0-2-2-RERUN-FINAL-v5/317T/POST-IN-SILICO-VALIDATION-TSV-out/validated-agfusion-dirs/
317T	hla_tsv	s3://crmy-gb-main/neondisco/main-analyses/MSA/running/NeonDisco-outputs/MYBRCA-n990-dataset-awsbatch-dualMode-ND-v0-2-2-RERUN-FINAL-v5/Cohortwide-HLA-typing-OUT/Cohortwide_HLA_types.tsv
318T	agfusion_dir	s3://crmy-gb-main/neondisco/main-analyses/MSA/running/NeonDisco-outputs/MYBRCA-n990-dataset-awsbatch-dualMode-ND-v0-2-2-RERUN-FINAL-v5/318T/POST-IN-SILICO-VALIDATION-TSV-out/validated-agfusion-dirs/
318T	hla_tsv	s3://crmy-gb-main/neondisco/main-analyses/MSA/running/NeonDisco-outputs/MYBRCA-n990-dataset-awsbatch-dualMode-ND-v0-2-2-RERUN-FINAL-v5/Cohortwide-HLA-typing-OUT/Cohortwide_HLA_types.tsv
319T	agfusion_dir	s3://crmy-gb-main/neondisco/main-analyses/MSA/running/NeonDisco-outputs/MYBRCA-n990-dataset-awsbatch-dualMode-ND-v0-2-2-RERUN-FINAL-v5/319T/POST-IN-SILICO-VALIDATION-TSV-out/validated-agfusion-dirs/
319T	hla_tsv	s3://crmy-gb-main/neondisco/main-analyses/MSA/running/NeonDisco-outputs/MYBRCA-n990-dataset-awsbatch-dualMode-ND-v0-2-2-RERUN-FINAL-v5/Cohortwide-HLA-typing-OUT/Cohortwide_HLA_types.tsv
31T	agfusion_dir	s3://crmy-gb-main/neondisco/main-analyses/MSA/running/NeonDisco-outputs/MYBRCA-n990-dataset-awsbatch-dualMode-ND-v0-2-2-RERUN-FINAL-v5/31T/POST-IN-SILICO-VALIDATION-TSV-out/validated-agfusion-dirs/
31T	hla_tsv	s3://crmy-gb-main/neondisco/main-analyses/MSA/running/NeonDisco-outputs/MYBRCA-n990-dataset-awsbatch-dualMode-ND-v0-2-2-RERUN-FINAL-v5/Cohortwide-HLA-typing-OUT/Cohortwide_HLA_types.tsv
320T	agfusion_dir	s3://crmy-gb-main/neondisco/main-analyses/MSA/running/NeonDisco-outputs/MYBRCA-n990-dataset-awsbatch-dualMode-ND-v0-2-2-RERUN-FINAL-v5/320T/POST-IN-SILICO-VALIDATION-TSV-out/validated-agfusion-dirs/
320T	hla_tsv	s3://crmy-gb-main/neondisco/main-analyses/MSA/running/NeonDisco-outputs/MYBRCA-n990-dataset-awsbatch-dualMode-ND-v0-2-2-RERUN-FINAL-v5/Cohortwide-HLA-typing-OUT/Cohortwide_HLA_types.tsv
321T	agfusion_dir	s3://crmy-gb-main/neondisco/main-analyses/MSA/running/NeonDisco-outputs/MYBRCA-n990-dataset-awsbatch-dualMode-ND-v0-2-2-RERUN-FINAL-v5/321T/POST-IN-SILICO-VALIDATION-TSV-out/validated-agfusion-dirs/
321T	hla_tsv	s3://crmy-gb-main/neondisco/main-analyses/MSA/running/NeonDisco-outputs/MYBRCA-n990-dataset-awsbatch-dualMode-ND-v0-2-2-RERUN-FINAL-v5/Cohortwide-HLA-typing-OUT/Cohortwide_HLA_types.tsv
322T	agfusion_dir	s3://crmy-gb-main/neondisco/main-analyses/MSA/running/NeonDisco-outputs/MYBRCA-n990-dataset-awsbatch-dualMode-ND-v0-2-2-RERUN-FINAL-v5/322T/POST-IN-SILICO-VALIDATION-TSV-out/validated-agfusion-dirs/
322T	hla_tsv	s3://crmy-gb-main/neondisco/main-analyses/MSA/running/NeonDisco-outputs/MYBRCA-n990-dataset-awsbatch-dualMode-ND-v0-2-2-RERUN-FINAL-v5/Cohortwide-HLA-typing-OUT/Cohortwide_HLA_types.tsv
323T	agfusion_dir	s3://crmy-gb-main/neondisco/main-analyses/MSA/running/NeonDisco-outputs/MYBRCA-n990-dataset-awsbatch-dualMode-ND-v0-2-2-RERUN-FINAL-v5/323T/POST-IN-SILICO-VALIDATION-TSV-out/validated-agfusion-dirs/
323T	hla_tsv	s3://crmy-gb-main/neondisco/main-analyses/MSA/running/NeonDisco-outputs/MYBRCA-n990-dataset-awsbatch-dualMode-ND-v0-2-2-RERUN-FINAL-v5/Cohortwide-HLA-typing-OUT/Cohortwide_HLA_types.tsv
324T	agfusion_dir	s3://crmy-gb-main/neondisco/main-analyses/MSA/running/NeonDisco-outputs/MYBRCA-n990-dataset-awsbatch-dualMode-ND-v0-2-2-RERUN-FINAL-v5/324T/POST-IN-SILICO-VALIDATION-TSV-out/validated-agfusion-dirs/
324T	hla_tsv	s3://crmy-gb-main/neondisco/main-analyses/MSA/running/NeonDisco-outputs/MYBRCA-n990-dataset-awsbatch-dualMode-ND-v0-2-2-RERUN-FINAL-v5/Cohortwide-HLA-typing-OUT/Cohortwide_HLA_types.tsv
325T	agfusion_dir	s3://crmy-gb-main/neondisco/main-analyses/MSA/running/NeonDisco-outputs/MYBRCA-n990-dataset-awsbatch-dualMode-ND-v0-2-2-RERUN-FINAL-v5/325T/POST-IN-SILICO-VALIDATION-TSV-out/validated-agfusion-dirs/
325T	hla_tsv	s3://crmy-gb-main/neondisco/main-analyses/MSA/running/NeonDisco-outputs/MYBRCA-n990-dataset-awsbatch-dualMode-ND-v0-2-2-RERUN-FINAL-v5/Cohortwide-HLA-typing-OUT/Cohortwide_HLA_types.tsv
326T	agfusion_dir	s3://crmy-gb-main/neondisco/main-analyses/MSA/running/NeonDisco-outputs/MYBRCA-n990-dataset-awsbatch-dualMode-ND-v0-2-2-RERUN-FINAL-v5/326T/POST-IN-SILICO-VALIDATION-TSV-out/validated-agfusion-dirs/
326T	hla_tsv	s3://crmy-gb-main/neondisco/main-analyses/MSA/running/NeonDisco-outputs/MYBRCA-n990-dataset-awsbatch-dualMode-ND-v0-2-2-RERUN-FINAL-v5/Cohortwide-HLA-typing-OUT/Cohortwide_HLA_types.tsv
327T	agfusion_dir	s3://crmy-gb-main/neondisco/main-analyses/MSA/running/NeonDisco-outputs/MYBRCA-n990-dataset-awsbatch-dualMode-ND-v0-2-2-RERUN-FINAL-v5/327T/POST-IN-SILICO-VALIDATION-TSV-out/validated-agfusion-dirs/
327T	hla_tsv	s3://crmy-gb-main/neondisco/main-analyses/MSA/running/NeonDisco-outputs/MYBRCA-n990-dataset-awsbatch-dualMode-ND-v0-2-2-RERUN-FINAL-v5/Cohortwide-HLA-typing-OUT/Cohortwide_HLA_types.tsv
328T	agfusion_dir	s3://crmy-gb-main/neondisco/main-analyses/MSA/running/NeonDisco-outputs/MYBRCA-n990-dataset-awsbatch-dualMode-ND-v0-2-2-RERUN-FINAL-v5/328T/POST-IN-SILICO-VALIDATION-TSV-out/validated-agfusion-dirs/
328T	hla_tsv	s3://crmy-gb-main/neondisco/main-analyses/MSA/running/NeonDisco-outputs/MYBRCA-n990-dataset-awsbatch-dualMode-ND-v0-2-2-RERUN-FINAL-v5/Cohortwide-HLA-typing-OUT/Cohortwide_HLA_types.tsv
329T	agfusion_dir	s3://crmy-gb-main/neondisco/main-analyses/MSA/running/NeonDisco-outputs/MYBRCA-n990-dataset-awsbatch-dualMode-ND-v0-2-2-RERUN-FINAL-v5/329T/POST-IN-SILICO-VALIDATION-TSV-out/validated-agfusion-dirs/
329T	hla_tsv	s3://crmy-gb-main/neondisco/main-analyses/MSA/running/NeonDisco-outputs/MYBRCA-n990-dataset-awsbatch-dualMode-ND-v0-2-2-RERUN-FINAL-v5/Cohortwide-HLA-typing-OUT/Cohortwide_HLA_types.tsv
32T	agfusion_dir	s3://crmy-gb-main/neondisco/main-analyses/MSA/running/NeonDisco-outputs/MYBRCA-n990-dataset-awsbatch-dualMode-ND-v0-2-2-RERUN-FINAL-v5/32T/POST-IN-SILICO-VALIDATION-TSV-out/validated-agfusion-dirs/
32T	hla_tsv	s3://crmy-gb-main/neondisco/main-analyses/MSA/running/NeonDisco-outputs/MYBRCA-n990-dataset-awsbatch-dualMode-ND-v0-2-2-RERUN-FINAL-v5/Cohortwide-HLA-typing-OUT/Cohortwide_HLA_types.tsv
330T	agfusion_dir	s3://crmy-gb-main/neondisco/main-analyses/MSA/running/NeonDisco-outputs/MYBRCA-n990-dataset-awsbatch-dualMode-ND-v0-2-2-RERUN-FINAL-v5/330T/POST-IN-SILICO-VALIDATION-TSV-out/validated-agfusion-dirs/
330T	hla_tsv	s3://crmy-gb-main/neondisco/main-analyses/MSA/running/NeonDisco-outputs/MYBRCA-n990-dataset-awsbatch-dualMode-ND-v0-2-2-RERUN-FINAL-v5/Cohortwide-HLA-typing-OUT/Cohortwide_HLA_types.tsv
331T	agfusion_dir	s3://crmy-gb-main/neondisco/main-analyses/MSA/running/NeonDisco-outputs/MYBRCA-n990-dataset-awsbatch-dualMode-ND-v0-2-2-RERUN-FINAL-v5/331T/POST-IN-SILICO-VALIDATION-TSV-out/validated-agfusion-dirs/
331T	hla_tsv	s3://crmy-gb-main/neondisco/main-analyses/MSA/running/NeonDisco-outputs/MYBRCA-n990-dataset-awsbatch-dualMode-ND-v0-2-2-RERUN-FINAL-v5/Cohortwide-HLA-typing-OUT/Cohortwide_HLA_types.tsv
332T	agfusion_dir	s3://crmy-gb-main/neondisco/main-analyses/MSA/running/NeonDisco-outputs/MYBRCA-n990-dataset-awsbatch-dualMode-ND-v0-2-2-RERUN-FINAL-v5/332T/POST-IN-SILICO-VALIDATION-TSV-out/validated-agfusion-dirs/
332T	hla_tsv	s3://crmy-gb-main/neondisco/main-analyses/MSA/running/NeonDisco-outputs/MYBRCA-n990-dataset-awsbatch-dualMode-ND-v0-2-2-RERUN-FINAL-v5/Cohortwide-HLA-typing-OUT/Cohortwide_HLA_types.tsv
333T	agfusion_dir	s3://crmy-gb-main/neondisco/main-analyses/MSA/running/NeonDisco-outputs/MYBRCA-n990-dataset-awsbatch-dualMode-ND-v0-2-2-RERUN-FINAL-v5/333T/POST-IN-SILICO-VALIDATION-TSV-out/validated-agfusion-dirs/
333T	hla_tsv	s3://crmy-gb-main/neondisco/main-analyses/MSA/running/NeonDisco-outputs/MYBRCA-n990-dataset-awsbatch-dualMode-ND-v0-2-2-RERUN-FINAL-v5/Cohortwide-HLA-typing-OUT/Cohortwide_HLA_types.tsv
334T	agfusion_dir	s3://crmy-gb-main/neondisco/main-analyses/MSA/running/NeonDisco-outputs/MYBRCA-n990-dataset-awsbatch-dualMode-ND-v0-2-2-RERUN-FINAL-v5/334T/POST-IN-SILICO-VALIDATION-TSV-out/validated-agfusion-dirs/
334T	hla_tsv	s3://crmy-gb-main/neondisco/main-analyses/MSA/running/NeonDisco-outputs/MYBRCA-n990-dataset-awsbatch-dualMode-ND-v0-2-2-RERUN-FINAL-v5/Cohortwide-HLA-typing-OUT/Cohortwide_HLA_types.tsv
335T	agfusion_dir	s3://crmy-gb-main/neondisco/main-analyses/MSA/running/NeonDisco-outputs/MYBRCA-n990-dataset-awsbatch-dualMode-ND-v0-2-2-RERUN-FINAL-v5/335T/POST-IN-SILICO-VALIDATION-TSV-out/validated-agfusion-dirs/
335T	hla_tsv	s3://crmy-gb-main/neondisco/main-analyses/MSA/running/NeonDisco-outputs/MYBRCA-n990-dataset-awsbatch-dualMode-ND-v0-2-2-RERUN-FINAL-v5/Cohortwide-HLA-typing-OUT/Cohortwide_HLA_types.tsv
336T	agfusion_dir	s3://crmy-gb-main/neondisco/main-analyses/MSA/running/NeonDisco-outputs/MYBRCA-n990-dataset-awsbatch-dualMode-ND-v0-2-2-RERUN-FINAL-v5/336T/POST-IN-SILICO-VALIDATION-TSV-out/validated-agfusion-dirs/
336T	hla_tsv	s3://crmy-gb-main/neondisco/main-analyses/MSA/running/NeonDisco-outputs/MYBRCA-n990-dataset-awsbatch-dualMode-ND-v0-2-2-RERUN-FINAL-v5/Cohortwide-HLA-typing-OUT/Cohortwide_HLA_types.tsv
337T	agfusion_dir	s3://crmy-gb-main/neondisco/main-analyses/MSA/running/NeonDisco-outputs/MYBRCA-n990-dataset-awsbatch-dualMode-ND-v0-2-2-RERUN-FINAL-v5/337T/POST-IN-SILICO-VALIDATION-TSV-out/validated-agfusion-dirs/
337T	hla_tsv	s3://crmy-gb-main/neondisco/main-analyses/MSA/running/NeonDisco-outputs/MYBRCA-n990-dataset-awsbatch-dualMode-ND-v0-2-2-RERUN-FINAL-v5/Cohortwide-HLA-typing-OUT/Cohortwide_HLA_types.tsv
338T	agfusion_dir	s3://crmy-gb-main/neondisco/main-analyses/MSA/running/NeonDisco-outputs/MYBRCA-n990-dataset-awsbatch-dualMode-ND-v0-2-2-RERUN-FINAL-v5/338T/POST-IN-SILICO-VALIDATION-TSV-out/validated-agfusion-dirs/
338T	hla_tsv	s3://crmy-gb-main/neondisco/main-analyses/MSA/running/NeonDisco-outputs/MYBRCA-n990-dataset-awsbatch-dualMode-ND-v0-2-2-RERUN-FINAL-v5/Cohortwide-HLA-typing-OUT/Cohortwide_HLA_types.tsv
339T	agfusion_dir	s3://crmy-gb-main/neondisco/main-analyses/MSA/running/NeonDisco-outputs/MYBRCA-n990-dataset-awsbatch-dualMode-ND-v0-2-2-RERUN-FINAL-v5/339T/POST-IN-SILICO-VALIDATION-TSV-out/validated-agfusion-dirs/
339T	hla_tsv	s3://crmy-gb-main/neondisco/main-analyses/MSA/running/NeonDisco-outputs/MYBRCA-n990-dataset-awsbatch-dualMode-ND-v0-2-2-RERUN-FINAL-v5/Cohortwide-HLA-typing-OUT/Cohortwide_HLA_types.tsv
33T	agfusion_dir	s3://crmy-gb-main/neondisco/main-analyses/MSA/running/NeonDisco-outputs/MYBRCA-n990-dataset-awsbatch-dualMode-ND-v0-2-2-RERUN-FINAL-v5/33T/POST-IN-SILICO-VALIDATION-TSV-out/validated-agfusion-dirs/
33T	hla_tsv	s3://crmy-gb-main/neondisco/main-analyses/MSA/running/NeonDisco-outputs/MYBRCA-n990-dataset-awsbatch-dualMode-ND-v0-2-2-RERUN-FINAL-v5/Cohortwide-HLA-typing-OUT/Cohortwide_HLA_types.tsv
340T	agfusion_dir	s3://crmy-gb-main/neondisco/main-analyses/MSA/running/NeonDisco-outputs/MYBRCA-n990-dataset-awsbatch-dualMode-ND-v0-2-2-RERUN-FINAL-v5/340T/POST-IN-SILICO-VALIDATION-TSV-out/validated-agfusion-dirs/
340T	hla_tsv	s3://crmy-gb-main/neondisco/main-analyses/MSA/running/NeonDisco-outputs/MYBRCA-n990-dataset-awsbatch-dualMode-ND-v0-2-2-RERUN-FINAL-v5/Cohortwide-HLA-typing-OUT/Cohortwide_HLA_types.tsv
341T	agfusion_dir	s3://crmy-gb-main/neondisco/main-analyses/MSA/running/NeonDisco-outputs/MYBRCA-n990-dataset-awsbatch-dualMode-ND-v0-2-2-RERUN-FINAL-v5/341T/POST-IN-SILICO-VALIDATION-TSV-out/validated-agfusion-dirs/
341T	hla_tsv	s3://crmy-gb-main/neondisco/main-analyses/MSA/running/NeonDisco-outputs/MYBRCA-n990-dataset-awsbatch-dualMode-ND-v0-2-2-RERUN-FINAL-v5/Cohortwide-HLA-typing-OUT/Cohortwide_HLA_types.tsv
342T	agfusion_dir	s3://crmy-gb-main/neondisco/main-analyses/MSA/running/NeonDisco-outputs/MYBRCA-n990-dataset-awsbatch-dualMode-ND-v0-2-2-RERUN-FINAL-v5/342T/POST-IN-SILICO-VALIDATION-TSV-out/validated-agfusion-dirs/
342T	hla_tsv	s3://crmy-gb-main/neondisco/main-analyses/MSA/running/NeonDisco-outputs/MYBRCA-n990-dataset-awsbatch-dualMode-ND-v0-2-2-RERUN-FINAL-v5/Cohortwide-HLA-typing-OUT/Cohortwide_HLA_types.tsv
343T	agfusion_dir	s3://crmy-gb-main/neondisco/main-analyses/MSA/running/NeonDisco-outputs/MYBRCA-n990-dataset-awsbatch-dualMode-ND-v0-2-2-RERUN-FINAL-v5/343T/POST-IN-SILICO-VALIDATION-TSV-out/validated-agfusion-dirs/
343T	hla_tsv	s3://crmy-gb-main/neondisco/main-analyses/MSA/running/NeonDisco-outputs/MYBRCA-n990-dataset-awsbatch-dualMode-ND-v0-2-2-RERUN-FINAL-v5/Cohortwide-HLA-typing-OUT/Cohortwide_HLA_types.tsv
344T	agfusion_dir	s3://crmy-gb-main/neondisco/main-analyses/MSA/running/NeonDisco-outputs/MYBRCA-n990-dataset-awsbatch-dualMode-ND-v0-2-2-RERUN-FINAL-v5/344T/POST-IN-SILICO-VALIDATION-TSV-out/validated-agfusion-dirs/
344T	hla_tsv	s3://crmy-gb-main/neondisco/main-analyses/MSA/running/NeonDisco-outputs/MYBRCA-n990-dataset-awsbatch-dualMode-ND-v0-2-2-RERUN-FINAL-v5/Cohortwide-HLA-typing-OUT/Cohortwide_HLA_types.tsv
345T	agfusion_dir	s3://crmy-gb-main/neondisco/main-analyses/MSA/running/NeonDisco-outputs/MYBRCA-n990-dataset-awsbatch-dualMode-ND-v0-2-2-RERUN-FINAL-v5/345T/POST-IN-SILICO-VALIDATION-TSV-out/validated-agfusion-dirs/
345T	hla_tsv	s3://crmy-gb-main/neondisco/main-analyses/MSA/running/NeonDisco-outputs/MYBRCA-n990-dataset-awsbatch-dualMode-ND-v0-2-2-RERUN-FINAL-v5/Cohortwide-HLA-typing-OUT/Cohortwide_HLA_types.tsv
346T	agfusion_dir	s3://crmy-gb-main/neondisco/main-analyses/MSA/running/NeonDisco-outputs/MYBRCA-n990-dataset-awsbatch-dualMode-ND-v0-2-2-RERUN-FINAL-v5/346T/POST-IN-SILICO-VALIDATION-TSV-out/validated-agfusion-dirs/
346T	hla_tsv	s3://crmy-gb-main/neondisco/main-analyses/MSA/running/NeonDisco-outputs/MYBRCA-n990-dataset-awsbatch-dualMode-ND-v0-2-2-RERUN-FINAL-v5/Cohortwide-HLA-typing-OUT/Cohortwide_HLA_types.tsv
347T	agfusion_dir	s3://crmy-gb-main/neondisco/main-analyses/MSA/running/NeonDisco-outputs/MYBRCA-n990-dataset-awsbatch-dualMode-ND-v0-2-2-RERUN-FINAL-v5/347T/POST-IN-SILICO-VALIDATION-TSV-out/validated-agfusion-dirs/
347T	hla_tsv	s3://crmy-gb-main/neondisco/main-analyses/MSA/running/NeonDisco-outputs/MYBRCA-n990-dataset-awsbatch-dualMode-ND-v0-2-2-RERUN-FINAL-v5/Cohortwide-HLA-typing-OUT/Cohortwide_HLA_types.tsv
348T	agfusion_dir	s3://crmy-gb-main/neondisco/main-analyses/MSA/running/NeonDisco-outputs/MYBRCA-n990-dataset-awsbatch-dualMode-ND-v0-2-2-RERUN-FINAL-v5/348T/POST-IN-SILICO-VALIDATION-TSV-out/validated-agfusion-dirs/
348T	hla_tsv	s3://crmy-gb-main/neondisco/main-analyses/MSA/running/NeonDisco-outputs/MYBRCA-n990-dataset-awsbatch-dualMode-ND-v0-2-2-RERUN-FINAL-v5/Cohortwide-HLA-typing-OUT/Cohortwide_HLA_types.tsv
349T	agfusion_dir	s3://crmy-gb-main/neondisco/main-analyses/MSA/running/NeonDisco-outputs/MYBRCA-n990-dataset-awsbatch-dualMode-ND-v0-2-2-RERUN-FINAL-v5/349T/POST-IN-SILICO-VALIDATION-TSV-out/validated-agfusion-dirs/
349T	hla_tsv	s3://crmy-gb-main/neondisco/main-analyses/MSA/running/NeonDisco-outputs/MYBRCA-n990-dataset-awsbatch-dualMode-ND-v0-2-2-RERUN-FINAL-v5/Cohortwide-HLA-typing-OUT/Cohortwide_HLA_types.tsv
34T	agfusion_dir	s3://crmy-gb-main/neondisco/main-analyses/MSA/running/NeonDisco-outputs/MYBRCA-n990-dataset-awsbatch-dualMode-ND-v0-2-2-RERUN-FINAL-v5/34T/POST-IN-SILICO-VALIDATION-TSV-out/validated-agfusion-dirs/
34T	hla_tsv	s3://crmy-gb-main/neondisco/main-analyses/MSA/running/NeonDisco-outputs/MYBRCA-n990-dataset-awsbatch-dualMode-ND-v0-2-2-RERUN-FINAL-v5/Cohortwide-HLA-typing-OUT/Cohortwide_HLA_types.tsv
350T	agfusion_dir	s3://crmy-gb-main/neondisco/main-analyses/MSA/running/NeonDisco-outputs/MYBRCA-n990-dataset-awsbatch-dualMode-ND-v0-2-2-RERUN-FINAL-v5/350T/POST-IN-SILICO-VALIDATION-TSV-out/validated-agfusion-dirs/
350T	hla_tsv	s3://crmy-gb-main/neondisco/main-analyses/MSA/running/NeonDisco-outputs/MYBRCA-n990-dataset-awsbatch-dualMode-ND-v0-2-2-RERUN-FINAL-v5/Cohortwide-HLA-typing-OUT/Cohortwide_HLA_types.tsv
351T	agfusion_dir	s3://crmy-gb-main/neondisco/main-analyses/MSA/running/NeonDisco-outputs/MYBRCA-n990-dataset-awsbatch-dualMode-ND-v0-2-2-RERUN-FINAL-v5/351T/POST-IN-SILICO-VALIDATION-TSV-out/validated-agfusion-dirs/
351T	hla_tsv	s3://crmy-gb-main/neondisco/main-analyses/MSA/running/NeonDisco-outputs/MYBRCA-n990-dataset-awsbatch-dualMode-ND-v0-2-2-RERUN-FINAL-v5/Cohortwide-HLA-typing-OUT/Cohortwide_HLA_types.tsv
352T	agfusion_dir	s3://crmy-gb-main/neondisco/main-analyses/MSA/running/NeonDisco-outputs/MYBRCA-n990-dataset-awsbatch-dualMode-ND-v0-2-2-RERUN-FINAL-v5/352T/POST-IN-SILICO-VALIDATION-TSV-out/validated-agfusion-dirs/
352T	hla_tsv	s3://crmy-gb-main/neondisco/main-analyses/MSA/running/NeonDisco-outputs/MYBRCA-n990-dataset-awsbatch-dualMode-ND-v0-2-2-RERUN-FINAL-v5/Cohortwide-HLA-typing-OUT/Cohortwide_HLA_types.tsv
353T	agfusion_dir	s3://crmy-gb-main/neondisco/main-analyses/MSA/running/NeonDisco-outputs/MYBRCA-n990-dataset-awsbatch-dualMode-ND-v0-2-2-RERUN-FINAL-v5/353T/POST-IN-SILICO-VALIDATION-TSV-out/validated-agfusion-dirs/
353T	hla_tsv	s3://crmy-gb-main/neondisco/main-analyses/MSA/running/NeonDisco-outputs/MYBRCA-n990-dataset-awsbatch-dualMode-ND-v0-2-2-RERUN-FINAL-v5/Cohortwide-HLA-typing-OUT/Cohortwide_HLA_types.tsv
354T	agfusion_dir	s3://crmy-gb-main/neondisco/main-analyses/MSA/running/NeonDisco-outputs/MYBRCA-n990-dataset-awsbatch-dualMode-ND-v0-2-2-RERUN-FINAL-v5/354T/POST-IN-SILICO-VALIDATION-TSV-out/validated-agfusion-dirs/
354T	hla_tsv	s3://crmy-gb-main/neondisco/main-analyses/MSA/running/NeonDisco-outputs/MYBRCA-n990-dataset-awsbatch-dualMode-ND-v0-2-2-RERUN-FINAL-v5/Cohortwide-HLA-typing-OUT/Cohortwide_HLA_types.tsv
355T	agfusion_dir	s3://crmy-gb-main/neondisco/main-analyses/MSA/running/NeonDisco-outputs/MYBRCA-n990-dataset-awsbatch-dualMode-ND-v0-2-2-RERUN-FINAL-v5/355T/POST-IN-SILICO-VALIDATION-TSV-out/validated-agfusion-dirs/
355T	hla_tsv	s3://crmy-gb-main/neondisco/main-analyses/MSA/running/NeonDisco-outputs/MYBRCA-n990-dataset-awsbatch-dualMode-ND-v0-2-2-RERUN-FINAL-v5/Cohortwide-HLA-typing-OUT/Cohortwide_HLA_types.tsv
356T	agfusion_dir	s3://crmy-gb-main/neondisco/main-analyses/MSA/running/NeonDisco-outputs/MYBRCA-n990-dataset-awsbatch-dualMode-ND-v0-2-2-RERUN-FINAL-v5/356T/POST-IN-SILICO-VALIDATION-TSV-out/validated-agfusion-dirs/
356T	hla_tsv	s3://crmy-gb-main/neondisco/main-analyses/MSA/running/NeonDisco-outputs/MYBRCA-n990-dataset-awsbatch-dualMode-ND-v0-2-2-RERUN-FINAL-v5/Cohortwide-HLA-typing-OUT/Cohortwide_HLA_types.tsv
357T	agfusion_dir	s3://crmy-gb-main/neondisco/main-analyses/MSA/running/NeonDisco-outputs/MYBRCA-n990-dataset-awsbatch-dualMode-ND-v0-2-2-RERUN-FINAL-v5/357T/POST-IN-SILICO-VALIDATION-TSV-out/validated-agfusion-dirs/
357T	hla_tsv	s3://crmy-gb-main/neondisco/main-analyses/MSA/running/NeonDisco-outputs/MYBRCA-n990-dataset-awsbatch-dualMode-ND-v0-2-2-RERUN-FINAL-v5/Cohortwide-HLA-typing-OUT/Cohortwide_HLA_types.tsv
358T	agfusion_dir	s3://crmy-gb-main/neondisco/main-analyses/MSA/running/NeonDisco-outputs/MYBRCA-n990-dataset-awsbatch-dualMode-ND-v0-2-2-RERUN-FINAL-v5/358T/POST-IN-SILICO-VALIDATION-TSV-out/validated-agfusion-dirs/
358T	hla_tsv	s3://crmy-gb-main/neondisco/main-analyses/MSA/running/NeonDisco-outputs/MYBRCA-n990-dataset-awsbatch-dualMode-ND-v0-2-2-RERUN-FINAL-v5/Cohortwide-HLA-typing-OUT/Cohortwide_HLA_types.tsv
359T	agfusion_dir	s3://crmy-gb-main/neondisco/main-analyses/MSA/running/NeonDisco-outputs/MYBRCA-n990-dataset-awsbatch-dualMode-ND-v0-2-2-RERUN-FINAL-v5/359T/POST-IN-SILICO-VALIDATION-TSV-out/validated-agfusion-dirs/
359T	hla_tsv	s3://crmy-gb-main/neondisco/main-analyses/MSA/running/NeonDisco-outputs/MYBRCA-n990-dataset-awsbatch-dualMode-ND-v0-2-2-RERUN-FINAL-v5/Cohortwide-HLA-typing-OUT/Cohortwide_HLA_types.tsv
35T	agfusion_dir	s3://crmy-gb-main/neondisco/main-analyses/MSA/running/NeonDisco-outputs/MYBRCA-n990-dataset-awsbatch-dualMode-ND-v0-2-2-RERUN-FINAL-v5/35T/POST-IN-SILICO-VALIDATION-TSV-out/validated-agfusion-dirs/
35T	hla_tsv	s3://crmy-gb-main/neondisco/main-analyses/MSA/running/NeonDisco-outputs/MYBRCA-n990-dataset-awsbatch-dualMode-ND-v0-2-2-RERUN-FINAL-v5/Cohortwide-HLA-typing-OUT/Cohortwide_HLA_types.tsv
360T	agfusion_dir	s3://crmy-gb-main/neondisco/main-analyses/MSA/running/NeonDisco-outputs/MYBRCA-n990-dataset-awsbatch-dualMode-ND-v0-2-2-RERUN-FINAL-v5/360T/POST-IN-SILICO-VALIDATION-TSV-out/validated-agfusion-dirs/
360T	hla_tsv	s3://crmy-gb-main/neondisco/main-analyses/MSA/running/NeonDisco-outputs/MYBRCA-n990-dataset-awsbatch-dualMode-ND-v0-2-2-RERUN-FINAL-v5/Cohortwide-HLA-typing-OUT/Cohortwide_HLA_types.tsv
361T	agfusion_dir	s3://crmy-gb-main/neondisco/main-analyses/MSA/running/NeonDisco-outputs/MYBRCA-n990-dataset-awsbatch-dualMode-ND-v0-2-2-RERUN-FINAL-v5/361T/POST-IN-SILICO-VALIDATION-TSV-out/validated-agfusion-dirs/
361T	hla_tsv	s3://crmy-gb-main/neondisco/main-analyses/MSA/running/NeonDisco-outputs/MYBRCA-n990-dataset-awsbatch-dualMode-ND-v0-2-2-RERUN-FINAL-v5/Cohortwide-HLA-typing-OUT/Cohortwide_HLA_types.tsv
362T	agfusion_dir	s3://crmy-gb-main/neondisco/main-analyses/MSA/running/NeonDisco-outputs/MYBRCA-n990-dataset-awsbatch-dualMode-ND-v0-2-2-RERUN-FINAL-v5/362T/POST-IN-SILICO-VALIDATION-TSV-out/validated-agfusion-dirs/
362T	hla_tsv	s3://crmy-gb-main/neondisco/main-analyses/MSA/running/NeonDisco-outputs/MYBRCA-n990-dataset-awsbatch-dualMode-ND-v0-2-2-RERUN-FINAL-v5/Cohortwide-HLA-typing-OUT/Cohortwide_HLA_types.tsv
363T	agfusion_dir	s3://crmy-gb-main/neondisco/main-analyses/MSA/running/NeonDisco-outputs/MYBRCA-n990-dataset-awsbatch-dualMode-ND-v0-2-2-RERUN-FINAL-v5/363T/POST-IN-SILICO-VALIDATION-TSV-out/validated-agfusion-dirs/
363T	hla_tsv	s3://crmy-gb-main/neondisco/main-analyses/MSA/running/NeonDisco-outputs/MYBRCA-n990-dataset-awsbatch-dualMode-ND-v0-2-2-RERUN-FINAL-v5/Cohortwide-HLA-typing-OUT/Cohortwide_HLA_types.tsv
364T	agfusion_dir	s3://crmy-gb-main/neondisco/main-analyses/MSA/running/NeonDisco-outputs/MYBRCA-n990-dataset-awsbatch-dualMode-ND-v0-2-2-RERUN-FINAL-v5/364T/POST-IN-SILICO-VALIDATION-TSV-out/validated-agfusion-dirs/
364T	hla_tsv	s3://crmy-gb-main/neondisco/main-analyses/MSA/running/NeonDisco-outputs/MYBRCA-n990-dataset-awsbatch-dualMode-ND-v0-2-2-RERUN-FINAL-v5/Cohortwide-HLA-typing-OUT/Cohortwide_HLA_types.tsv
365T	agfusion_dir	s3://crmy-gb-main/neondisco/main-analyses/MSA/running/NeonDisco-outputs/MYBRCA-n990-dataset-awsbatch-dualMode-ND-v0-2-2-RERUN-FINAL-v5/365T/POST-IN-SILICO-VALIDATION-TSV-out/validated-agfusion-dirs/
365T	hla_tsv	s3://crmy-gb-main/neondisco/main-analyses/MSA/running/NeonDisco-outputs/MYBRCA-n990-dataset-awsbatch-dualMode-ND-v0-2-2-RERUN-FINAL-v5/Cohortwide-HLA-typing-OUT/Cohortwide_HLA_types.tsv
366T	agfusion_dir	s3://crmy-gb-main/neondisco/main-analyses/MSA/running/NeonDisco-outputs/MYBRCA-n990-dataset-awsbatch-dualMode-ND-v0-2-2-RERUN-FINAL-v5/366T/POST-IN-SILICO-VALIDATION-TSV-out/validated-agfusion-dirs/
366T	hla_tsv	s3://crmy-gb-main/neondisco/main-analyses/MSA/running/NeonDisco-outputs/MYBRCA-n990-dataset-awsbatch-dualMode-ND-v0-2-2-RERUN-FINAL-v5/Cohortwide-HLA-typing-OUT/Cohortwide_HLA_types.tsv
367T	agfusion_dir	s3://crmy-gb-main/neondisco/main-analyses/MSA/running/NeonDisco-outputs/MYBRCA-n990-dataset-awsbatch-dualMode-ND-v0-2-2-RERUN-FINAL-v5/367T/POST-IN-SILICO-VALIDATION-TSV-out/validated-agfusion-dirs/
367T	hla_tsv	s3://crmy-gb-main/neondisco/main-analyses/MSA/running/NeonDisco-outputs/MYBRCA-n990-dataset-awsbatch-dualMode-ND-v0-2-2-RERUN-FINAL-v5/Cohortwide-HLA-typing-OUT/Cohortwide_HLA_types.tsv
368T	agfusion_dir	s3://crmy-gb-main/neondisco/main-analyses/MSA/running/NeonDisco-outputs/MYBRCA-n990-dataset-awsbatch-dualMode-ND-v0-2-2-RERUN-FINAL-v5/368T/POST-IN-SILICO-VALIDATION-TSV-out/validated-agfusion-dirs/
368T	hla_tsv	s3://crmy-gb-main/neondisco/main-analyses/MSA/running/NeonDisco-outputs/MYBRCA-n990-dataset-awsbatch-dualMode-ND-v0-2-2-RERUN-FINAL-v5/Cohortwide-HLA-typing-OUT/Cohortwide_HLA_types.tsv
369T	agfusion_dir	s3://crmy-gb-main/neondisco/main-analyses/MSA/running/NeonDisco-outputs/MYBRCA-n990-dataset-awsbatch-dualMode-ND-v0-2-2-RERUN-FINAL-v5/369T/POST-IN-SILICO-VALIDATION-TSV-out/validated-agfusion-dirs/
369T	hla_tsv	s3://crmy-gb-main/neondisco/main-analyses/MSA/running/NeonDisco-outputs/MYBRCA-n990-dataset-awsbatch-dualMode-ND-v0-2-2-RERUN-FINAL-v5/Cohortwide-HLA-typing-OUT/Cohortwide_HLA_types.tsv
36T	agfusion_dir	s3://crmy-gb-main/neondisco/main-analyses/MSA/running/NeonDisco-outputs/MYBRCA-n990-dataset-awsbatch-dualMode-ND-v0-2-2-RERUN-FINAL-v5/36T/POST-IN-SILICO-VALIDATION-TSV-out/validated-agfusion-dirs/
36T	hla_tsv	s3://crmy-gb-main/neondisco/main-analyses/MSA/running/NeonDisco-outputs/MYBRCA-n990-dataset-awsbatch-dualMode-ND-v0-2-2-RERUN-FINAL-v5/Cohortwide-HLA-typing-OUT/Cohortwide_HLA_types.tsv
370T	agfusion_dir	s3://crmy-gb-main/neondisco/main-analyses/MSA/running/NeonDisco-outputs/MYBRCA-n990-dataset-awsbatch-dualMode-ND-v0-2-2-RERUN-FINAL-v5/370T/POST-IN-SILICO-VALIDATION-TSV-out/validated-agfusion-dirs/
370T	hla_tsv	s3://crmy-gb-main/neondisco/main-analyses/MSA/running/NeonDisco-outputs/MYBRCA-n990-dataset-awsbatch-dualMode-ND-v0-2-2-RERUN-FINAL-v5/Cohortwide-HLA-typing-OUT/Cohortwide_HLA_types.tsv
371T	agfusion_dir	s3://crmy-gb-main/neondisco/main-analyses/MSA/running/NeonDisco-outputs/MYBRCA-n990-dataset-awsbatch-dualMode-ND-v0-2-2-RERUN-FINAL-v5/371T/POST-IN-SILICO-VALIDATION-TSV-out/validated-agfusion-dirs/
371T	hla_tsv	s3://crmy-gb-main/neondisco/main-analyses/MSA/running/NeonDisco-outputs/MYBRCA-n990-dataset-awsbatch-dualMode-ND-v0-2-2-RERUN-FINAL-v5/Cohortwide-HLA-typing-OUT/Cohortwide_HLA_types.tsv
372T	agfusion_dir	s3://crmy-gb-main/neondisco/main-analyses/MSA/running/NeonDisco-outputs/MYBRCA-n990-dataset-awsbatch-dualMode-ND-v0-2-2-RERUN-FINAL-v5/372T/POST-IN-SILICO-VALIDATION-TSV-out/validated-agfusion-dirs/
372T	hla_tsv	s3://crmy-gb-main/neondisco/main-analyses/MSA/running/NeonDisco-outputs/MYBRCA-n990-dataset-awsbatch-dualMode-ND-v0-2-2-RERUN-FINAL-v5/Cohortwide-HLA-typing-OUT/Cohortwide_HLA_types.tsv
373T	agfusion_dir	s3://crmy-gb-main/neondisco/main-analyses/MSA/running/NeonDisco-outputs/MYBRCA-n990-dataset-awsbatch-dualMode-ND-v0-2-2-RERUN-FINAL-v5/373T/POST-IN-SILICO-VALIDATION-TSV-out/validated-agfusion-dirs/
373T	hla_tsv	s3://crmy-gb-main/neondisco/main-analyses/MSA/running/NeonDisco-outputs/MYBRCA-n990-dataset-awsbatch-dualMode-ND-v0-2-2-RERUN-FINAL-v5/Cohortwide-HLA-typing-OUT/Cohortwide_HLA_types.tsv
374T	agfusion_dir	s3://crmy-gb-main/neondisco/main-analyses/MSA/running/NeonDisco-outputs/MYBRCA-n990-dataset-awsbatch-dualMode-ND-v0-2-2-RERUN-FINAL-v5/374T/POST-IN-SILICO-VALIDATION-TSV-out/validated-agfusion-dirs/
374T	hla_tsv	s3://crmy-gb-main/neondisco/main-analyses/MSA/running/NeonDisco-outputs/MYBRCA-n990-dataset-awsbatch-dualMode-ND-v0-2-2-RERUN-FINAL-v5/Cohortwide-HLA-typing-OUT/Cohortwide_HLA_types.tsv
375T	agfusion_dir	s3://crmy-gb-main/neondisco/main-analyses/MSA/running/NeonDisco-outputs/MYBRCA-n990-dataset-awsbatch-dualMode-ND-v0-2-2-RERUN-FINAL-v5/375T/POST-IN-SILICO-VALIDATION-TSV-out/validated-agfusion-dirs/
375T	hla_tsv	s3://crmy-gb-main/neondisco/main-analyses/MSA/running/NeonDisco-outputs/MYBRCA-n990-dataset-awsbatch-dualMode-ND-v0-2-2-RERUN-FINAL-v5/Cohortwide-HLA-typing-OUT/Cohortwide_HLA_types.tsv
376T	agfusion_dir	s3://crmy-gb-main/neondisco/main-analyses/MSA/running/NeonDisco-outputs/MYBRCA-n990-dataset-awsbatch-dualMode-ND-v0-2-2-RERUN-FINAL-v5/376T/POST-IN-SILICO-VALIDATION-TSV-out/validated-agfusion-dirs/
376T	hla_tsv	s3://crmy-gb-main/neondisco/main-analyses/MSA/running/NeonDisco-outputs/MYBRCA-n990-dataset-awsbatch-dualMode-ND-v0-2-2-RERUN-FINAL-v5/Cohortwide-HLA-typing-OUT/Cohortwide_HLA_types.tsv
377T	agfusion_dir	s3://crmy-gb-main/neondisco/main-analyses/MSA/running/NeonDisco-outputs/MYBRCA-n990-dataset-awsbatch-dualMode-ND-v0-2-2-RERUN-FINAL-v5/377T/POST-IN-SILICO-VALIDATION-TSV-out/validated-agfusion-dirs/
377T	hla_tsv	s3://crmy-gb-main/neondisco/main-analyses/MSA/running/NeonDisco-outputs/MYBRCA-n990-dataset-awsbatch-dualMode-ND-v0-2-2-RERUN-FINAL-v5/Cohortwide-HLA-typing-OUT/Cohortwide_HLA_types.tsv
378T	agfusion_dir	s3://crmy-gb-main/neondisco/main-analyses/MSA/running/NeonDisco-outputs/MYBRCA-n990-dataset-awsbatch-dualMode-ND-v0-2-2-RERUN-FINAL-v5/378T/POST-IN-SILICO-VALIDATION-TSV-out/validated-agfusion-dirs/
378T	hla_tsv	s3://crmy-gb-main/neondisco/main-analyses/MSA/running/NeonDisco-outputs/MYBRCA-n990-dataset-awsbatch-dualMode-ND-v0-2-2-RERUN-FINAL-v5/Cohortwide-HLA-typing-OUT/Cohortwide_HLA_types.tsv
379T	agfusion_dir	s3://crmy-gb-main/neondisco/main-analyses/MSA/running/NeonDisco-outputs/MYBRCA-n990-dataset-awsbatch-dualMode-ND-v0-2-2-RERUN-FINAL-v5/379T/POST-IN-SILICO-VALIDATION-TSV-out/validated-agfusion-dirs/
379T	hla_tsv	s3://crmy-gb-main/neondisco/main-analyses/MSA/running/NeonDisco-outputs/MYBRCA-n990-dataset-awsbatch-dualMode-ND-v0-2-2-RERUN-FINAL-v5/Cohortwide-HLA-typing-OUT/Cohortwide_HLA_types.tsv
37T	agfusion_dir	s3://crmy-gb-main/neondisco/main-analyses/MSA/running/NeonDisco-outputs/MYBRCA-n990-dataset-awsbatch-dualMode-ND-v0-2-2-RERUN-FINAL-v5/37T/POST-IN-SILICO-VALIDATION-TSV-out/validated-agfusion-dirs/
37T	hla_tsv	s3://crmy-gb-main/neondisco/main-analyses/MSA/running/NeonDisco-outputs/MYBRCA-n990-dataset-awsbatch-dualMode-ND-v0-2-2-RERUN-FINAL-v5/Cohortwide-HLA-typing-OUT/Cohortwide_HLA_types.tsv
380T	agfusion_dir	s3://crmy-gb-main/neondisco/main-analyses/MSA/running/NeonDisco-outputs/MYBRCA-n990-dataset-awsbatch-dualMode-ND-v0-2-2-RERUN-FINAL-v5/380T/POST-IN-SILICO-VALIDATION-TSV-out/validated-agfusion-dirs/
380T	hla_tsv	s3://crmy-gb-main/neondisco/main-analyses/MSA/running/NeonDisco-outputs/MYBRCA-n990-dataset-awsbatch-dualMode-ND-v0-2-2-RERUN-FINAL-v5/Cohortwide-HLA-typing-OUT/Cohortwide_HLA_types.tsv
381T	agfusion_dir	s3://crmy-gb-main/neondisco/main-analyses/MSA/running/NeonDisco-outputs/MYBRCA-n990-dataset-awsbatch-dualMode-ND-v0-2-2-RERUN-FINAL-v5/381T/POST-IN-SILICO-VALIDATION-TSV-out/validated-agfusion-dirs/
381T	hla_tsv	s3://crmy-gb-main/neondisco/main-analyses/MSA/running/NeonDisco-outputs/MYBRCA-n990-dataset-awsbatch-dualMode-ND-v0-2-2-RERUN-FINAL-v5/Cohortwide-HLA-typing-OUT/Cohortwide_HLA_types.tsv
382T	agfusion_dir	s3://crmy-gb-main/neondisco/main-analyses/MSA/running/NeonDisco-outputs/MYBRCA-n990-dataset-awsbatch-dualMode-ND-v0-2-2-RERUN-FINAL-v5/382T/POST-IN-SILICO-VALIDATION-TSV-out/validated-agfusion-dirs/
382T	hla_tsv	s3://crmy-gb-main/neondisco/main-analyses/MSA/running/NeonDisco-outputs/MYBRCA-n990-dataset-awsbatch-dualMode-ND-v0-2-2-RERUN-FINAL-v5/Cohortwide-HLA-typing-OUT/Cohortwide_HLA_types.tsv
383T	agfusion_dir	s3://crmy-gb-main/neondisco/main-analyses/MSA/running/NeonDisco-outputs/MYBRCA-n990-dataset-awsbatch-dualMode-ND-v0-2-2-RERUN-FINAL-v5/383T/POST-IN-SILICO-VALIDATION-TSV-out/validated-agfusion-dirs/
383T	hla_tsv	s3://crmy-gb-main/neondisco/main-analyses/MSA/running/NeonDisco-outputs/MYBRCA-n990-dataset-awsbatch-dualMode-ND-v0-2-2-RERUN-FINAL-v5/Cohortwide-HLA-typing-OUT/Cohortwide_HLA_types.tsv
384T	agfusion_dir	s3://crmy-gb-main/neondisco/main-analyses/MSA/running/NeonDisco-outputs/MYBRCA-n990-dataset-awsbatch-dualMode-ND-v0-2-2-RERUN-FINAL-v5/384T/POST-IN-SILICO-VALIDATION-TSV-out/validated-agfusion-dirs/
384T	hla_tsv	s3://crmy-gb-main/neondisco/main-analyses/MSA/running/NeonDisco-outputs/MYBRCA-n990-dataset-awsbatch-dualMode-ND-v0-2-2-RERUN-FINAL-v5/Cohortwide-HLA-typing-OUT/Cohortwide_HLA_types.tsv
385T	agfusion_dir	s3://crmy-gb-main/neondisco/main-analyses/MSA/running/NeonDisco-outputs/MYBRCA-n990-dataset-awsbatch-dualMode-ND-v0-2-2-RERUN-FINAL-v5/385T/POST-IN-SILICO-VALIDATION-TSV-out/validated-agfusion-dirs/
385T	hla_tsv	s3://crmy-gb-main/neondisco/main-analyses/MSA/running/NeonDisco-outputs/MYBRCA-n990-dataset-awsbatch-dualMode-ND-v0-2-2-RERUN-FINAL-v5/Cohortwide-HLA-typing-OUT/Cohortwide_HLA_types.tsv
386T	agfusion_dir	s3://crmy-gb-main/neondisco/main-analyses/MSA/running/NeonDisco-outputs/MYBRCA-n990-dataset-awsbatch-dualMode-ND-v0-2-2-RERUN-FINAL-v5/386T/POST-IN-SILICO-VALIDATION-TSV-out/validated-agfusion-dirs/
386T	hla_tsv	s3://crmy-gb-main/neondisco/main-analyses/MSA/running/NeonDisco-outputs/MYBRCA-n990-dataset-awsbatch-dualMode-ND-v0-2-2-RERUN-FINAL-v5/Cohortwide-HLA-typing-OUT/Cohortwide_HLA_types.tsv
387T	agfusion_dir	s3://crmy-gb-main/neondisco/main-analyses/MSA/running/NeonDisco-outputs/MYBRCA-n990-dataset-awsbatch-dualMode-ND-v0-2-2-RERUN-FINAL-v5/387T/POST-IN-SILICO-VALIDATION-TSV-out/validated-agfusion-dirs/
387T	hla_tsv	s3://crmy-gb-main/neondisco/main-analyses/MSA/running/NeonDisco-outputs/MYBRCA-n990-dataset-awsbatch-dualMode-ND-v0-2-2-RERUN-FINAL-v5/Cohortwide-HLA-typing-OUT/Cohortwide_HLA_types.tsv
388T	agfusion_dir	s3://crmy-gb-main/neondisco/main-analyses/MSA/running/NeonDisco-outputs/MYBRCA-n990-dataset-awsbatch-dualMode-ND-v0-2-2-RERUN-FINAL-v5/388T/POST-IN-SILICO-VALIDATION-TSV-out/validated-agfusion-dirs/
388T	hla_tsv	s3://crmy-gb-main/neondisco/main-analyses/MSA/running/NeonDisco-outputs/MYBRCA-n990-dataset-awsbatch-dualMode-ND-v0-2-2-RERUN-FINAL-v5/Cohortwide-HLA-typing-OUT/Cohortwide_HLA_types.tsv
389T	agfusion_dir	s3://crmy-gb-main/neondisco/main-analyses/MSA/running/NeonDisco-outputs/MYBRCA-n990-dataset-awsbatch-dualMode-ND-v0-2-2-RERUN-FINAL-v5/389T/POST-IN-SILICO-VALIDATION-TSV-out/validated-agfusion-dirs/
389T	hla_tsv	s3://crmy-gb-main/neondisco/main-analyses/MSA/running/NeonDisco-outputs/MYBRCA-n990-dataset-awsbatch-dualMode-ND-v0-2-2-RERUN-FINAL-v5/Cohortwide-HLA-typing-OUT/Cohortwide_HLA_types.tsv
38T	agfusion_dir	s3://crmy-gb-main/neondisco/main-analyses/MSA/running/NeonDisco-outputs/MYBRCA-n990-dataset-awsbatch-dualMode-ND-v0-2-2-RERUN-FINAL-v5/38T/POST-IN-SILICO-VALIDATION-TSV-out/validated-agfusion-dirs/
38T	hla_tsv	s3://crmy-gb-main/neondisco/main-analyses/MSA/running/NeonDisco-outputs/MYBRCA-n990-dataset-awsbatch-dualMode-ND-v0-2-2-RERUN-FINAL-v5/Cohortwide-HLA-typing-OUT/Cohortwide_HLA_types.tsv
390T	agfusion_dir	s3://crmy-gb-main/neondisco/main-analyses/MSA/running/NeonDisco-outputs/MYBRCA-n990-dataset-awsbatch-dualMode-ND-v0-2-2-RERUN-FINAL-v5/390T/POST-IN-SILICO-VALIDATION-TSV-out/validated-agfusion-dirs/
390T	hla_tsv	s3://crmy-gb-main/neondisco/main-analyses/MSA/running/NeonDisco-outputs/MYBRCA-n990-dataset-awsbatch-dualMode-ND-v0-2-2-RERUN-FINAL-v5/Cohortwide-HLA-typing-OUT/Cohortwide_HLA_types.tsv
391T	agfusion_dir	s3://crmy-gb-main/neondisco/main-analyses/MSA/running/NeonDisco-outputs/MYBRCA-n990-dataset-awsbatch-dualMode-ND-v0-2-2-RERUN-FINAL-v5/391T/POST-IN-SILICO-VALIDATION-TSV-out/validated-agfusion-dirs/
391T	hla_tsv	s3://crmy-gb-main/neondisco/main-analyses/MSA/running/NeonDisco-outputs/MYBRCA-n990-dataset-awsbatch-dualMode-ND-v0-2-2-RERUN-FINAL-v5/Cohortwide-HLA-typing-OUT/Cohortwide_HLA_types.tsv
392T	agfusion_dir	s3://crmy-gb-main/neondisco/main-analyses/MSA/running/NeonDisco-outputs/MYBRCA-n990-dataset-awsbatch-dualMode-ND-v0-2-2-RERUN-FINAL-v5/392T/POST-IN-SILICO-VALIDATION-TSV-out/validated-agfusion-dirs/
392T	hla_tsv	s3://crmy-gb-main/neondisco/main-analyses/MSA/running/NeonDisco-outputs/MYBRCA-n990-dataset-awsbatch-dualMode-ND-v0-2-2-RERUN-FINAL-v5/Cohortwide-HLA-typing-OUT/Cohortwide_HLA_types.tsv
393T	agfusion_dir	s3://crmy-gb-main/neondisco/main-analyses/MSA/running/NeonDisco-outputs/MYBRCA-n990-dataset-awsbatch-dualMode-ND-v0-2-2-RERUN-FINAL-v5/393T/POST-IN-SILICO-VALIDATION-TSV-out/validated-agfusion-dirs/
393T	hla_tsv	s3://crmy-gb-main/neondisco/main-analyses/MSA/running/NeonDisco-outputs/MYBRCA-n990-dataset-awsbatch-dualMode-ND-v0-2-2-RERUN-FINAL-v5/Cohortwide-HLA-typing-OUT/Cohortwide_HLA_types.tsv
394T	agfusion_dir	s3://crmy-gb-main/neondisco/main-analyses/MSA/running/NeonDisco-outputs/MYBRCA-n990-dataset-awsbatch-dualMode-ND-v0-2-2-RERUN-FINAL-v5/394T/POST-IN-SILICO-VALIDATION-TSV-out/validated-agfusion-dirs/
394T	hla_tsv	s3://crmy-gb-main/neondisco/main-analyses/MSA/running/NeonDisco-outputs/MYBRCA-n990-dataset-awsbatch-dualMode-ND-v0-2-2-RERUN-FINAL-v5/Cohortwide-HLA-typing-OUT/Cohortwide_HLA_types.tsv
395T	agfusion_dir	s3://crmy-gb-main/neondisco/main-analyses/MSA/running/NeonDisco-outputs/MYBRCA-n990-dataset-awsbatch-dualMode-ND-v0-2-2-RERUN-FINAL-v5/395T/POST-IN-SILICO-VALIDATION-TSV-out/validated-agfusion-dirs/
395T	hla_tsv	s3://crmy-gb-main/neondisco/main-analyses/MSA/running/NeonDisco-outputs/MYBRCA-n990-dataset-awsbatch-dualMode-ND-v0-2-2-RERUN-FINAL-v5/Cohortwide-HLA-typing-OUT/Cohortwide_HLA_types.tsv
396T	agfusion_dir	s3://crmy-gb-main/neondisco/main-analyses/MSA/running/NeonDisco-outputs/MYBRCA-n990-dataset-awsbatch-dualMode-ND-v0-2-2-RERUN-FINAL-v5/396T/POST-IN-SILICO-VALIDATION-TSV-out/validated-agfusion-dirs/
396T	hla_tsv	s3://crmy-gb-main/neondisco/main-analyses/MSA/running/NeonDisco-outputs/MYBRCA-n990-dataset-awsbatch-dualMode-ND-v0-2-2-RERUN-FINAL-v5/Cohortwide-HLA-typing-OUT/Cohortwide_HLA_types.tsv
397T	agfusion_dir	s3://crmy-gb-main/neondisco/main-analyses/MSA/running/NeonDisco-outputs/MYBRCA-n990-dataset-awsbatch-dualMode-ND-v0-2-2-RERUN-FINAL-v5/397T/POST-IN-SILICO-VALIDATION-TSV-out/validated-agfusion-dirs/
397T	hla_tsv	s3://crmy-gb-main/neondisco/main-analyses/MSA/running/NeonDisco-outputs/MYBRCA-n990-dataset-awsbatch-dualMode-ND-v0-2-2-RERUN-FINAL-v5/Cohortwide-HLA-typing-OUT/Cohortwide_HLA_types.tsv
398T	agfusion_dir	s3://crmy-gb-main/neondisco/main-analyses/MSA/running/NeonDisco-outputs/MYBRCA-n990-dataset-awsbatch-dualMode-ND-v0-2-2-RERUN-FINAL-v5/398T/POST-IN-SILICO-VALIDATION-TSV-out/validated-agfusion-dirs/
398T	hla_tsv	s3://crmy-gb-main/neondisco/main-analyses/MSA/running/NeonDisco-outputs/MYBRCA-n990-dataset-awsbatch-dualMode-ND-v0-2-2-RERUN-FINAL-v5/Cohortwide-HLA-typing-OUT/Cohortwide_HLA_types.tsv
399T	agfusion_dir	s3://crmy-gb-main/neondisco/main-analyses/MSA/running/NeonDisco-outputs/MYBRCA-n990-dataset-awsbatch-dualMode-ND-v0-2-2-RERUN-FINAL-v5/399T/POST-IN-SILICO-VALIDATION-TSV-out/validated-agfusion-dirs/
399T	hla_tsv	s3://crmy-gb-main/neondisco/main-analyses/MSA/running/NeonDisco-outputs/MYBRCA-n990-dataset-awsbatch-dualMode-ND-v0-2-2-RERUN-FINAL-v5/Cohortwide-HLA-typing-OUT/Cohortwide_HLA_types.tsv
39T	agfusion_dir	s3://crmy-gb-main/neondisco/main-analyses/MSA/running/NeonDisco-outputs/MYBRCA-n990-dataset-awsbatch-dualMode-ND-v0-2-2-RERUN-FINAL-v5/39T/POST-IN-SILICO-VALIDATION-TSV-out/validated-agfusion-dirs/
39T	hla_tsv	s3://crmy-gb-main/neondisco/main-analyses/MSA/running/NeonDisco-outputs/MYBRCA-n990-dataset-awsbatch-dualMode-ND-v0-2-2-RERUN-FINAL-v5/Cohortwide-HLA-typing-OUT/Cohortwide_HLA_types.tsv
3T	agfusion_dir	s3://crmy-gb-main/neondisco/main-analyses/MSA/running/NeonDisco-outputs/MYBRCA-n990-dataset-awsbatch-dualMode-ND-v0-2-2-RERUN-FINAL-v5/3T/POST-IN-SILICO-VALIDATION-TSV-out/validated-agfusion-dirs/
3T	hla_tsv	s3://crmy-gb-main/neondisco/main-analyses/MSA/running/NeonDisco-outputs/MYBRCA-n990-dataset-awsbatch-dualMode-ND-v0-2-2-RERUN-FINAL-v5/Cohortwide-HLA-typing-OUT/Cohortwide_HLA_types.tsv
400T	agfusion_dir	s3://crmy-gb-main/neondisco/main-analyses/MSA/running/NeonDisco-outputs/MYBRCA-n990-dataset-awsbatch-dualMode-ND-v0-2-2-RERUN-FINAL-v5/400T/POST-IN-SILICO-VALIDATION-TSV-out/validated-agfusion-dirs/
400T	hla_tsv	s3://crmy-gb-main/neondisco/main-analyses/MSA/running/NeonDisco-outputs/MYBRCA-n990-dataset-awsbatch-dualMode-ND-v0-2-2-RERUN-FINAL-v5/Cohortwide-HLA-typing-OUT/Cohortwide_HLA_types.tsv
401T	agfusion_dir	s3://crmy-gb-main/neondisco/main-analyses/MSA/running/NeonDisco-outputs/MYBRCA-n990-dataset-awsbatch-dualMode-ND-v0-2-2-RERUN-FINAL-v5/401T/POST-IN-SILICO-VALIDATION-TSV-out/validated-agfusion-dirs/
401T	hla_tsv	s3://crmy-gb-main/neondisco/main-analyses/MSA/running/NeonDisco-outputs/MYBRCA-n990-dataset-awsbatch-dualMode-ND-v0-2-2-RERUN-FINAL-v5/Cohortwide-HLA-typing-OUT/Cohortwide_HLA_types.tsv
402T	agfusion_dir	s3://crmy-gb-main/neondisco/main-analyses/MSA/running/NeonDisco-outputs/MYBRCA-n990-dataset-awsbatch-dualMode-ND-v0-2-2-RERUN-FINAL-v5/402T/POST-IN-SILICO-VALIDATION-TSV-out/validated-agfusion-dirs/
402T	hla_tsv	s3://crmy-gb-main/neondisco/main-analyses/MSA/running/NeonDisco-outputs/MYBRCA-n990-dataset-awsbatch-dualMode-ND-v0-2-2-RERUN-FINAL-v5/Cohortwide-HLA-typing-OUT/Cohortwide_HLA_types.tsv
403T	agfusion_dir	s3://crmy-gb-main/neondisco/main-analyses/MSA/running/NeonDisco-outputs/MYBRCA-n990-dataset-awsbatch-dualMode-ND-v0-2-2-RERUN-FINAL-v5/403T/POST-IN-SILICO-VALIDATION-TSV-out/validated-agfusion-dirs/
403T	hla_tsv	s3://crmy-gb-main/neondisco/main-analyses/MSA/running/NeonDisco-outputs/MYBRCA-n990-dataset-awsbatch-dualMode-ND-v0-2-2-RERUN-FINAL-v5/Cohortwide-HLA-typing-OUT/Cohortwide_HLA_types.tsv
404T	agfusion_dir	s3://crmy-gb-main/neondisco/main-analyses/MSA/running/NeonDisco-outputs/MYBRCA-n990-dataset-awsbatch-dualMode-ND-v0-2-2-RERUN-FINAL-v5/404T/POST-IN-SILICO-VALIDATION-TSV-out/validated-agfusion-dirs/
404T	hla_tsv	s3://crmy-gb-main/neondisco/main-analyses/MSA/running/NeonDisco-outputs/MYBRCA-n990-dataset-awsbatch-dualMode-ND-v0-2-2-RERUN-FINAL-v5/Cohortwide-HLA-typing-OUT/Cohortwide_HLA_types.tsv
405T	agfusion_dir	s3://crmy-gb-main/neondisco/main-analyses/MSA/running/NeonDisco-outputs/MYBRCA-n990-dataset-awsbatch-dualMode-ND-v0-2-2-RERUN-FINAL-v5/405T/POST-IN-SILICO-VALIDATION-TSV-out/validated-agfusion-dirs/
405T	hla_tsv	s3://crmy-gb-main/neondisco/main-analyses/MSA/running/NeonDisco-outputs/MYBRCA-n990-dataset-awsbatch-dualMode-ND-v0-2-2-RERUN-FINAL-v5/Cohortwide-HLA-typing-OUT/Cohortwide_HLA_types.tsv
406T	agfusion_dir	s3://crmy-gb-main/neondisco/main-analyses/MSA/running/NeonDisco-outputs/MYBRCA-n990-dataset-awsbatch-dualMode-ND-v0-2-2-RERUN-FINAL-v5/406T/POST-IN-SILICO-VALIDATION-TSV-out/validated-agfusion-dirs/
406T	hla_tsv	s3://crmy-gb-main/neondisco/main-analyses/MSA/running/NeonDisco-outputs/MYBRCA-n990-dataset-awsbatch-dualMode-ND-v0-2-2-RERUN-FINAL-v5/Cohortwide-HLA-typing-OUT/Cohortwide_HLA_types.tsv
407T	agfusion_dir	s3://crmy-gb-main/neondisco/main-analyses/MSA/running/NeonDisco-outputs/MYBRCA-n990-dataset-awsbatch-dualMode-ND-v0-2-2-RERUN-FINAL-v5/407T/POST-IN-SILICO-VALIDATION-TSV-out/validated-agfusion-dirs/
407T	hla_tsv	s3://crmy-gb-main/neondisco/main-analyses/MSA/running/NeonDisco-outputs/MYBRCA-n990-dataset-awsbatch-dualMode-ND-v0-2-2-RERUN-FINAL-v5/Cohortwide-HLA-typing-OUT/Cohortwide_HLA_types.tsv
408T	agfusion_dir	s3://crmy-gb-main/neondisco/main-analyses/MSA/running/NeonDisco-outputs/MYBRCA-n990-dataset-awsbatch-dualMode-ND-v0-2-2-RERUN-FINAL-v5/408T/POST-IN-SILICO-VALIDATION-TSV-out/validated-agfusion-dirs/
408T	hla_tsv	s3://crmy-gb-main/neondisco/main-analyses/MSA/running/NeonDisco-outputs/MYBRCA-n990-dataset-awsbatch-dualMode-ND-v0-2-2-RERUN-FINAL-v5/Cohortwide-HLA-typing-OUT/Cohortwide_HLA_types.tsv
409T	agfusion_dir	s3://crmy-gb-main/neondisco/main-analyses/MSA/running/NeonDisco-outputs/MYBRCA-n990-dataset-awsbatch-dualMode-ND-v0-2-2-RERUN-FINAL-v5/409T/POST-IN-SILICO-VALIDATION-TSV-out/validated-agfusion-dirs/
409T	hla_tsv	s3://crmy-gb-main/neondisco/main-analyses/MSA/running/NeonDisco-outputs/MYBRCA-n990-dataset-awsbatch-dualMode-ND-v0-2-2-RERUN-FINAL-v5/Cohortwide-HLA-typing-OUT/Cohortwide_HLA_types.tsv
40T	agfusion_dir	s3://crmy-gb-main/neondisco/main-analyses/MSA/running/NeonDisco-outputs/MYBRCA-n990-dataset-awsbatch-dualMode-ND-v0-2-2-RERUN-FINAL-v5/40T/POST-IN-SILICO-VALIDATION-TSV-out/validated-agfusion-dirs/
40T	hla_tsv	s3://crmy-gb-main/neondisco/main-analyses/MSA/running/NeonDisco-outputs/MYBRCA-n990-dataset-awsbatch-dualMode-ND-v0-2-2-RERUN-FINAL-v5/Cohortwide-HLA-typing-OUT/Cohortwide_HLA_types.tsv
410T	agfusion_dir	s3://crmy-gb-main/neondisco/main-analyses/MSA/running/NeonDisco-outputs/MYBRCA-n990-dataset-awsbatch-dualMode-ND-v0-2-2-RERUN-FINAL-v5/410T/POST-IN-SILICO-VALIDATION-TSV-out/validated-agfusion-dirs/
410T	hla_tsv	s3://crmy-gb-main/neondisco/main-analyses/MSA/running/NeonDisco-outputs/MYBRCA-n990-dataset-awsbatch-dualMode-ND-v0-2-2-RERUN-FINAL-v5/Cohortwide-HLA-typing-OUT/Cohortwide_HLA_types.tsv
411T	agfusion_dir	s3://crmy-gb-main/neondisco/main-analyses/MSA/running/NeonDisco-outputs/MYBRCA-n990-dataset-awsbatch-dualMode-ND-v0-2-2-RERUN-FINAL-v5/411T/POST-IN-SILICO-VALIDATION-TSV-out/validated-agfusion-dirs/
411T	hla_tsv	s3://crmy-gb-main/neondisco/main-analyses/MSA/running/NeonDisco-outputs/MYBRCA-n990-dataset-awsbatch-dualMode-ND-v0-2-2-RERUN-FINAL-v5/Cohortwide-HLA-typing-OUT/Cohortwide_HLA_types.tsv
412T	agfusion_dir	s3://crmy-gb-main/neondisco/main-analyses/MSA/running/NeonDisco-outputs/MYBRCA-n990-dataset-awsbatch-dualMode-ND-v0-2-2-RERUN-FINAL-v5/412T/POST-IN-SILICO-VALIDATION-TSV-out/validated-agfusion-dirs/
412T	hla_tsv	s3://crmy-gb-main/neondisco/main-analyses/MSA/running/NeonDisco-outputs/MYBRCA-n990-dataset-awsbatch-dualMode-ND-v0-2-2-RERUN-FINAL-v5/Cohortwide-HLA-typing-OUT/Cohortwide_HLA_types.tsv
413T	agfusion_dir	s3://crmy-gb-main/neondisco/main-analyses/MSA/running/NeonDisco-outputs/MYBRCA-n990-dataset-awsbatch-dualMode-ND-v0-2-2-RERUN-FINAL-v5/413T/POST-IN-SILICO-VALIDATION-TSV-out/validated-agfusion-dirs/
413T	hla_tsv	s3://crmy-gb-main/neondisco/main-analyses/MSA/running/NeonDisco-outputs/MYBRCA-n990-dataset-awsbatch-dualMode-ND-v0-2-2-RERUN-FINAL-v5/Cohortwide-HLA-typing-OUT/Cohortwide_HLA_types.tsv
415T	agfusion_dir	s3://crmy-gb-main/neondisco/main-analyses/MSA/running/NeonDisco-outputs/MYBRCA-n990-dataset-awsbatch-dualMode-ND-v0-2-2-RERUN-FINAL-v5/415T/POST-IN-SILICO-VALIDATION-TSV-out/validated-agfusion-dirs/
415T	hla_tsv	s3://crmy-gb-main/neondisco/main-analyses/MSA/running/NeonDisco-outputs/MYBRCA-n990-dataset-awsbatch-dualMode-ND-v0-2-2-RERUN-FINAL-v5/Cohortwide-HLA-typing-OUT/Cohortwide_HLA_types.tsv
416T	agfusion_dir	s3://crmy-gb-main/neondisco/main-analyses/MSA/running/NeonDisco-outputs/MYBRCA-n990-dataset-awsbatch-dualMode-ND-v0-2-2-RERUN-FINAL-v5/416T/POST-IN-SILICO-VALIDATION-TSV-out/validated-agfusion-dirs/
416T	hla_tsv	s3://crmy-gb-main/neondisco/main-analyses/MSA/running/NeonDisco-outputs/MYBRCA-n990-dataset-awsbatch-dualMode-ND-v0-2-2-RERUN-FINAL-v5/Cohortwide-HLA-typing-OUT/Cohortwide_HLA_types.tsv
417T	agfusion_dir	s3://crmy-gb-main/neondisco/main-analyses/MSA/running/NeonDisco-outputs/MYBRCA-n990-dataset-awsbatch-dualMode-ND-v0-2-2-RERUN-FINAL-v5/417T/POST-IN-SILICO-VALIDATION-TSV-out/validated-agfusion-dirs/
417T	hla_tsv	s3://crmy-gb-main/neondisco/main-analyses/MSA/running/NeonDisco-outputs/MYBRCA-n990-dataset-awsbatch-dualMode-ND-v0-2-2-RERUN-FINAL-v5/Cohortwide-HLA-typing-OUT/Cohortwide_HLA_types.tsv
418T	agfusion_dir	s3://crmy-gb-main/neondisco/main-analyses/MSA/running/NeonDisco-outputs/MYBRCA-n990-dataset-awsbatch-dualMode-ND-v0-2-2-RERUN-FINAL-v5/418T/POST-IN-SILICO-VALIDATION-TSV-out/validated-agfusion-dirs/
418T	hla_tsv	s3://crmy-gb-main/neondisco/main-analyses/MSA/running/NeonDisco-outputs/MYBRCA-n990-dataset-awsbatch-dualMode-ND-v0-2-2-RERUN-FINAL-v5/Cohortwide-HLA-typing-OUT/Cohortwide_HLA_types.tsv
419T	agfusion_dir	s3://crmy-gb-main/neondisco/main-analyses/MSA/running/NeonDisco-outputs/MYBRCA-n990-dataset-awsbatch-dualMode-ND-v0-2-2-RERUN-FINAL-v5/419T/POST-IN-SILICO-VALIDATION-TSV-out/validated-agfusion-dirs/
419T	hla_tsv	s3://crmy-gb-main/neondisco/main-analyses/MSA/running/NeonDisco-outputs/MYBRCA-n990-dataset-awsbatch-dualMode-ND-v0-2-2-RERUN-FINAL-v5/Cohortwide-HLA-typing-OUT/Cohortwide_HLA_types.tsv
41T	agfusion_dir	s3://crmy-gb-main/neondisco/main-analyses/MSA/running/NeonDisco-outputs/MYBRCA-n990-dataset-awsbatch-dualMode-ND-v0-2-2-RERUN-FINAL-v5/41T/POST-IN-SILICO-VALIDATION-TSV-out/validated-agfusion-dirs/
41T	hla_tsv	s3://crmy-gb-main/neondisco/main-analyses/MSA/running/NeonDisco-outputs/MYBRCA-n990-dataset-awsbatch-dualMode-ND-v0-2-2-RERUN-FINAL-v5/Cohortwide-HLA-typing-OUT/Cohortwide_HLA_types.tsv
420T	agfusion_dir	s3://crmy-gb-main/neondisco/main-analyses/MSA/running/NeonDisco-outputs/MYBRCA-n990-dataset-awsbatch-dualMode-ND-v0-2-2-RERUN-FINAL-v5/420T/POST-IN-SILICO-VALIDATION-TSV-out/validated-agfusion-dirs/
420T	hla_tsv	s3://crmy-gb-main/neondisco/main-analyses/MSA/running/NeonDisco-outputs/MYBRCA-n990-dataset-awsbatch-dualMode-ND-v0-2-2-RERUN-FINAL-v5/Cohortwide-HLA-typing-OUT/Cohortwide_HLA_types.tsv
421T	agfusion_dir	s3://crmy-gb-main/neondisco/main-analyses/MSA/running/NeonDisco-outputs/MYBRCA-n990-dataset-awsbatch-dualMode-ND-v0-2-2-RERUN-FINAL-v5/421T/POST-IN-SILICO-VALIDATION-TSV-out/validated-agfusion-dirs/
421T	hla_tsv	s3://crmy-gb-main/neondisco/main-analyses/MSA/running/NeonDisco-outputs/MYBRCA-n990-dataset-awsbatch-dualMode-ND-v0-2-2-RERUN-FINAL-v5/Cohortwide-HLA-typing-OUT/Cohortwide_HLA_types.tsv
422T	agfusion_dir	s3://crmy-gb-main/neondisco/main-analyses/MSA/running/NeonDisco-outputs/MYBRCA-n990-dataset-awsbatch-dualMode-ND-v0-2-2-RERUN-FINAL-v5/422T/POST-IN-SILICO-VALIDATION-TSV-out/validated-agfusion-dirs/
422T	hla_tsv	s3://crmy-gb-main/neondisco/main-analyses/MSA/running/NeonDisco-outputs/MYBRCA-n990-dataset-awsbatch-dualMode-ND-v0-2-2-RERUN-FINAL-v5/Cohortwide-HLA-typing-OUT/Cohortwide_HLA_types.tsv
423T	agfusion_dir	s3://crmy-gb-main/neondisco/main-analyses/MSA/running/NeonDisco-outputs/MYBRCA-n990-dataset-awsbatch-dualMode-ND-v0-2-2-RERUN-FINAL-v5/423T/POST-IN-SILICO-VALIDATION-TSV-out/validated-agfusion-dirs/
423T	hla_tsv	s3://crmy-gb-main/neondisco/main-analyses/MSA/running/NeonDisco-outputs/MYBRCA-n990-dataset-awsbatch-dualMode-ND-v0-2-2-RERUN-FINAL-v5/Cohortwide-HLA-typing-OUT/Cohortwide_HLA_types.tsv
424T	agfusion_dir	s3://crmy-gb-main/neondisco/main-analyses/MSA/running/NeonDisco-outputs/MYBRCA-n990-dataset-awsbatch-dualMode-ND-v0-2-2-RERUN-FINAL-v5/424T/POST-IN-SILICO-VALIDATION-TSV-out/validated-agfusion-dirs/
424T	hla_tsv	s3://crmy-gb-main/neondisco/main-analyses/MSA/running/NeonDisco-outputs/MYBRCA-n990-dataset-awsbatch-dualMode-ND-v0-2-2-RERUN-FINAL-v5/Cohortwide-HLA-typing-OUT/Cohortwide_HLA_types.tsv
425T	agfusion_dir	s3://crmy-gb-main/neondisco/main-analyses/MSA/running/NeonDisco-outputs/MYBRCA-n990-dataset-awsbatch-dualMode-ND-v0-2-2-RERUN-FINAL-v5/425T/POST-IN-SILICO-VALIDATION-TSV-out/validated-agfusion-dirs/
425T	hla_tsv	s3://crmy-gb-main/neondisco/main-analyses/MSA/running/NeonDisco-outputs/MYBRCA-n990-dataset-awsbatch-dualMode-ND-v0-2-2-RERUN-FINAL-v5/Cohortwide-HLA-typing-OUT/Cohortwide_HLA_types.tsv
426T	agfusion_dir	s3://crmy-gb-main/neondisco/main-analyses/MSA/running/NeonDisco-outputs/MYBRCA-n990-dataset-awsbatch-dualMode-ND-v0-2-2-RERUN-FINAL-v5/426T/POST-IN-SILICO-VALIDATION-TSV-out/validated-agfusion-dirs/
426T	hla_tsv	s3://crmy-gb-main/neondisco/main-analyses/MSA/running/NeonDisco-outputs/MYBRCA-n990-dataset-awsbatch-dualMode-ND-v0-2-2-RERUN-FINAL-v5/Cohortwide-HLA-typing-OUT/Cohortwide_HLA_types.tsv
427T	agfusion_dir	s3://crmy-gb-main/neondisco/main-analyses/MSA/running/NeonDisco-outputs/MYBRCA-n990-dataset-awsbatch-dualMode-ND-v0-2-2-RERUN-FINAL-v5/427T/POST-IN-SILICO-VALIDATION-TSV-out/validated-agfusion-dirs/
427T	hla_tsv	s3://crmy-gb-main/neondisco/main-analyses/MSA/running/NeonDisco-outputs/MYBRCA-n990-dataset-awsbatch-dualMode-ND-v0-2-2-RERUN-FINAL-v5/Cohortwide-HLA-typing-OUT/Cohortwide_HLA_types.tsv
428T	agfusion_dir	s3://crmy-gb-main/neondisco/main-analyses/MSA/running/NeonDisco-outputs/MYBRCA-n990-dataset-awsbatch-dualMode-ND-v0-2-2-RERUN-FINAL-v5/428T/POST-IN-SILICO-VALIDATION-TSV-out/validated-agfusion-dirs/
428T	hla_tsv	s3://crmy-gb-main/neondisco/main-analyses/MSA/running/NeonDisco-outputs/MYBRCA-n990-dataset-awsbatch-dualMode-ND-v0-2-2-RERUN-FINAL-v5/Cohortwide-HLA-typing-OUT/Cohortwide_HLA_types.tsv
429T	agfusion_dir	s3://crmy-gb-main/neondisco/main-analyses/MSA/running/NeonDisco-outputs/MYBRCA-n990-dataset-awsbatch-dualMode-ND-v0-2-2-RERUN-FINAL-v5/429T/POST-IN-SILICO-VALIDATION-TSV-out/validated-agfusion-dirs/
429T	hla_tsv	s3://crmy-gb-main/neondisco/main-analyses/MSA/running/NeonDisco-outputs/MYBRCA-n990-dataset-awsbatch-dualMode-ND-v0-2-2-RERUN-FINAL-v5/Cohortwide-HLA-typing-OUT/Cohortwide_HLA_types.tsv
42T	agfusion_dir	s3://crmy-gb-main/neondisco/main-analyses/MSA/running/NeonDisco-outputs/MYBRCA-n990-dataset-awsbatch-dualMode-ND-v0-2-2-RERUN-FINAL-v5/42T/POST-IN-SILICO-VALIDATION-TSV-out/validated-agfusion-dirs/
42T	hla_tsv	s3://crmy-gb-main/neondisco/main-analyses/MSA/running/NeonDisco-outputs/MYBRCA-n990-dataset-awsbatch-dualMode-ND-v0-2-2-RERUN-FINAL-v5/Cohortwide-HLA-typing-OUT/Cohortwide_HLA_types.tsv
430T	agfusion_dir	s3://crmy-gb-main/neondisco/main-analyses/MSA/running/NeonDisco-outputs/MYBRCA-n990-dataset-awsbatch-dualMode-ND-v0-2-2-RERUN-FINAL-v5/430T/POST-IN-SILICO-VALIDATION-TSV-out/validated-agfusion-dirs/
430T	hla_tsv	s3://crmy-gb-main/neondisco/main-analyses/MSA/running/NeonDisco-outputs/MYBRCA-n990-dataset-awsbatch-dualMode-ND-v0-2-2-RERUN-FINAL-v5/Cohortwide-HLA-typing-OUT/Cohortwide_HLA_types.tsv
431T	agfusion_dir	s3://crmy-gb-main/neondisco/main-analyses/MSA/running/NeonDisco-outputs/MYBRCA-n990-dataset-awsbatch-dualMode-ND-v0-2-2-RERUN-FINAL-v5/431T/POST-IN-SILICO-VALIDATION-TSV-out/validated-agfusion-dirs/
431T	hla_tsv	s3://crmy-gb-main/neondisco/main-analyses/MSA/running/NeonDisco-outputs/MYBRCA-n990-dataset-awsbatch-dualMode-ND-v0-2-2-RERUN-FINAL-v5/Cohortwide-HLA-typing-OUT/Cohortwide_HLA_types.tsv
432T	agfusion_dir	s3://crmy-gb-main/neondisco/main-analyses/MSA/running/NeonDisco-outputs/MYBRCA-n990-dataset-awsbatch-dualMode-ND-v0-2-2-RERUN-FINAL-v5/432T/POST-IN-SILICO-VALIDATION-TSV-out/validated-agfusion-dirs/
432T	hla_tsv	s3://crmy-gb-main/neondisco/main-analyses/MSA/running/NeonDisco-outputs/MYBRCA-n990-dataset-awsbatch-dualMode-ND-v0-2-2-RERUN-FINAL-v5/Cohortwide-HLA-typing-OUT/Cohortwide_HLA_types.tsv
433T	agfusion_dir	s3://crmy-gb-main/neondisco/main-analyses/MSA/running/NeonDisco-outputs/MYBRCA-n990-dataset-awsbatch-dualMode-ND-v0-2-2-RERUN-FINAL-v5/433T/POST-IN-SILICO-VALIDATION-TSV-out/validated-agfusion-dirs/
433T	hla_tsv	s3://crmy-gb-main/neondisco/main-analyses/MSA/running/NeonDisco-outputs/MYBRCA-n990-dataset-awsbatch-dualMode-ND-v0-2-2-RERUN-FINAL-v5/Cohortwide-HLA-typing-OUT/Cohortwide_HLA_types.tsv
434T	agfusion_dir	s3://crmy-gb-main/neondisco/main-analyses/MSA/running/NeonDisco-outputs/MYBRCA-n990-dataset-awsbatch-dualMode-ND-v0-2-2-RERUN-FINAL-v5/434T/POST-IN-SILICO-VALIDATION-TSV-out/validated-agfusion-dirs/
434T	hla_tsv	s3://crmy-gb-main/neondisco/main-analyses/MSA/running/NeonDisco-outputs/MYBRCA-n990-dataset-awsbatch-dualMode-ND-v0-2-2-RERUN-FINAL-v5/Cohortwide-HLA-typing-OUT/Cohortwide_HLA_types.tsv
435T	agfusion_dir	s3://crmy-gb-main/neondisco/main-analyses/MSA/running/NeonDisco-outputs/MYBRCA-n990-dataset-awsbatch-dualMode-ND-v0-2-2-RERUN-FINAL-v5/435T/POST-IN-SILICO-VALIDATION-TSV-out/validated-agfusion-dirs/
435T	hla_tsv	s3://crmy-gb-main/neondisco/main-analyses/MSA/running/NeonDisco-outputs/MYBRCA-n990-dataset-awsbatch-dualMode-ND-v0-2-2-RERUN-FINAL-v5/Cohortwide-HLA-typing-OUT/Cohortwide_HLA_types.tsv
436T	agfusion_dir	s3://crmy-gb-main/neondisco/main-analyses/MSA/running/NeonDisco-outputs/MYBRCA-n990-dataset-awsbatch-dualMode-ND-v0-2-2-RERUN-FINAL-v5/436T/POST-IN-SILICO-VALIDATION-TSV-out/validated-agfusion-dirs/
436T	hla_tsv	s3://crmy-gb-main/neondisco/main-analyses/MSA/running/NeonDisco-outputs/MYBRCA-n990-dataset-awsbatch-dualMode-ND-v0-2-2-RERUN-FINAL-v5/Cohortwide-HLA-typing-OUT/Cohortwide_HLA_types.tsv
437T	agfusion_dir	s3://crmy-gb-main/neondisco/main-analyses/MSA/running/NeonDisco-outputs/MYBRCA-n990-dataset-awsbatch-dualMode-ND-v0-2-2-RERUN-FINAL-v5/437T/POST-IN-SILICO-VALIDATION-TSV-out/validated-agfusion-dirs/
437T	hla_tsv	s3://crmy-gb-main/neondisco/main-analyses/MSA/running/NeonDisco-outputs/MYBRCA-n990-dataset-awsbatch-dualMode-ND-v0-2-2-RERUN-FINAL-v5/Cohortwide-HLA-typing-OUT/Cohortwide_HLA_types.tsv
438T	agfusion_dir	s3://crmy-gb-main/neondisco/main-analyses/MSA/running/NeonDisco-outputs/MYBRCA-n990-dataset-awsbatch-dualMode-ND-v0-2-2-RERUN-FINAL-v5/438T/POST-IN-SILICO-VALIDATION-TSV-out/validated-agfusion-dirs/
438T	hla_tsv	s3://crmy-gb-main/neondisco/main-analyses/MSA/running/NeonDisco-outputs/MYBRCA-n990-dataset-awsbatch-dualMode-ND-v0-2-2-RERUN-FINAL-v5/Cohortwide-HLA-typing-OUT/Cohortwide_HLA_types.tsv
439T	agfusion_dir	s3://crmy-gb-main/neondisco/main-analyses/MSA/running/NeonDisco-outputs/MYBRCA-n990-dataset-awsbatch-dualMode-ND-v0-2-2-RERUN-FINAL-v5/439T/POST-IN-SILICO-VALIDATION-TSV-out/validated-agfusion-dirs/
439T	hla_tsv	s3://crmy-gb-main/neondisco/main-analyses/MSA/running/NeonDisco-outputs/MYBRCA-n990-dataset-awsbatch-dualMode-ND-v0-2-2-RERUN-FINAL-v5/Cohortwide-HLA-typing-OUT/Cohortwide_HLA_types.tsv
43T	agfusion_dir	s3://crmy-gb-main/neondisco/main-analyses/MSA/running/NeonDisco-outputs/MYBRCA-n990-dataset-awsbatch-dualMode-ND-v0-2-2-RERUN-FINAL-v5/43T/POST-IN-SILICO-VALIDATION-TSV-out/validated-agfusion-dirs/
43T	hla_tsv	s3://crmy-gb-main/neondisco/main-analyses/MSA/running/NeonDisco-outputs/MYBRCA-n990-dataset-awsbatch-dualMode-ND-v0-2-2-RERUN-FINAL-v5/Cohortwide-HLA-typing-OUT/Cohortwide_HLA_types.tsv
440T	agfusion_dir	s3://crmy-gb-main/neondisco/main-analyses/MSA/running/NeonDisco-outputs/MYBRCA-n990-dataset-awsbatch-dualMode-ND-v0-2-2-RERUN-FINAL-v5/440T/POST-IN-SILICO-VALIDATION-TSV-out/validated-agfusion-dirs/
440T	hla_tsv	s3://crmy-gb-main/neondisco/main-analyses/MSA/running/NeonDisco-outputs/MYBRCA-n990-dataset-awsbatch-dualMode-ND-v0-2-2-RERUN-FINAL-v5/Cohortwide-HLA-typing-OUT/Cohortwide_HLA_types.tsv
441T	agfusion_dir	s3://crmy-gb-main/neondisco/main-analyses/MSA/running/NeonDisco-outputs/MYBRCA-n990-dataset-awsbatch-dualMode-ND-v0-2-2-RERUN-FINAL-v5/441T/POST-IN-SILICO-VALIDATION-TSV-out/validated-agfusion-dirs/
441T	hla_tsv	s3://crmy-gb-main/neondisco/main-analyses/MSA/running/NeonDisco-outputs/MYBRCA-n990-dataset-awsbatch-dualMode-ND-v0-2-2-RERUN-FINAL-v5/Cohortwide-HLA-typing-OUT/Cohortwide_HLA_types.tsv
442T	agfusion_dir	s3://crmy-gb-main/neondisco/main-analyses/MSA/running/NeonDisco-outputs/MYBRCA-n990-dataset-awsbatch-dualMode-ND-v0-2-2-RERUN-FINAL-v5/442T/POST-IN-SILICO-VALIDATION-TSV-out/validated-agfusion-dirs/
442T	hla_tsv	s3://crmy-gb-main/neondisco/main-analyses/MSA/running/NeonDisco-outputs/MYBRCA-n990-dataset-awsbatch-dualMode-ND-v0-2-2-RERUN-FINAL-v5/Cohortwide-HLA-typing-OUT/Cohortwide_HLA_types.tsv
443T	agfusion_dir	s3://crmy-gb-main/neondisco/main-analyses/MSA/running/NeonDisco-outputs/MYBRCA-n990-dataset-awsbatch-dualMode-ND-v0-2-2-RERUN-FINAL-v5/443T/POST-IN-SILICO-VALIDATION-TSV-out/validated-agfusion-dirs/
443T	hla_tsv	s3://crmy-gb-main/neondisco/main-analyses/MSA/running/NeonDisco-outputs/MYBRCA-n990-dataset-awsbatch-dualMode-ND-v0-2-2-RERUN-FINAL-v5/Cohortwide-HLA-typing-OUT/Cohortwide_HLA_types.tsv
444T	agfusion_dir	s3://crmy-gb-main/neondisco/main-analyses/MSA/running/NeonDisco-outputs/MYBRCA-n990-dataset-awsbatch-dualMode-ND-v0-2-2-RERUN-FINAL-v5/444T/POST-IN-SILICO-VALIDATION-TSV-out/validated-agfusion-dirs/
444T	hla_tsv	s3://crmy-gb-main/neondisco/main-analyses/MSA/running/NeonDisco-outputs/MYBRCA-n990-dataset-awsbatch-dualMode-ND-v0-2-2-RERUN-FINAL-v5/Cohortwide-HLA-typing-OUT/Cohortwide_HLA_types.tsv
445T	agfusion_dir	s3://crmy-gb-main/neondisco/main-analyses/MSA/running/NeonDisco-outputs/MYBRCA-n990-dataset-awsbatch-dualMode-ND-v0-2-2-RERUN-FINAL-v5/445T/POST-IN-SILICO-VALIDATION-TSV-out/validated-agfusion-dirs/
445T	hla_tsv	s3://crmy-gb-main/neondisco/main-analyses/MSA/running/NeonDisco-outputs/MYBRCA-n990-dataset-awsbatch-dualMode-ND-v0-2-2-RERUN-FINAL-v5/Cohortwide-HLA-typing-OUT/Cohortwide_HLA_types.tsv
446T	agfusion_dir	s3://crmy-gb-main/neondisco/main-analyses/MSA/running/NeonDisco-outputs/MYBRCA-n990-dataset-awsbatch-dualMode-ND-v0-2-2-RERUN-FINAL-v5/446T/POST-IN-SILICO-VALIDATION-TSV-out/validated-agfusion-dirs/
446T	hla_tsv	s3://crmy-gb-main/neondisco/main-analyses/MSA/running/NeonDisco-outputs/MYBRCA-n990-dataset-awsbatch-dualMode-ND-v0-2-2-RERUN-FINAL-v5/Cohortwide-HLA-typing-OUT/Cohortwide_HLA_types.tsv
447T	agfusion_dir	s3://crmy-gb-main/neondisco/main-analyses/MSA/running/NeonDisco-outputs/MYBRCA-n990-dataset-awsbatch-dualMode-ND-v0-2-2-RERUN-FINAL-v5/447T/POST-IN-SILICO-VALIDATION-TSV-out/validated-agfusion-dirs/
447T	hla_tsv	s3://crmy-gb-main/neondisco/main-analyses/MSA/running/NeonDisco-outputs/MYBRCA-n990-dataset-awsbatch-dualMode-ND-v0-2-2-RERUN-FINAL-v5/Cohortwide-HLA-typing-OUT/Cohortwide_HLA_types.tsv
448T	agfusion_dir	s3://crmy-gb-main/neondisco/main-analyses/MSA/running/NeonDisco-outputs/MYBRCA-n990-dataset-awsbatch-dualMode-ND-v0-2-2-RERUN-FINAL-v5/448T/POST-IN-SILICO-VALIDATION-TSV-out/validated-agfusion-dirs/
448T	hla_tsv	s3://crmy-gb-main/neondisco/main-analyses/MSA/running/NeonDisco-outputs/MYBRCA-n990-dataset-awsbatch-dualMode-ND-v0-2-2-RERUN-FINAL-v5/Cohortwide-HLA-typing-OUT/Cohortwide_HLA_types.tsv
449T	agfusion_dir	s3://crmy-gb-main/neondisco/main-analyses/MSA/running/NeonDisco-outputs/MYBRCA-n990-dataset-awsbatch-dualMode-ND-v0-2-2-RERUN-FINAL-v5/449T/POST-IN-SILICO-VALIDATION-TSV-out/validated-agfusion-dirs/
449T	hla_tsv	s3://crmy-gb-main/neondisco/main-analyses/MSA/running/NeonDisco-outputs/MYBRCA-n990-dataset-awsbatch-dualMode-ND-v0-2-2-RERUN-FINAL-v5/Cohortwide-HLA-typing-OUT/Cohortwide_HLA_types.tsv
44T	agfusion_dir	s3://crmy-gb-main/neondisco/main-analyses/MSA/running/NeonDisco-outputs/MYBRCA-n990-dataset-awsbatch-dualMode-ND-v0-2-2-RERUN-FINAL-v5/44T/POST-IN-SILICO-VALIDATION-TSV-out/validated-agfusion-dirs/
44T	hla_tsv	s3://crmy-gb-main/neondisco/main-analyses/MSA/running/NeonDisco-outputs/MYBRCA-n990-dataset-awsbatch-dualMode-ND-v0-2-2-RERUN-FINAL-v5/Cohortwide-HLA-typing-OUT/Cohortwide_HLA_types.tsv
450T	agfusion_dir	s3://crmy-gb-main/neondisco/main-analyses/MSA/running/NeonDisco-outputs/MYBRCA-n990-dataset-awsbatch-dualMode-ND-v0-2-2-RERUN-FINAL-v5/450T/POST-IN-SILICO-VALIDATION-TSV-out/validated-agfusion-dirs/
450T	hla_tsv	s3://crmy-gb-main/neondisco/main-analyses/MSA/running/NeonDisco-outputs/MYBRCA-n990-dataset-awsbatch-dualMode-ND-v0-2-2-RERUN-FINAL-v5/Cohortwide-HLA-typing-OUT/Cohortwide_HLA_types.tsv
451T	agfusion_dir	s3://crmy-gb-main/neondisco/main-analyses/MSA/running/NeonDisco-outputs/MYBRCA-n990-dataset-awsbatch-dualMode-ND-v0-2-2-RERUN-FINAL-v5/451T/POST-IN-SILICO-VALIDATION-TSV-out/validated-agfusion-dirs/
451T	hla_tsv	s3://crmy-gb-main/neondisco/main-analyses/MSA/running/NeonDisco-outputs/MYBRCA-n990-dataset-awsbatch-dualMode-ND-v0-2-2-RERUN-FINAL-v5/Cohortwide-HLA-typing-OUT/Cohortwide_HLA_types.tsv
452T	agfusion_dir	s3://crmy-gb-main/neondisco/main-analyses/MSA/running/NeonDisco-outputs/MYBRCA-n990-dataset-awsbatch-dualMode-ND-v0-2-2-RERUN-FINAL-v5/452T/POST-IN-SILICO-VALIDATION-TSV-out/validated-agfusion-dirs/
452T	hla_tsv	s3://crmy-gb-main/neondisco/main-analyses/MSA/running/NeonDisco-outputs/MYBRCA-n990-dataset-awsbatch-dualMode-ND-v0-2-2-RERUN-FINAL-v5/Cohortwide-HLA-typing-OUT/Cohortwide_HLA_types.tsv
453T	agfusion_dir	s3://crmy-gb-main/neondisco/main-analyses/MSA/running/NeonDisco-outputs/MYBRCA-n990-dataset-awsbatch-dualMode-ND-v0-2-2-RERUN-FINAL-v5/453T/POST-IN-SILICO-VALIDATION-TSV-out/validated-agfusion-dirs/
453T	hla_tsv	s3://crmy-gb-main/neondisco/main-analyses/MSA/running/NeonDisco-outputs/MYBRCA-n990-dataset-awsbatch-dualMode-ND-v0-2-2-RERUN-FINAL-v5/Cohortwide-HLA-typing-OUT/Cohortwide_HLA_types.tsv
454T	agfusion_dir	s3://crmy-gb-main/neondisco/main-analyses/MSA/running/NeonDisco-outputs/MYBRCA-n990-dataset-awsbatch-dualMode-ND-v0-2-2-RERUN-FINAL-v5/454T/POST-IN-SILICO-VALIDATION-TSV-out/validated-agfusion-dirs/
454T	hla_tsv	s3://crmy-gb-main/neondisco/main-analyses/MSA/running/NeonDisco-outputs/MYBRCA-n990-dataset-awsbatch-dualMode-ND-v0-2-2-RERUN-FINAL-v5/Cohortwide-HLA-typing-OUT/Cohortwide_HLA_types.tsv
455T	agfusion_dir	s3://crmy-gb-main/neondisco/main-analyses/MSA/running/NeonDisco-outputs/MYBRCA-n990-dataset-awsbatch-dualMode-ND-v0-2-2-RERUN-FINAL-v5/455T/POST-IN-SILICO-VALIDATION-TSV-out/validated-agfusion-dirs/
455T	hla_tsv	s3://crmy-gb-main/neondisco/main-analyses/MSA/running/NeonDisco-outputs/MYBRCA-n990-dataset-awsbatch-dualMode-ND-v0-2-2-RERUN-FINAL-v5/Cohortwide-HLA-typing-OUT/Cohortwide_HLA_types.tsv
456T	agfusion_dir	s3://crmy-gb-main/neondisco/main-analyses/MSA/running/NeonDisco-outputs/MYBRCA-n990-dataset-awsbatch-dualMode-ND-v0-2-2-RERUN-FINAL-v5/456T/POST-IN-SILICO-VALIDATION-TSV-out/validated-agfusion-dirs/
456T	hla_tsv	s3://crmy-gb-main/neondisco/main-analyses/MSA/running/NeonDisco-outputs/MYBRCA-n990-dataset-awsbatch-dualMode-ND-v0-2-2-RERUN-FINAL-v5/Cohortwide-HLA-typing-OUT/Cohortwide_HLA_types.tsv
457T	agfusion_dir	s3://crmy-gb-main/neondisco/main-analyses/MSA/running/NeonDisco-outputs/MYBRCA-n990-dataset-awsbatch-dualMode-ND-v0-2-2-RERUN-FINAL-v5/457T/POST-IN-SILICO-VALIDATION-TSV-out/validated-agfusion-dirs/
457T	hla_tsv	s3://crmy-gb-main/neondisco/main-analyses/MSA/running/NeonDisco-outputs/MYBRCA-n990-dataset-awsbatch-dualMode-ND-v0-2-2-RERUN-FINAL-v5/Cohortwide-HLA-typing-OUT/Cohortwide_HLA_types.tsv
458T	agfusion_dir	s3://crmy-gb-main/neondisco/main-analyses/MSA/running/NeonDisco-outputs/MYBRCA-n990-dataset-awsbatch-dualMode-ND-v0-2-2-RERUN-FINAL-v5/458T/POST-IN-SILICO-VALIDATION-TSV-out/validated-agfusion-dirs/
458T	hla_tsv	s3://crmy-gb-main/neondisco/main-analyses/MSA/running/NeonDisco-outputs/MYBRCA-n990-dataset-awsbatch-dualMode-ND-v0-2-2-RERUN-FINAL-v5/Cohortwide-HLA-typing-OUT/Cohortwide_HLA_types.tsv
459T	agfusion_dir	s3://crmy-gb-main/neondisco/main-analyses/MSA/running/NeonDisco-outputs/MYBRCA-n990-dataset-awsbatch-dualMode-ND-v0-2-2-RERUN-FINAL-v5/459T/POST-IN-SILICO-VALIDATION-TSV-out/validated-agfusion-dirs/
459T	hla_tsv	s3://crmy-gb-main/neondisco/main-analyses/MSA/running/NeonDisco-outputs/MYBRCA-n990-dataset-awsbatch-dualMode-ND-v0-2-2-RERUN-FINAL-v5/Cohortwide-HLA-typing-OUT/Cohortwide_HLA_types.tsv
45T	agfusion_dir	s3://crmy-gb-main/neondisco/main-analyses/MSA/running/NeonDisco-outputs/MYBRCA-n990-dataset-awsbatch-dualMode-ND-v0-2-2-RERUN-FINAL-v5/45T/POST-IN-SILICO-VALIDATION-TSV-out/validated-agfusion-dirs/
45T	hla_tsv	s3://crmy-gb-main/neondisco/main-analyses/MSA/running/NeonDisco-outputs/MYBRCA-n990-dataset-awsbatch-dualMode-ND-v0-2-2-RERUN-FINAL-v5/Cohortwide-HLA-typing-OUT/Cohortwide_HLA_types.tsv
460T	agfusion_dir	s3://crmy-gb-main/neondisco/main-analyses/MSA/running/NeonDisco-outputs/MYBRCA-n990-dataset-awsbatch-dualMode-ND-v0-2-2-RERUN-FINAL-v5/460T/POST-IN-SILICO-VALIDATION-TSV-out/validated-agfusion-dirs/
460T	hla_tsv	s3://crmy-gb-main/neondisco/main-analyses/MSA/running/NeonDisco-outputs/MYBRCA-n990-dataset-awsbatch-dualMode-ND-v0-2-2-RERUN-FINAL-v5/Cohortwide-HLA-typing-OUT/Cohortwide_HLA_types.tsv
461T	agfusion_dir	s3://crmy-gb-main/neondisco/main-analyses/MSA/running/NeonDisco-outputs/MYBRCA-n990-dataset-awsbatch-dualMode-ND-v0-2-2-RERUN-FINAL-v5/461T/POST-IN-SILICO-VALIDATION-TSV-out/validated-agfusion-dirs/
461T	hla_tsv	s3://crmy-gb-main/neondisco/main-analyses/MSA/running/NeonDisco-outputs/MYBRCA-n990-dataset-awsbatch-dualMode-ND-v0-2-2-RERUN-FINAL-v5/Cohortwide-HLA-typing-OUT/Cohortwide_HLA_types.tsv
462T	agfusion_dir	s3://crmy-gb-main/neondisco/main-analyses/MSA/running/NeonDisco-outputs/MYBRCA-n990-dataset-awsbatch-dualMode-ND-v0-2-2-RERUN-FINAL-v5/462T/POST-IN-SILICO-VALIDATION-TSV-out/validated-agfusion-dirs/
462T	hla_tsv	s3://crmy-gb-main/neondisco/main-analyses/MSA/running/NeonDisco-outputs/MYBRCA-n990-dataset-awsbatch-dualMode-ND-v0-2-2-RERUN-FINAL-v5/Cohortwide-HLA-typing-OUT/Cohortwide_HLA_types.tsv
463T	agfusion_dir	s3://crmy-gb-main/neondisco/main-analyses/MSA/running/NeonDisco-outputs/MYBRCA-n990-dataset-awsbatch-dualMode-ND-v0-2-2-RERUN-FINAL-v5/463T/POST-IN-SILICO-VALIDATION-TSV-out/validated-agfusion-dirs/
463T	hla_tsv	s3://crmy-gb-main/neondisco/main-analyses/MSA/running/NeonDisco-outputs/MYBRCA-n990-dataset-awsbatch-dualMode-ND-v0-2-2-RERUN-FINAL-v5/Cohortwide-HLA-typing-OUT/Cohortwide_HLA_types.tsv
464T	agfusion_dir	s3://crmy-gb-main/neondisco/main-analyses/MSA/running/NeonDisco-outputs/MYBRCA-n990-dataset-awsbatch-dualMode-ND-v0-2-2-RERUN-FINAL-v5/464T/POST-IN-SILICO-VALIDATION-TSV-out/validated-agfusion-dirs/
464T	hla_tsv	s3://crmy-gb-main/neondisco/main-analyses/MSA/running/NeonDisco-outputs/MYBRCA-n990-dataset-awsbatch-dualMode-ND-v0-2-2-RERUN-FINAL-v5/Cohortwide-HLA-typing-OUT/Cohortwide_HLA_types.tsv
465T	agfusion_dir	s3://crmy-gb-main/neondisco/main-analyses/MSA/running/NeonDisco-outputs/MYBRCA-n990-dataset-awsbatch-dualMode-ND-v0-2-2-RERUN-FINAL-v5/465T/POST-IN-SILICO-VALIDATION-TSV-out/validated-agfusion-dirs/
465T	hla_tsv	s3://crmy-gb-main/neondisco/main-analyses/MSA/running/NeonDisco-outputs/MYBRCA-n990-dataset-awsbatch-dualMode-ND-v0-2-2-RERUN-FINAL-v5/Cohortwide-HLA-typing-OUT/Cohortwide_HLA_types.tsv
466T	agfusion_dir	s3://crmy-gb-main/neondisco/main-analyses/MSA/running/NeonDisco-outputs/MYBRCA-n990-dataset-awsbatch-dualMode-ND-v0-2-2-RERUN-FINAL-v5/466T/POST-IN-SILICO-VALIDATION-TSV-out/validated-agfusion-dirs/
466T	hla_tsv	s3://crmy-gb-main/neondisco/main-analyses/MSA/running/NeonDisco-outputs/MYBRCA-n990-dataset-awsbatch-dualMode-ND-v0-2-2-RERUN-FINAL-v5/Cohortwide-HLA-typing-OUT/Cohortwide_HLA_types.tsv
467T	agfusion_dir	s3://crmy-gb-main/neondisco/main-analyses/MSA/running/NeonDisco-outputs/MYBRCA-n990-dataset-awsbatch-dualMode-ND-v0-2-2-RERUN-FINAL-v5/467T/POST-IN-SILICO-VALIDATION-TSV-out/validated-agfusion-dirs/
467T	hla_tsv	s3://crmy-gb-main/neondisco/main-analyses/MSA/running/NeonDisco-outputs/MYBRCA-n990-dataset-awsbatch-dualMode-ND-v0-2-2-RERUN-FINAL-v5/Cohortwide-HLA-typing-OUT/Cohortwide_HLA_types.tsv
468T	agfusion_dir	s3://crmy-gb-main/neondisco/main-analyses/MSA/running/NeonDisco-outputs/MYBRCA-n990-dataset-awsbatch-dualMode-ND-v0-2-2-RERUN-FINAL-v5/468T/POST-IN-SILICO-VALIDATION-TSV-out/validated-agfusion-dirs/
468T	hla_tsv	s3://crmy-gb-main/neondisco/main-analyses/MSA/running/NeonDisco-outputs/MYBRCA-n990-dataset-awsbatch-dualMode-ND-v0-2-2-RERUN-FINAL-v5/Cohortwide-HLA-typing-OUT/Cohortwide_HLA_types.tsv
469T	agfusion_dir	s3://crmy-gb-main/neondisco/main-analyses/MSA/running/NeonDisco-outputs/MYBRCA-n990-dataset-awsbatch-dualMode-ND-v0-2-2-RERUN-FINAL-v5/469T/POST-IN-SILICO-VALIDATION-TSV-out/validated-agfusion-dirs/
469T	hla_tsv	s3://crmy-gb-main/neondisco/main-analyses/MSA/running/NeonDisco-outputs/MYBRCA-n990-dataset-awsbatch-dualMode-ND-v0-2-2-RERUN-FINAL-v5/Cohortwide-HLA-typing-OUT/Cohortwide_HLA_types.tsv
46T	agfusion_dir	s3://crmy-gb-main/neondisco/main-analyses/MSA/running/NeonDisco-outputs/MYBRCA-n990-dataset-awsbatch-dualMode-ND-v0-2-2-RERUN-FINAL-v5/46T/POST-IN-SILICO-VALIDATION-TSV-out/validated-agfusion-dirs/
46T	hla_tsv	s3://crmy-gb-main/neondisco/main-analyses/MSA/running/NeonDisco-outputs/MYBRCA-n990-dataset-awsbatch-dualMode-ND-v0-2-2-RERUN-FINAL-v5/Cohortwide-HLA-typing-OUT/Cohortwide_HLA_types.tsv
470T	agfusion_dir	s3://crmy-gb-main/neondisco/main-analyses/MSA/running/NeonDisco-outputs/MYBRCA-n990-dataset-awsbatch-dualMode-ND-v0-2-2-RERUN-FINAL-v5/470T/POST-IN-SILICO-VALIDATION-TSV-out/validated-agfusion-dirs/
470T	hla_tsv	s3://crmy-gb-main/neondisco/main-analyses/MSA/running/NeonDisco-outputs/MYBRCA-n990-dataset-awsbatch-dualMode-ND-v0-2-2-RERUN-FINAL-v5/Cohortwide-HLA-typing-OUT/Cohortwide_HLA_types.tsv
471T	agfusion_dir	s3://crmy-gb-main/neondisco/main-analyses/MSA/running/NeonDisco-outputs/MYBRCA-n990-dataset-awsbatch-dualMode-ND-v0-2-2-RERUN-FINAL-v5/471T/POST-IN-SILICO-VALIDATION-TSV-out/validated-agfusion-dirs/
471T	hla_tsv	s3://crmy-gb-main/neondisco/main-analyses/MSA/running/NeonDisco-outputs/MYBRCA-n990-dataset-awsbatch-dualMode-ND-v0-2-2-RERUN-FINAL-v5/Cohortwide-HLA-typing-OUT/Cohortwide_HLA_types.tsv
472T	agfusion_dir	s3://crmy-gb-main/neondisco/main-analyses/MSA/running/NeonDisco-outputs/MYBRCA-n990-dataset-awsbatch-dualMode-ND-v0-2-2-RERUN-FINAL-v5/472T/POST-IN-SILICO-VALIDATION-TSV-out/validated-agfusion-dirs/
472T	hla_tsv	s3://crmy-gb-main/neondisco/main-analyses/MSA/running/NeonDisco-outputs/MYBRCA-n990-dataset-awsbatch-dualMode-ND-v0-2-2-RERUN-FINAL-v5/Cohortwide-HLA-typing-OUT/Cohortwide_HLA_types.tsv
473T	agfusion_dir	s3://crmy-gb-main/neondisco/main-analyses/MSA/running/NeonDisco-outputs/MYBRCA-n990-dataset-awsbatch-dualMode-ND-v0-2-2-RERUN-FINAL-v5/473T/POST-IN-SILICO-VALIDATION-TSV-out/validated-agfusion-dirs/
473T	hla_tsv	s3://crmy-gb-main/neondisco/main-analyses/MSA/running/NeonDisco-outputs/MYBRCA-n990-dataset-awsbatch-dualMode-ND-v0-2-2-RERUN-FINAL-v5/Cohortwide-HLA-typing-OUT/Cohortwide_HLA_types.tsv
474T	agfusion_dir	s3://crmy-gb-main/neondisco/main-analyses/MSA/running/NeonDisco-outputs/MYBRCA-n990-dataset-awsbatch-dualMode-ND-v0-2-2-RERUN-FINAL-v5/474T/POST-IN-SILICO-VALIDATION-TSV-out/validated-agfusion-dirs/
474T	hla_tsv	s3://crmy-gb-main/neondisco/main-analyses/MSA/running/NeonDisco-outputs/MYBRCA-n990-dataset-awsbatch-dualMode-ND-v0-2-2-RERUN-FINAL-v5/Cohortwide-HLA-typing-OUT/Cohortwide_HLA_types.tsv
475T	agfusion_dir	s3://crmy-gb-main/neondisco/main-analyses/MSA/running/NeonDisco-outputs/MYBRCA-n990-dataset-awsbatch-dualMode-ND-v0-2-2-RERUN-FINAL-v5/475T/POST-IN-SILICO-VALIDATION-TSV-out/validated-agfusion-dirs/
475T	hla_tsv	s3://crmy-gb-main/neondisco/main-analyses/MSA/running/NeonDisco-outputs/MYBRCA-n990-dataset-awsbatch-dualMode-ND-v0-2-2-RERUN-FINAL-v5/Cohortwide-HLA-typing-OUT/Cohortwide_HLA_types.tsv
476T	agfusion_dir	s3://crmy-gb-main/neondisco/main-analyses/MSA/running/NeonDisco-outputs/MYBRCA-n990-dataset-awsbatch-dualMode-ND-v0-2-2-RERUN-FINAL-v5/476T/POST-IN-SILICO-VALIDATION-TSV-out/validated-agfusion-dirs/
476T	hla_tsv	s3://crmy-gb-main/neondisco/main-analyses/MSA/running/NeonDisco-outputs/MYBRCA-n990-dataset-awsbatch-dualMode-ND-v0-2-2-RERUN-FINAL-v5/Cohortwide-HLA-typing-OUT/Cohortwide_HLA_types.tsv
477T	agfusion_dir	s3://crmy-gb-main/neondisco/main-analyses/MSA/running/NeonDisco-outputs/MYBRCA-n990-dataset-awsbatch-dualMode-ND-v0-2-2-RERUN-FINAL-v5/477T/POST-IN-SILICO-VALIDATION-TSV-out/validated-agfusion-dirs/
477T	hla_tsv	s3://crmy-gb-main/neondisco/main-analyses/MSA/running/NeonDisco-outputs/MYBRCA-n990-dataset-awsbatch-dualMode-ND-v0-2-2-RERUN-FINAL-v5/Cohortwide-HLA-typing-OUT/Cohortwide_HLA_types.tsv
478T	agfusion_dir	s3://crmy-gb-main/neondisco/main-analyses/MSA/running/NeonDisco-outputs/MYBRCA-n990-dataset-awsbatch-dualMode-ND-v0-2-2-RERUN-FINAL-v5/478T/POST-IN-SILICO-VALIDATION-TSV-out/validated-agfusion-dirs/
478T	hla_tsv	s3://crmy-gb-main/neondisco/main-analyses/MSA/running/NeonDisco-outputs/MYBRCA-n990-dataset-awsbatch-dualMode-ND-v0-2-2-RERUN-FINAL-v5/Cohortwide-HLA-typing-OUT/Cohortwide_HLA_types.tsv
479T	agfusion_dir	s3://crmy-gb-main/neondisco/main-analyses/MSA/running/NeonDisco-outputs/MYBRCA-n990-dataset-awsbatch-dualMode-ND-v0-2-2-RERUN-FINAL-v5/479T/POST-IN-SILICO-VALIDATION-TSV-out/validated-agfusion-dirs/
479T	hla_tsv	s3://crmy-gb-main/neondisco/main-analyses/MSA/running/NeonDisco-outputs/MYBRCA-n990-dataset-awsbatch-dualMode-ND-v0-2-2-RERUN-FINAL-v5/Cohortwide-HLA-typing-OUT/Cohortwide_HLA_types.tsv
47T	agfusion_dir	s3://crmy-gb-main/neondisco/main-analyses/MSA/running/NeonDisco-outputs/MYBRCA-n990-dataset-awsbatch-dualMode-ND-v0-2-2-RERUN-FINAL-v5/47T/POST-IN-SILICO-VALIDATION-TSV-out/validated-agfusion-dirs/
47T	hla_tsv	s3://crmy-gb-main/neondisco/main-analyses/MSA/running/NeonDisco-outputs/MYBRCA-n990-dataset-awsbatch-dualMode-ND-v0-2-2-RERUN-FINAL-v5/Cohortwide-HLA-typing-OUT/Cohortwide_HLA_types.tsv
480T	agfusion_dir	s3://crmy-gb-main/neondisco/main-analyses/MSA/running/NeonDisco-outputs/MYBRCA-n990-dataset-awsbatch-dualMode-ND-v0-2-2-RERUN-FINAL-v5/480T/POST-IN-SILICO-VALIDATION-TSV-out/validated-agfusion-dirs/
480T	hla_tsv	s3://crmy-gb-main/neondisco/main-analyses/MSA/running/NeonDisco-outputs/MYBRCA-n990-dataset-awsbatch-dualMode-ND-v0-2-2-RERUN-FINAL-v5/Cohortwide-HLA-typing-OUT/Cohortwide_HLA_types.tsv
481T	agfusion_dir	s3://crmy-gb-main/neondisco/main-analyses/MSA/running/NeonDisco-outputs/MYBRCA-n990-dataset-awsbatch-dualMode-ND-v0-2-2-RERUN-FINAL-v5/481T/POST-IN-SILICO-VALIDATION-TSV-out/validated-agfusion-dirs/
481T	hla_tsv	s3://crmy-gb-main/neondisco/main-analyses/MSA/running/NeonDisco-outputs/MYBRCA-n990-dataset-awsbatch-dualMode-ND-v0-2-2-RERUN-FINAL-v5/Cohortwide-HLA-typing-OUT/Cohortwide_HLA_types.tsv
482T	agfusion_dir	s3://crmy-gb-main/neondisco/main-analyses/MSA/running/NeonDisco-outputs/MYBRCA-n990-dataset-awsbatch-dualMode-ND-v0-2-2-RERUN-FINAL-v5/482T/POST-IN-SILICO-VALIDATION-TSV-out/validated-agfusion-dirs/
482T	hla_tsv	s3://crmy-gb-main/neondisco/main-analyses/MSA/running/NeonDisco-outputs/MYBRCA-n990-dataset-awsbatch-dualMode-ND-v0-2-2-RERUN-FINAL-v5/Cohortwide-HLA-typing-OUT/Cohortwide_HLA_types.tsv
483T	agfusion_dir	s3://crmy-gb-main/neondisco/main-analyses/MSA/running/NeonDisco-outputs/MYBRCA-n990-dataset-awsbatch-dualMode-ND-v0-2-2-RERUN-FINAL-v5/483T/POST-IN-SILICO-VALIDATION-TSV-out/validated-agfusion-dirs/
483T	hla_tsv	s3://crmy-gb-main/neondisco/main-analyses/MSA/running/NeonDisco-outputs/MYBRCA-n990-dataset-awsbatch-dualMode-ND-v0-2-2-RERUN-FINAL-v5/Cohortwide-HLA-typing-OUT/Cohortwide_HLA_types.tsv
484T	agfusion_dir	s3://crmy-gb-main/neondisco/main-analyses/MSA/running/NeonDisco-outputs/MYBRCA-n990-dataset-awsbatch-dualMode-ND-v0-2-2-RERUN-FINAL-v5/484T/POST-IN-SILICO-VALIDATION-TSV-out/validated-agfusion-dirs/
484T	hla_tsv	s3://crmy-gb-main/neondisco/main-analyses/MSA/running/NeonDisco-outputs/MYBRCA-n990-dataset-awsbatch-dualMode-ND-v0-2-2-RERUN-FINAL-v5/Cohortwide-HLA-typing-OUT/Cohortwide_HLA_types.tsv
485T	agfusion_dir	s3://crmy-gb-main/neondisco/main-analyses/MSA/running/NeonDisco-outputs/MYBRCA-n990-dataset-awsbatch-dualMode-ND-v0-2-2-RERUN-FINAL-v5/485T/POST-IN-SILICO-VALIDATION-TSV-out/validated-agfusion-dirs/
485T	hla_tsv	s3://crmy-gb-main/neondisco/main-analyses/MSA/running/NeonDisco-outputs/MYBRCA-n990-dataset-awsbatch-dualMode-ND-v0-2-2-RERUN-FINAL-v5/Cohortwide-HLA-typing-OUT/Cohortwide_HLA_types.tsv
486T	agfusion_dir	s3://crmy-gb-main/neondisco/main-analyses/MSA/running/NeonDisco-outputs/MYBRCA-n990-dataset-awsbatch-dualMode-ND-v0-2-2-RERUN-FINAL-v5/486T/POST-IN-SILICO-VALIDATION-TSV-out/validated-agfusion-dirs/
486T	hla_tsv	s3://crmy-gb-main/neondisco/main-analyses/MSA/running/NeonDisco-outputs/MYBRCA-n990-dataset-awsbatch-dualMode-ND-v0-2-2-RERUN-FINAL-v5/Cohortwide-HLA-typing-OUT/Cohortwide_HLA_types.tsv
487T	agfusion_dir	s3://crmy-gb-main/neondisco/main-analyses/MSA/running/NeonDisco-outputs/MYBRCA-n990-dataset-awsbatch-dualMode-ND-v0-2-2-RERUN-FINAL-v5/487T/POST-IN-SILICO-VALIDATION-TSV-out/validated-agfusion-dirs/
487T	hla_tsv	s3://crmy-gb-main/neondisco/main-analyses/MSA/running/NeonDisco-outputs/MYBRCA-n990-dataset-awsbatch-dualMode-ND-v0-2-2-RERUN-FINAL-v5/Cohortwide-HLA-typing-OUT/Cohortwide_HLA_types.tsv
488T	agfusion_dir	s3://crmy-gb-main/neondisco/main-analyses/MSA/running/NeonDisco-outputs/MYBRCA-n990-dataset-awsbatch-dualMode-ND-v0-2-2-RERUN-FINAL-v5/488T/POST-IN-SILICO-VALIDATION-TSV-out/validated-agfusion-dirs/
488T	hla_tsv	s3://crmy-gb-main/neondisco/main-analyses/MSA/running/NeonDisco-outputs/MYBRCA-n990-dataset-awsbatch-dualMode-ND-v0-2-2-RERUN-FINAL-v5/Cohortwide-HLA-typing-OUT/Cohortwide_HLA_types.tsv
489T	agfusion_dir	s3://crmy-gb-main/neondisco/main-analyses/MSA/running/NeonDisco-outputs/MYBRCA-n990-dataset-awsbatch-dualMode-ND-v0-2-2-RERUN-FINAL-v5/489T/POST-IN-SILICO-VALIDATION-TSV-out/validated-agfusion-dirs/
489T	hla_tsv	s3://crmy-gb-main/neondisco/main-analyses/MSA/running/NeonDisco-outputs/MYBRCA-n990-dataset-awsbatch-dualMode-ND-v0-2-2-RERUN-FINAL-v5/Cohortwide-HLA-typing-OUT/Cohortwide_HLA_types.tsv
48T	agfusion_dir	s3://crmy-gb-main/neondisco/main-analyses/MSA/running/NeonDisco-outputs/MYBRCA-n990-dataset-awsbatch-dualMode-ND-v0-2-2-RERUN-FINAL-v5/48T/POST-IN-SILICO-VALIDATION-TSV-out/validated-agfusion-dirs/
48T	hla_tsv	s3://crmy-gb-main/neondisco/main-analyses/MSA/running/NeonDisco-outputs/MYBRCA-n990-dataset-awsbatch-dualMode-ND-v0-2-2-RERUN-FINAL-v5/Cohortwide-HLA-typing-OUT/Cohortwide_HLA_types.tsv
490T	agfusion_dir	s3://crmy-gb-main/neondisco/main-analyses/MSA/running/NeonDisco-outputs/MYBRCA-n990-dataset-awsbatch-dualMode-ND-v0-2-2-RERUN-FINAL-v5/490T/POST-IN-SILICO-VALIDATION-TSV-out/validated-agfusion-dirs/
490T	hla_tsv	s3://crmy-gb-main/neondisco/main-analyses/MSA/running/NeonDisco-outputs/MYBRCA-n990-dataset-awsbatch-dualMode-ND-v0-2-2-RERUN-FINAL-v5/Cohortwide-HLA-typing-OUT/Cohortwide_HLA_types.tsv
491T	agfusion_dir	s3://crmy-gb-main/neondisco/main-analyses/MSA/running/NeonDisco-outputs/MYBRCA-n990-dataset-awsbatch-dualMode-ND-v0-2-2-RERUN-FINAL-v5/491T/POST-IN-SILICO-VALIDATION-TSV-out/validated-agfusion-dirs/
491T	hla_tsv	s3://crmy-gb-main/neondisco/main-analyses/MSA/running/NeonDisco-outputs/MYBRCA-n990-dataset-awsbatch-dualMode-ND-v0-2-2-RERUN-FINAL-v5/Cohortwide-HLA-typing-OUT/Cohortwide_HLA_types.tsv
492T	agfusion_dir	s3://crmy-gb-main/neondisco/main-analyses/MSA/running/NeonDisco-outputs/MYBRCA-n990-dataset-awsbatch-dualMode-ND-v0-2-2-RERUN-FINAL-v5/492T/POST-IN-SILICO-VALIDATION-TSV-out/validated-agfusion-dirs/
492T	hla_tsv	s3://crmy-gb-main/neondisco/main-analyses/MSA/running/NeonDisco-outputs/MYBRCA-n990-dataset-awsbatch-dualMode-ND-v0-2-2-RERUN-FINAL-v5/Cohortwide-HLA-typing-OUT/Cohortwide_HLA_types.tsv
493T	agfusion_dir	s3://crmy-gb-main/neondisco/main-analyses/MSA/running/NeonDisco-outputs/MYBRCA-n990-dataset-awsbatch-dualMode-ND-v0-2-2-RERUN-FINAL-v5/493T/POST-IN-SILICO-VALIDATION-TSV-out/validated-agfusion-dirs/
493T	hla_tsv	s3://crmy-gb-main/neondisco/main-analyses/MSA/running/NeonDisco-outputs/MYBRCA-n990-dataset-awsbatch-dualMode-ND-v0-2-2-RERUN-FINAL-v5/Cohortwide-HLA-typing-OUT/Cohortwide_HLA_types.tsv
494T	agfusion_dir	s3://crmy-gb-main/neondisco/main-analyses/MSA/running/NeonDisco-outputs/MYBRCA-n990-dataset-awsbatch-dualMode-ND-v0-2-2-RERUN-FINAL-v5/494T/POST-IN-SILICO-VALIDATION-TSV-out/validated-agfusion-dirs/
494T	hla_tsv	s3://crmy-gb-main/neondisco/main-analyses/MSA/running/NeonDisco-outputs/MYBRCA-n990-dataset-awsbatch-dualMode-ND-v0-2-2-RERUN-FINAL-v5/Cohortwide-HLA-typing-OUT/Cohortwide_HLA_types.tsv
495T	agfusion_dir	s3://crmy-gb-main/neondisco/main-analyses/MSA/running/NeonDisco-outputs/MYBRCA-n990-dataset-awsbatch-dualMode-ND-v0-2-2-RERUN-FINAL-v5/495T/POST-IN-SILICO-VALIDATION-TSV-out/validated-agfusion-dirs/
495T	hla_tsv	s3://crmy-gb-main/neondisco/main-analyses/MSA/running/NeonDisco-outputs/MYBRCA-n990-dataset-awsbatch-dualMode-ND-v0-2-2-RERUN-FINAL-v5/Cohortwide-HLA-typing-OUT/Cohortwide_HLA_types.tsv
496T	agfusion_dir	s3://crmy-gb-main/neondisco/main-analyses/MSA/running/NeonDisco-outputs/MYBRCA-n990-dataset-awsbatch-dualMode-ND-v0-2-2-RERUN-FINAL-v5/496T/POST-IN-SILICO-VALIDATION-TSV-out/validated-agfusion-dirs/
496T	hla_tsv	s3://crmy-gb-main/neondisco/main-analyses/MSA/running/NeonDisco-outputs/MYBRCA-n990-dataset-awsbatch-dualMode-ND-v0-2-2-RERUN-FINAL-v5/Cohortwide-HLA-typing-OUT/Cohortwide_HLA_types.tsv
497T	agfusion_dir	s3://crmy-gb-main/neondisco/main-analyses/MSA/running/NeonDisco-outputs/MYBRCA-n990-dataset-awsbatch-dualMode-ND-v0-2-2-RERUN-FINAL-v5/497T/POST-IN-SILICO-VALIDATION-TSV-out/validated-agfusion-dirs/
497T	hla_tsv	s3://crmy-gb-main/neondisco/main-analyses/MSA/running/NeonDisco-outputs/MYBRCA-n990-dataset-awsbatch-dualMode-ND-v0-2-2-RERUN-FINAL-v5/Cohortwide-HLA-typing-OUT/Cohortwide_HLA_types.tsv
498T	agfusion_dir	s3://crmy-gb-main/neondisco/main-analyses/MSA/running/NeonDisco-outputs/MYBRCA-n990-dataset-awsbatch-dualMode-ND-v0-2-2-RERUN-FINAL-v5/498T/POST-IN-SILICO-VALIDATION-TSV-out/validated-agfusion-dirs/
498T	hla_tsv	s3://crmy-gb-main/neondisco/main-analyses/MSA/running/NeonDisco-outputs/MYBRCA-n990-dataset-awsbatch-dualMode-ND-v0-2-2-RERUN-FINAL-v5/Cohortwide-HLA-typing-OUT/Cohortwide_HLA_types.tsv
499T	agfusion_dir	s3://crmy-gb-main/neondisco/main-analyses/MSA/running/NeonDisco-outputs/MYBRCA-n990-dataset-awsbatch-dualMode-ND-v0-2-2-RERUN-FINAL-v5/499T/POST-IN-SILICO-VALIDATION-TSV-out/validated-agfusion-dirs/
499T	hla_tsv	s3://crmy-gb-main/neondisco/main-analyses/MSA/running/NeonDisco-outputs/MYBRCA-n990-dataset-awsbatch-dualMode-ND-v0-2-2-RERUN-FINAL-v5/Cohortwide-HLA-typing-OUT/Cohortwide_HLA_types.tsv
49T	agfusion_dir	s3://crmy-gb-main/neondisco/main-analyses/MSA/running/NeonDisco-outputs/MYBRCA-n990-dataset-awsbatch-dualMode-ND-v0-2-2-RERUN-FINAL-v5/49T/POST-IN-SILICO-VALIDATION-TSV-out/validated-agfusion-dirs/
49T	hla_tsv	s3://crmy-gb-main/neondisco/main-analyses/MSA/running/NeonDisco-outputs/MYBRCA-n990-dataset-awsbatch-dualMode-ND-v0-2-2-RERUN-FINAL-v5/Cohortwide-HLA-typing-OUT/Cohortwide_HLA_types.tsv
4T	agfusion_dir	s3://crmy-gb-main/neondisco/main-analyses/MSA/running/NeonDisco-outputs/MYBRCA-n990-dataset-awsbatch-dualMode-ND-v0-2-2-RERUN-FINAL-v5/4T/POST-IN-SILICO-VALIDATION-TSV-out/validated-agfusion-dirs/
4T	hla_tsv	s3://crmy-gb-main/neondisco/main-analyses/MSA/running/NeonDisco-outputs/MYBRCA-n990-dataset-awsbatch-dualMode-ND-v0-2-2-RERUN-FINAL-v5/Cohortwide-HLA-typing-OUT/Cohortwide_HLA_types.tsv
500T	agfusion_dir	s3://crmy-gb-main/neondisco/main-analyses/MSA/running/NeonDisco-outputs/MYBRCA-n990-dataset-awsbatch-dualMode-ND-v0-2-2-RERUN-FINAL-v5/500T/POST-IN-SILICO-VALIDATION-TSV-out/validated-agfusion-dirs/
500T	hla_tsv	s3://crmy-gb-main/neondisco/main-analyses/MSA/running/NeonDisco-outputs/MYBRCA-n990-dataset-awsbatch-dualMode-ND-v0-2-2-RERUN-FINAL-v5/Cohortwide-HLA-typing-OUT/Cohortwide_HLA_types.tsv
501T	agfusion_dir	s3://crmy-gb-main/neondisco/main-analyses/MSA/running/NeonDisco-outputs/MYBRCA-n990-dataset-awsbatch-dualMode-ND-v0-2-2-RERUN-FINAL-v5/501T/POST-IN-SILICO-VALIDATION-TSV-out/validated-agfusion-dirs/
501T	hla_tsv	s3://crmy-gb-main/neondisco/main-analyses/MSA/running/NeonDisco-outputs/MYBRCA-n990-dataset-awsbatch-dualMode-ND-v0-2-2-RERUN-FINAL-v5/Cohortwide-HLA-typing-OUT/Cohortwide_HLA_types.tsv
502T	agfusion_dir	s3://crmy-gb-main/neondisco/main-analyses/MSA/running/NeonDisco-outputs/MYBRCA-n990-dataset-awsbatch-dualMode-ND-v0-2-2-RERUN-FINAL-v5/502T/POST-IN-SILICO-VALIDATION-TSV-out/validated-agfusion-dirs/
502T	hla_tsv	s3://crmy-gb-main/neondisco/main-analyses/MSA/running/NeonDisco-outputs/MYBRCA-n990-dataset-awsbatch-dualMode-ND-v0-2-2-RERUN-FINAL-v5/Cohortwide-HLA-typing-OUT/Cohortwide_HLA_types.tsv
503T	agfusion_dir	s3://crmy-gb-main/neondisco/main-analyses/MSA/running/NeonDisco-outputs/MYBRCA-n990-dataset-awsbatch-dualMode-ND-v0-2-2-RERUN-FINAL-v5/503T/POST-IN-SILICO-VALIDATION-TSV-out/validated-agfusion-dirs/
503T	hla_tsv	s3://crmy-gb-main/neondisco/main-analyses/MSA/running/NeonDisco-outputs/MYBRCA-n990-dataset-awsbatch-dualMode-ND-v0-2-2-RERUN-FINAL-v5/Cohortwide-HLA-typing-OUT/Cohortwide_HLA_types.tsv
504T	agfusion_dir	s3://crmy-gb-main/neondisco/main-analyses/MSA/running/NeonDisco-outputs/MYBRCA-n990-dataset-awsbatch-dualMode-ND-v0-2-2-RERUN-FINAL-v5/504T/POST-IN-SILICO-VALIDATION-TSV-out/validated-agfusion-dirs/
504T	hla_tsv	s3://crmy-gb-main/neondisco/main-analyses/MSA/running/NeonDisco-outputs/MYBRCA-n990-dataset-awsbatch-dualMode-ND-v0-2-2-RERUN-FINAL-v5/Cohortwide-HLA-typing-OUT/Cohortwide_HLA_types.tsv
505T	agfusion_dir	s3://crmy-gb-main/neondisco/main-analyses/MSA/running/NeonDisco-outputs/MYBRCA-n990-dataset-awsbatch-dualMode-ND-v0-2-2-RERUN-FINAL-v5/505T/POST-IN-SILICO-VALIDATION-TSV-out/validated-agfusion-dirs/
505T	hla_tsv	s3://crmy-gb-main/neondisco/main-analyses/MSA/running/NeonDisco-outputs/MYBRCA-n990-dataset-awsbatch-dualMode-ND-v0-2-2-RERUN-FINAL-v5/Cohortwide-HLA-typing-OUT/Cohortwide_HLA_types.tsv
506T	agfusion_dir	s3://crmy-gb-main/neondisco/main-analyses/MSA/running/NeonDisco-outputs/MYBRCA-n990-dataset-awsbatch-dualMode-ND-v0-2-2-RERUN-FINAL-v5/506T/POST-IN-SILICO-VALIDATION-TSV-out/validated-agfusion-dirs/
506T	hla_tsv	s3://crmy-gb-main/neondisco/main-analyses/MSA/running/NeonDisco-outputs/MYBRCA-n990-dataset-awsbatch-dualMode-ND-v0-2-2-RERUN-FINAL-v5/Cohortwide-HLA-typing-OUT/Cohortwide_HLA_types.tsv
507T	agfusion_dir	s3://crmy-gb-main/neondisco/main-analyses/MSA/running/NeonDisco-outputs/MYBRCA-n990-dataset-awsbatch-dualMode-ND-v0-2-2-RERUN-FINAL-v5/507T/POST-IN-SILICO-VALIDATION-TSV-out/validated-agfusion-dirs/
507T	hla_tsv	s3://crmy-gb-main/neondisco/main-analyses/MSA/running/NeonDisco-outputs/MYBRCA-n990-dataset-awsbatch-dualMode-ND-v0-2-2-RERUN-FINAL-v5/Cohortwide-HLA-typing-OUT/Cohortwide_HLA_types.tsv
508T	agfusion_dir	s3://crmy-gb-main/neondisco/main-analyses/MSA/running/NeonDisco-outputs/MYBRCA-n990-dataset-awsbatch-dualMode-ND-v0-2-2-RERUN-FINAL-v5/508T/POST-IN-SILICO-VALIDATION-TSV-out/validated-agfusion-dirs/
508T	hla_tsv	s3://crmy-gb-main/neondisco/main-analyses/MSA/running/NeonDisco-outputs/MYBRCA-n990-dataset-awsbatch-dualMode-ND-v0-2-2-RERUN-FINAL-v5/Cohortwide-HLA-typing-OUT/Cohortwide_HLA_types.tsv
509T	agfusion_dir	s3://crmy-gb-main/neondisco/main-analyses/MSA/running/NeonDisco-outputs/MYBRCA-n990-dataset-awsbatch-dualMode-ND-v0-2-2-RERUN-FINAL-v5/509T/POST-IN-SILICO-VALIDATION-TSV-out/validated-agfusion-dirs/
509T	hla_tsv	s3://crmy-gb-main/neondisco/main-analyses/MSA/running/NeonDisco-outputs/MYBRCA-n990-dataset-awsbatch-dualMode-ND-v0-2-2-RERUN-FINAL-v5/Cohortwide-HLA-typing-OUT/Cohortwide_HLA_types.tsv
50T	agfusion_dir	s3://crmy-gb-main/neondisco/main-analyses/MSA/running/NeonDisco-outputs/MYBRCA-n990-dataset-awsbatch-dualMode-ND-v0-2-2-RERUN-FINAL-v5/50T/POST-IN-SILICO-VALIDATION-TSV-out/validated-agfusion-dirs/
50T	hla_tsv	s3://crmy-gb-main/neondisco/main-analyses/MSA/running/NeonDisco-outputs/MYBRCA-n990-dataset-awsbatch-dualMode-ND-v0-2-2-RERUN-FINAL-v5/Cohortwide-HLA-typing-OUT/Cohortwide_HLA_types.tsv
510T	agfusion_dir	s3://crmy-gb-main/neondisco/main-analyses/MSA/running/NeonDisco-outputs/MYBRCA-n990-dataset-awsbatch-dualMode-ND-v0-2-2-RERUN-FINAL-v5/510T/POST-IN-SILICO-VALIDATION-TSV-out/validated-agfusion-dirs/
510T	hla_tsv	s3://crmy-gb-main/neondisco/main-analyses/MSA/running/NeonDisco-outputs/MYBRCA-n990-dataset-awsbatch-dualMode-ND-v0-2-2-RERUN-FINAL-v5/Cohortwide-HLA-typing-OUT/Cohortwide_HLA_types.tsv
511T	agfusion_dir	s3://crmy-gb-main/neondisco/main-analyses/MSA/running/NeonDisco-outputs/MYBRCA-n990-dataset-awsbatch-dualMode-ND-v0-2-2-RERUN-FINAL-v5/511T/POST-IN-SILICO-VALIDATION-TSV-out/validated-agfusion-dirs/
511T	hla_tsv	s3://crmy-gb-main/neondisco/main-analyses/MSA/running/NeonDisco-outputs/MYBRCA-n990-dataset-awsbatch-dualMode-ND-v0-2-2-RERUN-FINAL-v5/Cohortwide-HLA-typing-OUT/Cohortwide_HLA_types.tsv
512T	agfusion_dir	s3://crmy-gb-main/neondisco/main-analyses/MSA/running/NeonDisco-outputs/MYBRCA-n990-dataset-awsbatch-dualMode-ND-v0-2-2-RERUN-FINAL-v5/512T/POST-IN-SILICO-VALIDATION-TSV-out/validated-agfusion-dirs/
512T	hla_tsv	s3://crmy-gb-main/neondisco/main-analyses/MSA/running/NeonDisco-outputs/MYBRCA-n990-dataset-awsbatch-dualMode-ND-v0-2-2-RERUN-FINAL-v5/Cohortwide-HLA-typing-OUT/Cohortwide_HLA_types.tsv
513T	agfusion_dir	s3://crmy-gb-main/neondisco/main-analyses/MSA/running/NeonDisco-outputs/MYBRCA-n990-dataset-awsbatch-dualMode-ND-v0-2-2-RERUN-FINAL-v5/513T/POST-IN-SILICO-VALIDATION-TSV-out/validated-agfusion-dirs/
513T	hla_tsv	s3://crmy-gb-main/neondisco/main-analyses/MSA/running/NeonDisco-outputs/MYBRCA-n990-dataset-awsbatch-dualMode-ND-v0-2-2-RERUN-FINAL-v5/Cohortwide-HLA-typing-OUT/Cohortwide_HLA_types.tsv
514T	agfusion_dir	s3://crmy-gb-main/neondisco/main-analyses/MSA/running/NeonDisco-outputs/MYBRCA-n990-dataset-awsbatch-dualMode-ND-v0-2-2-RERUN-FINAL-v5/514T/POST-IN-SILICO-VALIDATION-TSV-out/validated-agfusion-dirs/
514T	hla_tsv	s3://crmy-gb-main/neondisco/main-analyses/MSA/running/NeonDisco-outputs/MYBRCA-n990-dataset-awsbatch-dualMode-ND-v0-2-2-RERUN-FINAL-v5/Cohortwide-HLA-typing-OUT/Cohortwide_HLA_types.tsv
515T	agfusion_dir	s3://crmy-gb-main/neondisco/main-analyses/MSA/running/NeonDisco-outputs/MYBRCA-n990-dataset-awsbatch-dualMode-ND-v0-2-2-RERUN-FINAL-v5/515T/POST-IN-SILICO-VALIDATION-TSV-out/validated-agfusion-dirs/
515T	hla_tsv	s3://crmy-gb-main/neondisco/main-analyses/MSA/running/NeonDisco-outputs/MYBRCA-n990-dataset-awsbatch-dualMode-ND-v0-2-2-RERUN-FINAL-v5/Cohortwide-HLA-typing-OUT/Cohortwide_HLA_types.tsv
516T	agfusion_dir	s3://crmy-gb-main/neondisco/main-analyses/MSA/running/NeonDisco-outputs/MYBRCA-n990-dataset-awsbatch-dualMode-ND-v0-2-2-RERUN-FINAL-v5/516T/POST-IN-SILICO-VALIDATION-TSV-out/validated-agfusion-dirs/
516T	hla_tsv	s3://crmy-gb-main/neondisco/main-analyses/MSA/running/NeonDisco-outputs/MYBRCA-n990-dataset-awsbatch-dualMode-ND-v0-2-2-RERUN-FINAL-v5/Cohortwide-HLA-typing-OUT/Cohortwide_HLA_types.tsv
517T	agfusion_dir	s3://crmy-gb-main/neondisco/main-analyses/MSA/running/NeonDisco-outputs/MYBRCA-n990-dataset-awsbatch-dualMode-ND-v0-2-2-RERUN-FINAL-v5/517T/POST-IN-SILICO-VALIDATION-TSV-out/validated-agfusion-dirs/
517T	hla_tsv	s3://crmy-gb-main/neondisco/main-analyses/MSA/running/NeonDisco-outputs/MYBRCA-n990-dataset-awsbatch-dualMode-ND-v0-2-2-RERUN-FINAL-v5/Cohortwide-HLA-typing-OUT/Cohortwide_HLA_types.tsv
518T	agfusion_dir	s3://crmy-gb-main/neondisco/main-analyses/MSA/running/NeonDisco-outputs/MYBRCA-n990-dataset-awsbatch-dualMode-ND-v0-2-2-RERUN-FINAL-v5/518T/POST-IN-SILICO-VALIDATION-TSV-out/validated-agfusion-dirs/
518T	hla_tsv	s3://crmy-gb-main/neondisco/main-analyses/MSA/running/NeonDisco-outputs/MYBRCA-n990-dataset-awsbatch-dualMode-ND-v0-2-2-RERUN-FINAL-v5/Cohortwide-HLA-typing-OUT/Cohortwide_HLA_types.tsv
519T	agfusion_dir	s3://crmy-gb-main/neondisco/main-analyses/MSA/running/NeonDisco-outputs/MYBRCA-n990-dataset-awsbatch-dualMode-ND-v0-2-2-RERUN-FINAL-v5/519T/POST-IN-SILICO-VALIDATION-TSV-out/validated-agfusion-dirs/
519T	hla_tsv	s3://crmy-gb-main/neondisco/main-analyses/MSA/running/NeonDisco-outputs/MYBRCA-n990-dataset-awsbatch-dualMode-ND-v0-2-2-RERUN-FINAL-v5/Cohortwide-HLA-typing-OUT/Cohortwide_HLA_types.tsv
51T	agfusion_dir	s3://crmy-gb-main/neondisco/main-analyses/MSA/running/NeonDisco-outputs/MYBRCA-n990-dataset-awsbatch-dualMode-ND-v0-2-2-RERUN-FINAL-v5/51T/POST-IN-SILICO-VALIDATION-TSV-out/validated-agfusion-dirs/
51T	hla_tsv	s3://crmy-gb-main/neondisco/main-analyses/MSA/running/NeonDisco-outputs/MYBRCA-n990-dataset-awsbatch-dualMode-ND-v0-2-2-RERUN-FINAL-v5/Cohortwide-HLA-typing-OUT/Cohortwide_HLA_types.tsv
520T	agfusion_dir	s3://crmy-gb-main/neondisco/main-analyses/MSA/running/NeonDisco-outputs/MYBRCA-n990-dataset-awsbatch-dualMode-ND-v0-2-2-RERUN-FINAL-v5/520T/POST-IN-SILICO-VALIDATION-TSV-out/validated-agfusion-dirs/
520T	hla_tsv	s3://crmy-gb-main/neondisco/main-analyses/MSA/running/NeonDisco-outputs/MYBRCA-n990-dataset-awsbatch-dualMode-ND-v0-2-2-RERUN-FINAL-v5/Cohortwide-HLA-typing-OUT/Cohortwide_HLA_types.tsv
521T	agfusion_dir	s3://crmy-gb-main/neondisco/main-analyses/MSA/running/NeonDisco-outputs/MYBRCA-n990-dataset-awsbatch-dualMode-ND-v0-2-2-RERUN-FINAL-v5/521T/POST-IN-SILICO-VALIDATION-TSV-out/validated-agfusion-dirs/
521T	hla_tsv	s3://crmy-gb-main/neondisco/main-analyses/MSA/running/NeonDisco-outputs/MYBRCA-n990-dataset-awsbatch-dualMode-ND-v0-2-2-RERUN-FINAL-v5/Cohortwide-HLA-typing-OUT/Cohortwide_HLA_types.tsv
522T	agfusion_dir	s3://crmy-gb-main/neondisco/main-analyses/MSA/running/NeonDisco-outputs/MYBRCA-n990-dataset-awsbatch-dualMode-ND-v0-2-2-RERUN-FINAL-v5/522T/POST-IN-SILICO-VALIDATION-TSV-out/validated-agfusion-dirs/
522T	hla_tsv	s3://crmy-gb-main/neondisco/main-analyses/MSA/running/NeonDisco-outputs/MYBRCA-n990-dataset-awsbatch-dualMode-ND-v0-2-2-RERUN-FINAL-v5/Cohortwide-HLA-typing-OUT/Cohortwide_HLA_types.tsv
523T	agfusion_dir	s3://crmy-gb-main/neondisco/main-analyses/MSA/running/NeonDisco-outputs/MYBRCA-n990-dataset-awsbatch-dualMode-ND-v0-2-2-RERUN-FINAL-v5/523T/POST-IN-SILICO-VALIDATION-TSV-out/validated-agfusion-dirs/
523T	hla_tsv	s3://crmy-gb-main/neondisco/main-analyses/MSA/running/NeonDisco-outputs/MYBRCA-n990-dataset-awsbatch-dualMode-ND-v0-2-2-RERUN-FINAL-v5/Cohortwide-HLA-typing-OUT/Cohortwide_HLA_types.tsv
524T	agfusion_dir	s3://crmy-gb-main/neondisco/main-analyses/MSA/running/NeonDisco-outputs/MYBRCA-n990-dataset-awsbatch-dualMode-ND-v0-2-2-RERUN-FINAL-v5/524T/POST-IN-SILICO-VALIDATION-TSV-out/validated-agfusion-dirs/
524T	hla_tsv	s3://crmy-gb-main/neondisco/main-analyses/MSA/running/NeonDisco-outputs/MYBRCA-n990-dataset-awsbatch-dualMode-ND-v0-2-2-RERUN-FINAL-v5/Cohortwide-HLA-typing-OUT/Cohortwide_HLA_types.tsv
525T	agfusion_dir	s3://crmy-gb-main/neondisco/main-analyses/MSA/running/NeonDisco-outputs/MYBRCA-n990-dataset-awsbatch-dualMode-ND-v0-2-2-RERUN-FINAL-v5/525T/POST-IN-SILICO-VALIDATION-TSV-out/validated-agfusion-dirs/
525T	hla_tsv	s3://crmy-gb-main/neondisco/main-analyses/MSA/running/NeonDisco-outputs/MYBRCA-n990-dataset-awsbatch-dualMode-ND-v0-2-2-RERUN-FINAL-v5/Cohortwide-HLA-typing-OUT/Cohortwide_HLA_types.tsv
526T	agfusion_dir	s3://crmy-gb-main/neondisco/main-analyses/MSA/running/NeonDisco-outputs/MYBRCA-n990-dataset-awsbatch-dualMode-ND-v0-2-2-RERUN-FINAL-v5/526T/POST-IN-SILICO-VALIDATION-TSV-out/validated-agfusion-dirs/
526T	hla_tsv	s3://crmy-gb-main/neondisco/main-analyses/MSA/running/NeonDisco-outputs/MYBRCA-n990-dataset-awsbatch-dualMode-ND-v0-2-2-RERUN-FINAL-v5/Cohortwide-HLA-typing-OUT/Cohortwide_HLA_types.tsv
527T	agfusion_dir	s3://crmy-gb-main/neondisco/main-analyses/MSA/running/NeonDisco-outputs/MYBRCA-n990-dataset-awsbatch-dualMode-ND-v0-2-2-RERUN-FINAL-v5/527T/POST-IN-SILICO-VALIDATION-TSV-out/validated-agfusion-dirs/
527T	hla_tsv	s3://crmy-gb-main/neondisco/main-analyses/MSA/running/NeonDisco-outputs/MYBRCA-n990-dataset-awsbatch-dualMode-ND-v0-2-2-RERUN-FINAL-v5/Cohortwide-HLA-typing-OUT/Cohortwide_HLA_types.tsv
528T	agfusion_dir	s3://crmy-gb-main/neondisco/main-analyses/MSA/running/NeonDisco-outputs/MYBRCA-n990-dataset-awsbatch-dualMode-ND-v0-2-2-RERUN-FINAL-v5/528T/POST-IN-SILICO-VALIDATION-TSV-out/validated-agfusion-dirs/
528T	hla_tsv	s3://crmy-gb-main/neondisco/main-analyses/MSA/running/NeonDisco-outputs/MYBRCA-n990-dataset-awsbatch-dualMode-ND-v0-2-2-RERUN-FINAL-v5/Cohortwide-HLA-typing-OUT/Cohortwide_HLA_types.tsv
529T	agfusion_dir	s3://crmy-gb-main/neondisco/main-analyses/MSA/running/NeonDisco-outputs/MYBRCA-n990-dataset-awsbatch-dualMode-ND-v0-2-2-RERUN-FINAL-v5/529T/POST-IN-SILICO-VALIDATION-TSV-out/validated-agfusion-dirs/
529T	hla_tsv	s3://crmy-gb-main/neondisco/main-analyses/MSA/running/NeonDisco-outputs/MYBRCA-n990-dataset-awsbatch-dualMode-ND-v0-2-2-RERUN-FINAL-v5/Cohortwide-HLA-typing-OUT/Cohortwide_HLA_types.tsv
52T	agfusion_dir	s3://crmy-gb-main/neondisco/main-analyses/MSA/running/NeonDisco-outputs/MYBRCA-n990-dataset-awsbatch-dualMode-ND-v0-2-2-RERUN-FINAL-v5/52T/POST-IN-SILICO-VALIDATION-TSV-out/validated-agfusion-dirs/
52T	hla_tsv	s3://crmy-gb-main/neondisco/main-analyses/MSA/running/NeonDisco-outputs/MYBRCA-n990-dataset-awsbatch-dualMode-ND-v0-2-2-RERUN-FINAL-v5/Cohortwide-HLA-typing-OUT/Cohortwide_HLA_types.tsv
530T	agfusion_dir	s3://crmy-gb-main/neondisco/main-analyses/MSA/running/NeonDisco-outputs/MYBRCA-n990-dataset-awsbatch-dualMode-ND-v0-2-2-RERUN-FINAL-v5/530T/POST-IN-SILICO-VALIDATION-TSV-out/validated-agfusion-dirs/
530T	hla_tsv	s3://crmy-gb-main/neondisco/main-analyses/MSA/running/NeonDisco-outputs/MYBRCA-n990-dataset-awsbatch-dualMode-ND-v0-2-2-RERUN-FINAL-v5/Cohortwide-HLA-typing-OUT/Cohortwide_HLA_types.tsv
531T	agfusion_dir	s3://crmy-gb-main/neondisco/main-analyses/MSA/running/NeonDisco-outputs/MYBRCA-n990-dataset-awsbatch-dualMode-ND-v0-2-2-RERUN-FINAL-v5/531T/POST-IN-SILICO-VALIDATION-TSV-out/validated-agfusion-dirs/
531T	hla_tsv	s3://crmy-gb-main/neondisco/main-analyses/MSA/running/NeonDisco-outputs/MYBRCA-n990-dataset-awsbatch-dualMode-ND-v0-2-2-RERUN-FINAL-v5/Cohortwide-HLA-typing-OUT/Cohortwide_HLA_types.tsv
532T	agfusion_dir	s3://crmy-gb-main/neondisco/main-analyses/MSA/running/NeonDisco-outputs/MYBRCA-n990-dataset-awsbatch-dualMode-ND-v0-2-2-RERUN-FINAL-v5/532T/POST-IN-SILICO-VALIDATION-TSV-out/validated-agfusion-dirs/
532T	hla_tsv	s3://crmy-gb-main/neondisco/main-analyses/MSA/running/NeonDisco-outputs/MYBRCA-n990-dataset-awsbatch-dualMode-ND-v0-2-2-RERUN-FINAL-v5/Cohortwide-HLA-typing-OUT/Cohortwide_HLA_types.tsv
533T	agfusion_dir	s3://crmy-gb-main/neondisco/main-analyses/MSA/running/NeonDisco-outputs/MYBRCA-n990-dataset-awsbatch-dualMode-ND-v0-2-2-RERUN-FINAL-v5/533T/POST-IN-SILICO-VALIDATION-TSV-out/validated-agfusion-dirs/
533T	hla_tsv	s3://crmy-gb-main/neondisco/main-analyses/MSA/running/NeonDisco-outputs/MYBRCA-n990-dataset-awsbatch-dualMode-ND-v0-2-2-RERUN-FINAL-v5/Cohortwide-HLA-typing-OUT/Cohortwide_HLA_types.tsv
534T	agfusion_dir	s3://crmy-gb-main/neondisco/main-analyses/MSA/running/NeonDisco-outputs/MYBRCA-n990-dataset-awsbatch-dualMode-ND-v0-2-2-RERUN-FINAL-v5/534T/POST-IN-SILICO-VALIDATION-TSV-out/validated-agfusion-dirs/
534T	hla_tsv	s3://crmy-gb-main/neondisco/main-analyses/MSA/running/NeonDisco-outputs/MYBRCA-n990-dataset-awsbatch-dualMode-ND-v0-2-2-RERUN-FINAL-v5/Cohortwide-HLA-typing-OUT/Cohortwide_HLA_types.tsv
535T	agfusion_dir	s3://crmy-gb-main/neondisco/main-analyses/MSA/running/NeonDisco-outputs/MYBRCA-n990-dataset-awsbatch-dualMode-ND-v0-2-2-RERUN-FINAL-v5/535T/POST-IN-SILICO-VALIDATION-TSV-out/validated-agfusion-dirs/
535T	hla_tsv	s3://crmy-gb-main/neondisco/main-analyses/MSA/running/NeonDisco-outputs/MYBRCA-n990-dataset-awsbatch-dualMode-ND-v0-2-2-RERUN-FINAL-v5/Cohortwide-HLA-typing-OUT/Cohortwide_HLA_types.tsv
536T	agfusion_dir	s3://crmy-gb-main/neondisco/main-analyses/MSA/running/NeonDisco-outputs/MYBRCA-n990-dataset-awsbatch-dualMode-ND-v0-2-2-RERUN-FINAL-v5/536T/POST-IN-SILICO-VALIDATION-TSV-out/validated-agfusion-dirs/
536T	hla_tsv	s3://crmy-gb-main/neondisco/main-analyses/MSA/running/NeonDisco-outputs/MYBRCA-n990-dataset-awsbatch-dualMode-ND-v0-2-2-RERUN-FINAL-v5/Cohortwide-HLA-typing-OUT/Cohortwide_HLA_types.tsv
537T	agfusion_dir	s3://crmy-gb-main/neondisco/main-analyses/MSA/running/NeonDisco-outputs/MYBRCA-n990-dataset-awsbatch-dualMode-ND-v0-2-2-RERUN-FINAL-v5/537T/POST-IN-SILICO-VALIDATION-TSV-out/validated-agfusion-dirs/
537T	hla_tsv	s3://crmy-gb-main/neondisco/main-analyses/MSA/running/NeonDisco-outputs/MYBRCA-n990-dataset-awsbatch-dualMode-ND-v0-2-2-RERUN-FINAL-v5/Cohortwide-HLA-typing-OUT/Cohortwide_HLA_types.tsv
538T	agfusion_dir	s3://crmy-gb-main/neondisco/main-analyses/MSA/running/NeonDisco-outputs/MYBRCA-n990-dataset-awsbatch-dualMode-ND-v0-2-2-RERUN-FINAL-v5/538T/POST-IN-SILICO-VALIDATION-TSV-out/validated-agfusion-dirs/
538T	hla_tsv	s3://crmy-gb-main/neondisco/main-analyses/MSA/running/NeonDisco-outputs/MYBRCA-n990-dataset-awsbatch-dualMode-ND-v0-2-2-RERUN-FINAL-v5/Cohortwide-HLA-typing-OUT/Cohortwide_HLA_types.tsv
539T	agfusion_dir	s3://crmy-gb-main/neondisco/main-analyses/MSA/running/NeonDisco-outputs/MYBRCA-n990-dataset-awsbatch-dualMode-ND-v0-2-2-RERUN-FINAL-v5/539T/POST-IN-SILICO-VALIDATION-TSV-out/validated-agfusion-dirs/
539T	hla_tsv	s3://crmy-gb-main/neondisco/main-analyses/MSA/running/NeonDisco-outputs/MYBRCA-n990-dataset-awsbatch-dualMode-ND-v0-2-2-RERUN-FINAL-v5/Cohortwide-HLA-typing-OUT/Cohortwide_HLA_types.tsv
53T	agfusion_dir	s3://crmy-gb-main/neondisco/main-analyses/MSA/running/NeonDisco-outputs/MYBRCA-n990-dataset-awsbatch-dualMode-ND-v0-2-2-RERUN-FINAL-v5/53T/POST-IN-SILICO-VALIDATION-TSV-out/validated-agfusion-dirs/
53T	hla_tsv	s3://crmy-gb-main/neondisco/main-analyses/MSA/running/NeonDisco-outputs/MYBRCA-n990-dataset-awsbatch-dualMode-ND-v0-2-2-RERUN-FINAL-v5/Cohortwide-HLA-typing-OUT/Cohortwide_HLA_types.tsv
540T	agfusion_dir	s3://crmy-gb-main/neondisco/main-analyses/MSA/running/NeonDisco-outputs/MYBRCA-n990-dataset-awsbatch-dualMode-ND-v0-2-2-RERUN-FINAL-v5/540T/POST-IN-SILICO-VALIDATION-TSV-out/validated-agfusion-dirs/
540T	hla_tsv	s3://crmy-gb-main/neondisco/main-analyses/MSA/running/NeonDisco-outputs/MYBRCA-n990-dataset-awsbatch-dualMode-ND-v0-2-2-RERUN-FINAL-v5/Cohortwide-HLA-typing-OUT/Cohortwide_HLA_types.tsv
541T	agfusion_dir	s3://crmy-gb-main/neondisco/main-analyses/MSA/running/NeonDisco-outputs/MYBRCA-n990-dataset-awsbatch-dualMode-ND-v0-2-2-RERUN-FINAL-v5/541T/POST-IN-SILICO-VALIDATION-TSV-out/validated-agfusion-dirs/
541T	hla_tsv	s3://crmy-gb-main/neondisco/main-analyses/MSA/running/NeonDisco-outputs/MYBRCA-n990-dataset-awsbatch-dualMode-ND-v0-2-2-RERUN-FINAL-v5/Cohortwide-HLA-typing-OUT/Cohortwide_HLA_types.tsv
542T	agfusion_dir	s3://crmy-gb-main/neondisco/main-analyses/MSA/running/NeonDisco-outputs/MYBRCA-n990-dataset-awsbatch-dualMode-ND-v0-2-2-RERUN-FINAL-v5/542T/POST-IN-SILICO-VALIDATION-TSV-out/validated-agfusion-dirs/
542T	hla_tsv	s3://crmy-gb-main/neondisco/main-analyses/MSA/running/NeonDisco-outputs/MYBRCA-n990-dataset-awsbatch-dualMode-ND-v0-2-2-RERUN-FINAL-v5/Cohortwide-HLA-typing-OUT/Cohortwide_HLA_types.tsv
543T	agfusion_dir	s3://crmy-gb-main/neondisco/main-analyses/MSA/running/NeonDisco-outputs/MYBRCA-n990-dataset-awsbatch-dualMode-ND-v0-2-2-RERUN-FINAL-v5/543T/POST-IN-SILICO-VALIDATION-TSV-out/validated-agfusion-dirs/
543T	hla_tsv	s3://crmy-gb-main/neondisco/main-analyses/MSA/running/NeonDisco-outputs/MYBRCA-n990-dataset-awsbatch-dualMode-ND-v0-2-2-RERUN-FINAL-v5/Cohortwide-HLA-typing-OUT/Cohortwide_HLA_types.tsv
544T	agfusion_dir	s3://crmy-gb-main/neondisco/main-analyses/MSA/running/NeonDisco-outputs/MYBRCA-n990-dataset-awsbatch-dualMode-ND-v0-2-2-RERUN-FINAL-v5/544T/POST-IN-SILICO-VALIDATION-TSV-out/validated-agfusion-dirs/
544T	hla_tsv	s3://crmy-gb-main/neondisco/main-analyses/MSA/running/NeonDisco-outputs/MYBRCA-n990-dataset-awsbatch-dualMode-ND-v0-2-2-RERUN-FINAL-v5/Cohortwide-HLA-typing-OUT/Cohortwide_HLA_types.tsv
545T	agfusion_dir	s3://crmy-gb-main/neondisco/main-analyses/MSA/running/NeonDisco-outputs/MYBRCA-n990-dataset-awsbatch-dualMode-ND-v0-2-2-RERUN-FINAL-v5/545T/POST-IN-SILICO-VALIDATION-TSV-out/validated-agfusion-dirs/
545T	hla_tsv	s3://crmy-gb-main/neondisco/main-analyses/MSA/running/NeonDisco-outputs/MYBRCA-n990-dataset-awsbatch-dualMode-ND-v0-2-2-RERUN-FINAL-v5/Cohortwide-HLA-typing-OUT/Cohortwide_HLA_types.tsv
546T	agfusion_dir	s3://crmy-gb-main/neondisco/main-analyses/MSA/running/NeonDisco-outputs/MYBRCA-n990-dataset-awsbatch-dualMode-ND-v0-2-2-RERUN-FINAL-v5/546T/POST-IN-SILICO-VALIDATION-TSV-out/validated-agfusion-dirs/
546T	hla_tsv	s3://crmy-gb-main/neondisco/main-analyses/MSA/running/NeonDisco-outputs/MYBRCA-n990-dataset-awsbatch-dualMode-ND-v0-2-2-RERUN-FINAL-v5/Cohortwide-HLA-typing-OUT/Cohortwide_HLA_types.tsv
547T	agfusion_dir	s3://crmy-gb-main/neondisco/main-analyses/MSA/running/NeonDisco-outputs/MYBRCA-n990-dataset-awsbatch-dualMode-ND-v0-2-2-RERUN-FINAL-v5/547T/POST-IN-SILICO-VALIDATION-TSV-out/validated-agfusion-dirs/
547T	hla_tsv	s3://crmy-gb-main/neondisco/main-analyses/MSA/running/NeonDisco-outputs/MYBRCA-n990-dataset-awsbatch-dualMode-ND-v0-2-2-RERUN-FINAL-v5/Cohortwide-HLA-typing-OUT/Cohortwide_HLA_types.tsv
548T	agfusion_dir	s3://crmy-gb-main/neondisco/main-analyses/MSA/running/NeonDisco-outputs/MYBRCA-n990-dataset-awsbatch-dualMode-ND-v0-2-2-RERUN-FINAL-v5/548T/POST-IN-SILICO-VALIDATION-TSV-out/validated-agfusion-dirs/
548T	hla_tsv	s3://crmy-gb-main/neondisco/main-analyses/MSA/running/NeonDisco-outputs/MYBRCA-n990-dataset-awsbatch-dualMode-ND-v0-2-2-RERUN-FINAL-v5/Cohortwide-HLA-typing-OUT/Cohortwide_HLA_types.tsv
549T	agfusion_dir	s3://crmy-gb-main/neondisco/main-analyses/MSA/running/NeonDisco-outputs/MYBRCA-n990-dataset-awsbatch-dualMode-ND-v0-2-2-RERUN-FINAL-v5/549T/POST-IN-SILICO-VALIDATION-TSV-out/validated-agfusion-dirs/
549T	hla_tsv	s3://crmy-gb-main/neondisco/main-analyses/MSA/running/NeonDisco-outputs/MYBRCA-n990-dataset-awsbatch-dualMode-ND-v0-2-2-RERUN-FINAL-v5/Cohortwide-HLA-typing-OUT/Cohortwide_HLA_types.tsv
54T	agfusion_dir	s3://crmy-gb-main/neondisco/main-analyses/MSA/running/NeonDisco-outputs/MYBRCA-n990-dataset-awsbatch-dualMode-ND-v0-2-2-RERUN-FINAL-v5/54T/POST-IN-SILICO-VALIDATION-TSV-out/validated-agfusion-dirs/
54T	hla_tsv	s3://crmy-gb-main/neondisco/main-analyses/MSA/running/NeonDisco-outputs/MYBRCA-n990-dataset-awsbatch-dualMode-ND-v0-2-2-RERUN-FINAL-v5/Cohortwide-HLA-typing-OUT/Cohortwide_HLA_types.tsv
550T	agfusion_dir	s3://crmy-gb-main/neondisco/main-analyses/MSA/running/NeonDisco-outputs/MYBRCA-n990-dataset-awsbatch-dualMode-ND-v0-2-2-RERUN-FINAL-v5/550T/POST-IN-SILICO-VALIDATION-TSV-out/validated-agfusion-dirs/
550T	hla_tsv	s3://crmy-gb-main/neondisco/main-analyses/MSA/running/NeonDisco-outputs/MYBRCA-n990-dataset-awsbatch-dualMode-ND-v0-2-2-RERUN-FINAL-v5/Cohortwide-HLA-typing-OUT/Cohortwide_HLA_types.tsv
551T	agfusion_dir	s3://crmy-gb-main/neondisco/main-analyses/MSA/running/NeonDisco-outputs/MYBRCA-n990-dataset-awsbatch-dualMode-ND-v0-2-2-RERUN-FINAL-v5/551T/POST-IN-SILICO-VALIDATION-TSV-out/validated-agfusion-dirs/
551T	hla_tsv	s3://crmy-gb-main/neondisco/main-analyses/MSA/running/NeonDisco-outputs/MYBRCA-n990-dataset-awsbatch-dualMode-ND-v0-2-2-RERUN-FINAL-v5/Cohortwide-HLA-typing-OUT/Cohortwide_HLA_types.tsv
552T	agfusion_dir	s3://crmy-gb-main/neondisco/main-analyses/MSA/running/NeonDisco-outputs/MYBRCA-n990-dataset-awsbatch-dualMode-ND-v0-2-2-RERUN-FINAL-v5/552T/POST-IN-SILICO-VALIDATION-TSV-out/validated-agfusion-dirs/
552T	hla_tsv	s3://crmy-gb-main/neondisco/main-analyses/MSA/running/NeonDisco-outputs/MYBRCA-n990-dataset-awsbatch-dualMode-ND-v0-2-2-RERUN-FINAL-v5/Cohortwide-HLA-typing-OUT/Cohortwide_HLA_types.tsv
553T	agfusion_dir	s3://crmy-gb-main/neondisco/main-analyses/MSA/running/NeonDisco-outputs/MYBRCA-n990-dataset-awsbatch-dualMode-ND-v0-2-2-RERUN-FINAL-v5/553T/POST-IN-SILICO-VALIDATION-TSV-out/validated-agfusion-dirs/
553T	hla_tsv	s3://crmy-gb-main/neondisco/main-analyses/MSA/running/NeonDisco-outputs/MYBRCA-n990-dataset-awsbatch-dualMode-ND-v0-2-2-RERUN-FINAL-v5/Cohortwide-HLA-typing-OUT/Cohortwide_HLA_types.tsv
554T	agfusion_dir	s3://crmy-gb-main/neondisco/main-analyses/MSA/running/NeonDisco-outputs/MYBRCA-n990-dataset-awsbatch-dualMode-ND-v0-2-2-RERUN-FINAL-v5/554T/POST-IN-SILICO-VALIDATION-TSV-out/validated-agfusion-dirs/
554T	hla_tsv	s3://crmy-gb-main/neondisco/main-analyses/MSA/running/NeonDisco-outputs/MYBRCA-n990-dataset-awsbatch-dualMode-ND-v0-2-2-RERUN-FINAL-v5/Cohortwide-HLA-typing-OUT/Cohortwide_HLA_types.tsv
555T	agfusion_dir	s3://crmy-gb-main/neondisco/main-analyses/MSA/running/NeonDisco-outputs/MYBRCA-n990-dataset-awsbatch-dualMode-ND-v0-2-2-RERUN-FINAL-v5/555T/POST-IN-SILICO-VALIDATION-TSV-out/validated-agfusion-dirs/
555T	hla_tsv	s3://crmy-gb-main/neondisco/main-analyses/MSA/running/NeonDisco-outputs/MYBRCA-n990-dataset-awsbatch-dualMode-ND-v0-2-2-RERUN-FINAL-v5/Cohortwide-HLA-typing-OUT/Cohortwide_HLA_types.tsv
556T	agfusion_dir	s3://crmy-gb-main/neondisco/main-analyses/MSA/running/NeonDisco-outputs/MYBRCA-n990-dataset-awsbatch-dualMode-ND-v0-2-2-RERUN-FINAL-v5/556T/POST-IN-SILICO-VALIDATION-TSV-out/validated-agfusion-dirs/
556T	hla_tsv	s3://crmy-gb-main/neondisco/main-analyses/MSA/running/NeonDisco-outputs/MYBRCA-n990-dataset-awsbatch-dualMode-ND-v0-2-2-RERUN-FINAL-v5/Cohortwide-HLA-typing-OUT/Cohortwide_HLA_types.tsv
557T	agfusion_dir	s3://crmy-gb-main/neondisco/main-analyses/MSA/running/NeonDisco-outputs/MYBRCA-n990-dataset-awsbatch-dualMode-ND-v0-2-2-RERUN-FINAL-v5/557T/POST-IN-SILICO-VALIDATION-TSV-out/validated-agfusion-dirs/
557T	hla_tsv	s3://crmy-gb-main/neondisco/main-analyses/MSA/running/NeonDisco-outputs/MYBRCA-n990-dataset-awsbatch-dualMode-ND-v0-2-2-RERUN-FINAL-v5/Cohortwide-HLA-typing-OUT/Cohortwide_HLA_types.tsv
558T	agfusion_dir	s3://crmy-gb-main/neondisco/main-analyses/MSA/running/NeonDisco-outputs/MYBRCA-n990-dataset-awsbatch-dualMode-ND-v0-2-2-RERUN-FINAL-v5/558T/POST-IN-SILICO-VALIDATION-TSV-out/validated-agfusion-dirs/
558T	hla_tsv	s3://crmy-gb-main/neondisco/main-analyses/MSA/running/NeonDisco-outputs/MYBRCA-n990-dataset-awsbatch-dualMode-ND-v0-2-2-RERUN-FINAL-v5/Cohortwide-HLA-typing-OUT/Cohortwide_HLA_types.tsv
559T	agfusion_dir	s3://crmy-gb-main/neondisco/main-analyses/MSA/running/NeonDisco-outputs/MYBRCA-n990-dataset-awsbatch-dualMode-ND-v0-2-2-RERUN-FINAL-v5/559T/POST-IN-SILICO-VALIDATION-TSV-out/validated-agfusion-dirs/
559T	hla_tsv	s3://crmy-gb-main/neondisco/main-analyses/MSA/running/NeonDisco-outputs/MYBRCA-n990-dataset-awsbatch-dualMode-ND-v0-2-2-RERUN-FINAL-v5/Cohortwide-HLA-typing-OUT/Cohortwide_HLA_types.tsv
55T	agfusion_dir	s3://crmy-gb-main/neondisco/main-analyses/MSA/running/NeonDisco-outputs/MYBRCA-n990-dataset-awsbatch-dualMode-ND-v0-2-2-RERUN-FINAL-v5/55T/POST-IN-SILICO-VALIDATION-TSV-out/validated-agfusion-dirs/
55T	hla_tsv	s3://crmy-gb-main/neondisco/main-analyses/MSA/running/NeonDisco-outputs/MYBRCA-n990-dataset-awsbatch-dualMode-ND-v0-2-2-RERUN-FINAL-v5/Cohortwide-HLA-typing-OUT/Cohortwide_HLA_types.tsv
560T	agfusion_dir	s3://crmy-gb-main/neondisco/main-analyses/MSA/running/NeonDisco-outputs/MYBRCA-n990-dataset-awsbatch-dualMode-ND-v0-2-2-RERUN-FINAL-v5/560T/POST-IN-SILICO-VALIDATION-TSV-out/validated-agfusion-dirs/
560T	hla_tsv	s3://crmy-gb-main/neondisco/main-analyses/MSA/running/NeonDisco-outputs/MYBRCA-n990-dataset-awsbatch-dualMode-ND-v0-2-2-RERUN-FINAL-v5/Cohortwide-HLA-typing-OUT/Cohortwide_HLA_types.tsv
561T	agfusion_dir	s3://crmy-gb-main/neondisco/main-analyses/MSA/running/NeonDisco-outputs/MYBRCA-n990-dataset-awsbatch-dualMode-ND-v0-2-2-RERUN-FINAL-v5/561T/POST-IN-SILICO-VALIDATION-TSV-out/validated-agfusion-dirs/
561T	hla_tsv	s3://crmy-gb-main/neondisco/main-analyses/MSA/running/NeonDisco-outputs/MYBRCA-n990-dataset-awsbatch-dualMode-ND-v0-2-2-RERUN-FINAL-v5/Cohortwide-HLA-typing-OUT/Cohortwide_HLA_types.tsv
562T	agfusion_dir	s3://crmy-gb-main/neondisco/main-analyses/MSA/running/NeonDisco-outputs/MYBRCA-n990-dataset-awsbatch-dualMode-ND-v0-2-2-RERUN-FINAL-v5/562T/POST-IN-SILICO-VALIDATION-TSV-out/validated-agfusion-dirs/
562T	hla_tsv	s3://crmy-gb-main/neondisco/main-analyses/MSA/running/NeonDisco-outputs/MYBRCA-n990-dataset-awsbatch-dualMode-ND-v0-2-2-RERUN-FINAL-v5/Cohortwide-HLA-typing-OUT/Cohortwide_HLA_types.tsv
563T	agfusion_dir	s3://crmy-gb-main/neondisco/main-analyses/MSA/running/NeonDisco-outputs/MYBRCA-n990-dataset-awsbatch-dualMode-ND-v0-2-2-RERUN-FINAL-v5/563T/POST-IN-SILICO-VALIDATION-TSV-out/validated-agfusion-dirs/
563T	hla_tsv	s3://crmy-gb-main/neondisco/main-analyses/MSA/running/NeonDisco-outputs/MYBRCA-n990-dataset-awsbatch-dualMode-ND-v0-2-2-RERUN-FINAL-v5/Cohortwide-HLA-typing-OUT/Cohortwide_HLA_types.tsv
564T	agfusion_dir	s3://crmy-gb-main/neondisco/main-analyses/MSA/running/NeonDisco-outputs/MYBRCA-n990-dataset-awsbatch-dualMode-ND-v0-2-2-RERUN-FINAL-v5/564T/POST-IN-SILICO-VALIDATION-TSV-out/validated-agfusion-dirs/
564T	hla_tsv	s3://crmy-gb-main/neondisco/main-analyses/MSA/running/NeonDisco-outputs/MYBRCA-n990-dataset-awsbatch-dualMode-ND-v0-2-2-RERUN-FINAL-v5/Cohortwide-HLA-typing-OUT/Cohortwide_HLA_types.tsv
565T	agfusion_dir	s3://crmy-gb-main/neondisco/main-analyses/MSA/running/NeonDisco-outputs/MYBRCA-n990-dataset-awsbatch-dualMode-ND-v0-2-2-RERUN-FINAL-v5/565T/POST-IN-SILICO-VALIDATION-TSV-out/validated-agfusion-dirs/
565T	hla_tsv	s3://crmy-gb-main/neondisco/main-analyses/MSA/running/NeonDisco-outputs/MYBRCA-n990-dataset-awsbatch-dualMode-ND-v0-2-2-RERUN-FINAL-v5/Cohortwide-HLA-typing-OUT/Cohortwide_HLA_types.tsv
566T	agfusion_dir	s3://crmy-gb-main/neondisco/main-analyses/MSA/running/NeonDisco-outputs/MYBRCA-n990-dataset-awsbatch-dualMode-ND-v0-2-2-RERUN-FINAL-v5/566T/POST-IN-SILICO-VALIDATION-TSV-out/validated-agfusion-dirs/
566T	hla_tsv	s3://crmy-gb-main/neondisco/main-analyses/MSA/running/NeonDisco-outputs/MYBRCA-n990-dataset-awsbatch-dualMode-ND-v0-2-2-RERUN-FINAL-v5/Cohortwide-HLA-typing-OUT/Cohortwide_HLA_types.tsv
567T	agfusion_dir	s3://crmy-gb-main/neondisco/main-analyses/MSA/running/NeonDisco-outputs/MYBRCA-n990-dataset-awsbatch-dualMode-ND-v0-2-2-RERUN-FINAL-v5/567T/POST-IN-SILICO-VALIDATION-TSV-out/validated-agfusion-dirs/
567T	hla_tsv	s3://crmy-gb-main/neondisco/main-analyses/MSA/running/NeonDisco-outputs/MYBRCA-n990-dataset-awsbatch-dualMode-ND-v0-2-2-RERUN-FINAL-v5/Cohortwide-HLA-typing-OUT/Cohortwide_HLA_types.tsv
568T	agfusion_dir	s3://crmy-gb-main/neondisco/main-analyses/MSA/running/NeonDisco-outputs/MYBRCA-n990-dataset-awsbatch-dualMode-ND-v0-2-2-RERUN-FINAL-v5/568T/POST-IN-SILICO-VALIDATION-TSV-out/validated-agfusion-dirs/
568T	hla_tsv	s3://crmy-gb-main/neondisco/main-analyses/MSA/running/NeonDisco-outputs/MYBRCA-n990-dataset-awsbatch-dualMode-ND-v0-2-2-RERUN-FINAL-v5/Cohortwide-HLA-typing-OUT/Cohortwide_HLA_types.tsv
569T	agfusion_dir	s3://crmy-gb-main/neondisco/main-analyses/MSA/running/NeonDisco-outputs/MYBRCA-n990-dataset-awsbatch-dualMode-ND-v0-2-2-RERUN-FINAL-v5/569T/POST-IN-SILICO-VALIDATION-TSV-out/validated-agfusion-dirs/
569T	hla_tsv	s3://crmy-gb-main/neondisco/main-analyses/MSA/running/NeonDisco-outputs/MYBRCA-n990-dataset-awsbatch-dualMode-ND-v0-2-2-RERUN-FINAL-v5/Cohortwide-HLA-typing-OUT/Cohortwide_HLA_types.tsv
56T	agfusion_dir	s3://crmy-gb-main/neondisco/main-analyses/MSA/running/NeonDisco-outputs/MYBRCA-n990-dataset-awsbatch-dualMode-ND-v0-2-2-RERUN-FINAL-v5/56T/POST-IN-SILICO-VALIDATION-TSV-out/validated-agfusion-dirs/
56T	hla_tsv	s3://crmy-gb-main/neondisco/main-analyses/MSA/running/NeonDisco-outputs/MYBRCA-n990-dataset-awsbatch-dualMode-ND-v0-2-2-RERUN-FINAL-v5/Cohortwide-HLA-typing-OUT/Cohortwide_HLA_types.tsv
570T	agfusion_dir	s3://crmy-gb-main/neondisco/main-analyses/MSA/running/NeonDisco-outputs/MYBRCA-n990-dataset-awsbatch-dualMode-ND-v0-2-2-RERUN-FINAL-v5/570T/POST-IN-SILICO-VALIDATION-TSV-out/validated-agfusion-dirs/
570T	hla_tsv	s3://crmy-gb-main/neondisco/main-analyses/MSA/running/NeonDisco-outputs/MYBRCA-n990-dataset-awsbatch-dualMode-ND-v0-2-2-RERUN-FINAL-v5/Cohortwide-HLA-typing-OUT/Cohortwide_HLA_types.tsv
571T	agfusion_dir	s3://crmy-gb-main/neondisco/main-analyses/MSA/running/NeonDisco-outputs/MYBRCA-n990-dataset-awsbatch-dualMode-ND-v0-2-2-RERUN-FINAL-v5/571T/POST-IN-SILICO-VALIDATION-TSV-out/validated-agfusion-dirs/
571T	hla_tsv	s3://crmy-gb-main/neondisco/main-analyses/MSA/running/NeonDisco-outputs/MYBRCA-n990-dataset-awsbatch-dualMode-ND-v0-2-2-RERUN-FINAL-v5/Cohortwide-HLA-typing-OUT/Cohortwide_HLA_types.tsv
572T	agfusion_dir	s3://crmy-gb-main/neondisco/main-analyses/MSA/running/NeonDisco-outputs/MYBRCA-n990-dataset-awsbatch-dualMode-ND-v0-2-2-RERUN-FINAL-v5/572T/POST-IN-SILICO-VALIDATION-TSV-out/validated-agfusion-dirs/
572T	hla_tsv	s3://crmy-gb-main/neondisco/main-analyses/MSA/running/NeonDisco-outputs/MYBRCA-n990-dataset-awsbatch-dualMode-ND-v0-2-2-RERUN-FINAL-v5/Cohortwide-HLA-typing-OUT/Cohortwide_HLA_types.tsv
573T	agfusion_dir	s3://crmy-gb-main/neondisco/main-analyses/MSA/running/NeonDisco-outputs/MYBRCA-n990-dataset-awsbatch-dualMode-ND-v0-2-2-RERUN-FINAL-v5/573T/POST-IN-SILICO-VALIDATION-TSV-out/validated-agfusion-dirs/
573T	hla_tsv	s3://crmy-gb-main/neondisco/main-analyses/MSA/running/NeonDisco-outputs/MYBRCA-n990-dataset-awsbatch-dualMode-ND-v0-2-2-RERUN-FINAL-v5/Cohortwide-HLA-typing-OUT/Cohortwide_HLA_types.tsv
574T	agfusion_dir	s3://crmy-gb-main/neondisco/main-analyses/MSA/running/NeonDisco-outputs/MYBRCA-n990-dataset-awsbatch-dualMode-ND-v0-2-2-RERUN-FINAL-v5/574T/POST-IN-SILICO-VALIDATION-TSV-out/validated-agfusion-dirs/
574T	hla_tsv	s3://crmy-gb-main/neondisco/main-analyses/MSA/running/NeonDisco-outputs/MYBRCA-n990-dataset-awsbatch-dualMode-ND-v0-2-2-RERUN-FINAL-v5/Cohortwide-HLA-typing-OUT/Cohortwide_HLA_types.tsv
575T	agfusion_dir	s3://crmy-gb-main/neondisco/main-analyses/MSA/running/NeonDisco-outputs/MYBRCA-n990-dataset-awsbatch-dualMode-ND-v0-2-2-RERUN-FINAL-v5/575T/POST-IN-SILICO-VALIDATION-TSV-out/validated-agfusion-dirs/
575T	hla_tsv	s3://crmy-gb-main/neondisco/main-analyses/MSA/running/NeonDisco-outputs/MYBRCA-n990-dataset-awsbatch-dualMode-ND-v0-2-2-RERUN-FINAL-v5/Cohortwide-HLA-typing-OUT/Cohortwide_HLA_types.tsv
576T	agfusion_dir	s3://crmy-gb-main/neondisco/main-analyses/MSA/running/NeonDisco-outputs/MYBRCA-n990-dataset-awsbatch-dualMode-ND-v0-2-2-RERUN-FINAL-v5/576T/POST-IN-SILICO-VALIDATION-TSV-out/validated-agfusion-dirs/
576T	hla_tsv	s3://crmy-gb-main/neondisco/main-analyses/MSA/running/NeonDisco-outputs/MYBRCA-n990-dataset-awsbatch-dualMode-ND-v0-2-2-RERUN-FINAL-v5/Cohortwide-HLA-typing-OUT/Cohortwide_HLA_types.tsv
577T	agfusion_dir	s3://crmy-gb-main/neondisco/main-analyses/MSA/running/NeonDisco-outputs/MYBRCA-n990-dataset-awsbatch-dualMode-ND-v0-2-2-RERUN-FINAL-v5/577T/POST-IN-SILICO-VALIDATION-TSV-out/validated-agfusion-dirs/
577T	hla_tsv	s3://crmy-gb-main/neondisco/main-analyses/MSA/running/NeonDisco-outputs/MYBRCA-n990-dataset-awsbatch-dualMode-ND-v0-2-2-RERUN-FINAL-v5/Cohortwide-HLA-typing-OUT/Cohortwide_HLA_types.tsv
578T	agfusion_dir	s3://crmy-gb-main/neondisco/main-analyses/MSA/running/NeonDisco-outputs/MYBRCA-n990-dataset-awsbatch-dualMode-ND-v0-2-2-RERUN-FINAL-v5/578T/POST-IN-SILICO-VALIDATION-TSV-out/validated-agfusion-dirs/
578T	hla_tsv	s3://crmy-gb-main/neondisco/main-analyses/MSA/running/NeonDisco-outputs/MYBRCA-n990-dataset-awsbatch-dualMode-ND-v0-2-2-RERUN-FINAL-v5/Cohortwide-HLA-typing-OUT/Cohortwide_HLA_types.tsv
579T	agfusion_dir	s3://crmy-gb-main/neondisco/main-analyses/MSA/running/NeonDisco-outputs/MYBRCA-n990-dataset-awsbatch-dualMode-ND-v0-2-2-RERUN-FINAL-v5/579T/POST-IN-SILICO-VALIDATION-TSV-out/validated-agfusion-dirs/
579T	hla_tsv	s3://crmy-gb-main/neondisco/main-analyses/MSA/running/NeonDisco-outputs/MYBRCA-n990-dataset-awsbatch-dualMode-ND-v0-2-2-RERUN-FINAL-v5/Cohortwide-HLA-typing-OUT/Cohortwide_HLA_types.tsv
57T	agfusion_dir	s3://crmy-gb-main/neondisco/main-analyses/MSA/running/NeonDisco-outputs/MYBRCA-n990-dataset-awsbatch-dualMode-ND-v0-2-2-RERUN-FINAL-v5/57T/POST-IN-SILICO-VALIDATION-TSV-out/validated-agfusion-dirs/
57T	hla_tsv	s3://crmy-gb-main/neondisco/main-analyses/MSA/running/NeonDisco-outputs/MYBRCA-n990-dataset-awsbatch-dualMode-ND-v0-2-2-RERUN-FINAL-v5/Cohortwide-HLA-typing-OUT/Cohortwide_HLA_types.tsv
580T	agfusion_dir	s3://crmy-gb-main/neondisco/main-analyses/MSA/running/NeonDisco-outputs/MYBRCA-n990-dataset-awsbatch-dualMode-ND-v0-2-2-RERUN-FINAL-v5/580T/POST-IN-SILICO-VALIDATION-TSV-out/validated-agfusion-dirs/
580T	hla_tsv	s3://crmy-gb-main/neondisco/main-analyses/MSA/running/NeonDisco-outputs/MYBRCA-n990-dataset-awsbatch-dualMode-ND-v0-2-2-RERUN-FINAL-v5/Cohortwide-HLA-typing-OUT/Cohortwide_HLA_types.tsv
581T	agfusion_dir	s3://crmy-gb-main/neondisco/main-analyses/MSA/running/NeonDisco-outputs/MYBRCA-n990-dataset-awsbatch-dualMode-ND-v0-2-2-RERUN-FINAL-v5/581T/POST-IN-SILICO-VALIDATION-TSV-out/validated-agfusion-dirs/
581T	hla_tsv	s3://crmy-gb-main/neondisco/main-analyses/MSA/running/NeonDisco-outputs/MYBRCA-n990-dataset-awsbatch-dualMode-ND-v0-2-2-RERUN-FINAL-v5/Cohortwide-HLA-typing-OUT/Cohortwide_HLA_types.tsv
582T	agfusion_dir	s3://crmy-gb-main/neondisco/main-analyses/MSA/running/NeonDisco-outputs/MYBRCA-n990-dataset-awsbatch-dualMode-ND-v0-2-2-RERUN-FINAL-v5/582T/POST-IN-SILICO-VALIDATION-TSV-out/validated-agfusion-dirs/
582T	hla_tsv	s3://crmy-gb-main/neondisco/main-analyses/MSA/running/NeonDisco-outputs/MYBRCA-n990-dataset-awsbatch-dualMode-ND-v0-2-2-RERUN-FINAL-v5/Cohortwide-HLA-typing-OUT/Cohortwide_HLA_types.tsv
583T	agfusion_dir	s3://crmy-gb-main/neondisco/main-analyses/MSA/running/NeonDisco-outputs/MYBRCA-n990-dataset-awsbatch-dualMode-ND-v0-2-2-RERUN-FINAL-v5/583T/POST-IN-SILICO-VALIDATION-TSV-out/validated-agfusion-dirs/
583T	hla_tsv	s3://crmy-gb-main/neondisco/main-analyses/MSA/running/NeonDisco-outputs/MYBRCA-n990-dataset-awsbatch-dualMode-ND-v0-2-2-RERUN-FINAL-v5/Cohortwide-HLA-typing-OUT/Cohortwide_HLA_types.tsv
584T	agfusion_dir	s3://crmy-gb-main/neondisco/main-analyses/MSA/running/NeonDisco-outputs/MYBRCA-n990-dataset-awsbatch-dualMode-ND-v0-2-2-RERUN-FINAL-v5/584T/POST-IN-SILICO-VALIDATION-TSV-out/validated-agfusion-dirs/
584T	hla_tsv	s3://crmy-gb-main/neondisco/main-analyses/MSA/running/NeonDisco-outputs/MYBRCA-n990-dataset-awsbatch-dualMode-ND-v0-2-2-RERUN-FINAL-v5/Cohortwide-HLA-typing-OUT/Cohortwide_HLA_types.tsv
585T	agfusion_dir	s3://crmy-gb-main/neondisco/main-analyses/MSA/running/NeonDisco-outputs/MYBRCA-n990-dataset-awsbatch-dualMode-ND-v0-2-2-RERUN-FINAL-v5/585T/POST-IN-SILICO-VALIDATION-TSV-out/validated-agfusion-dirs/
585T	hla_tsv	s3://crmy-gb-main/neondisco/main-analyses/MSA/running/NeonDisco-outputs/MYBRCA-n990-dataset-awsbatch-dualMode-ND-v0-2-2-RERUN-FINAL-v5/Cohortwide-HLA-typing-OUT/Cohortwide_HLA_types.tsv
586T	agfusion_dir	s3://crmy-gb-main/neondisco/main-analyses/MSA/running/NeonDisco-outputs/MYBRCA-n990-dataset-awsbatch-dualMode-ND-v0-2-2-RERUN-FINAL-v5/586T/POST-IN-SILICO-VALIDATION-TSV-out/validated-agfusion-dirs/
586T	hla_tsv	s3://crmy-gb-main/neondisco/main-analyses/MSA/running/NeonDisco-outputs/MYBRCA-n990-dataset-awsbatch-dualMode-ND-v0-2-2-RERUN-FINAL-v5/Cohortwide-HLA-typing-OUT/Cohortwide_HLA_types.tsv
587T	agfusion_dir	s3://crmy-gb-main/neondisco/main-analyses/MSA/running/NeonDisco-outputs/MYBRCA-n990-dataset-awsbatch-dualMode-ND-v0-2-2-RERUN-FINAL-v5/587T/POST-IN-SILICO-VALIDATION-TSV-out/validated-agfusion-dirs/
587T	hla_tsv	s3://crmy-gb-main/neondisco/main-analyses/MSA/running/NeonDisco-outputs/MYBRCA-n990-dataset-awsbatch-dualMode-ND-v0-2-2-RERUN-FINAL-v5/Cohortwide-HLA-typing-OUT/Cohortwide_HLA_types.tsv
588T	agfusion_dir	s3://crmy-gb-main/neondisco/main-analyses/MSA/running/NeonDisco-outputs/MYBRCA-n990-dataset-awsbatch-dualMode-ND-v0-2-2-RERUN-FINAL-v5/588T/POST-IN-SILICO-VALIDATION-TSV-out/validated-agfusion-dirs/
588T	hla_tsv	s3://crmy-gb-main/neondisco/main-analyses/MSA/running/NeonDisco-outputs/MYBRCA-n990-dataset-awsbatch-dualMode-ND-v0-2-2-RERUN-FINAL-v5/Cohortwide-HLA-typing-OUT/Cohortwide_HLA_types.tsv
589T	agfusion_dir	s3://crmy-gb-main/neondisco/main-analyses/MSA/running/NeonDisco-outputs/MYBRCA-n990-dataset-awsbatch-dualMode-ND-v0-2-2-RERUN-FINAL-v5/589T/POST-IN-SILICO-VALIDATION-TSV-out/validated-agfusion-dirs/
589T	hla_tsv	s3://crmy-gb-main/neondisco/main-analyses/MSA/running/NeonDisco-outputs/MYBRCA-n990-dataset-awsbatch-dualMode-ND-v0-2-2-RERUN-FINAL-v5/Cohortwide-HLA-typing-OUT/Cohortwide_HLA_types.tsv
58T	agfusion_dir	s3://crmy-gb-main/neondisco/main-analyses/MSA/running/NeonDisco-outputs/MYBRCA-n990-dataset-awsbatch-dualMode-ND-v0-2-2-RERUN-FINAL-v5/58T/POST-IN-SILICO-VALIDATION-TSV-out/validated-agfusion-dirs/
58T	hla_tsv	s3://crmy-gb-main/neondisco/main-analyses/MSA/running/NeonDisco-outputs/MYBRCA-n990-dataset-awsbatch-dualMode-ND-v0-2-2-RERUN-FINAL-v5/Cohortwide-HLA-typing-OUT/Cohortwide_HLA_types.tsv
590T	agfusion_dir	s3://crmy-gb-main/neondisco/main-analyses/MSA/running/NeonDisco-outputs/MYBRCA-n990-dataset-awsbatch-dualMode-ND-v0-2-2-RERUN-FINAL-v5/590T/POST-IN-SILICO-VALIDATION-TSV-out/validated-agfusion-dirs/
590T	hla_tsv	s3://crmy-gb-main/neondisco/main-analyses/MSA/running/NeonDisco-outputs/MYBRCA-n990-dataset-awsbatch-dualMode-ND-v0-2-2-RERUN-FINAL-v5/Cohortwide-HLA-typing-OUT/Cohortwide_HLA_types.tsv
591T	agfusion_dir	s3://crmy-gb-main/neondisco/main-analyses/MSA/running/NeonDisco-outputs/MYBRCA-n990-dataset-awsbatch-dualMode-ND-v0-2-2-RERUN-FINAL-v5/591T/POST-IN-SILICO-VALIDATION-TSV-out/validated-agfusion-dirs/
591T	hla_tsv	s3://crmy-gb-main/neondisco/main-analyses/MSA/running/NeonDisco-outputs/MYBRCA-n990-dataset-awsbatch-dualMode-ND-v0-2-2-RERUN-FINAL-v5/Cohortwide-HLA-typing-OUT/Cohortwide_HLA_types.tsv
592T	agfusion_dir	s3://crmy-gb-main/neondisco/main-analyses/MSA/running/NeonDisco-outputs/MYBRCA-n990-dataset-awsbatch-dualMode-ND-v0-2-2-RERUN-FINAL-v5/592T/POST-IN-SILICO-VALIDATION-TSV-out/validated-agfusion-dirs/
592T	hla_tsv	s3://crmy-gb-main/neondisco/main-analyses/MSA/running/NeonDisco-outputs/MYBRCA-n990-dataset-awsbatch-dualMode-ND-v0-2-2-RERUN-FINAL-v5/Cohortwide-HLA-typing-OUT/Cohortwide_HLA_types.tsv
593T	agfusion_dir	s3://crmy-gb-main/neondisco/main-analyses/MSA/running/NeonDisco-outputs/MYBRCA-n990-dataset-awsbatch-dualMode-ND-v0-2-2-RERUN-FINAL-v5/593T/POST-IN-SILICO-VALIDATION-TSV-out/validated-agfusion-dirs/
593T	hla_tsv	s3://crmy-gb-main/neondisco/main-analyses/MSA/running/NeonDisco-outputs/MYBRCA-n990-dataset-awsbatch-dualMode-ND-v0-2-2-RERUN-FINAL-v5/Cohortwide-HLA-typing-OUT/Cohortwide_HLA_types.tsv
594T	agfusion_dir	s3://crmy-gb-main/neondisco/main-analyses/MSA/running/NeonDisco-outputs/MYBRCA-n990-dataset-awsbatch-dualMode-ND-v0-2-2-RERUN-FINAL-v5/594T/POST-IN-SILICO-VALIDATION-TSV-out/validated-agfusion-dirs/
594T	hla_tsv	s3://crmy-gb-main/neondisco/main-analyses/MSA/running/NeonDisco-outputs/MYBRCA-n990-dataset-awsbatch-dualMode-ND-v0-2-2-RERUN-FINAL-v5/Cohortwide-HLA-typing-OUT/Cohortwide_HLA_types.tsv
595T	agfusion_dir	s3://crmy-gb-main/neondisco/main-analyses/MSA/running/NeonDisco-outputs/MYBRCA-n990-dataset-awsbatch-dualMode-ND-v0-2-2-RERUN-FINAL-v5/595T/POST-IN-SILICO-VALIDATION-TSV-out/validated-agfusion-dirs/
595T	hla_tsv	s3://crmy-gb-main/neondisco/main-analyses/MSA/running/NeonDisco-outputs/MYBRCA-n990-dataset-awsbatch-dualMode-ND-v0-2-2-RERUN-FINAL-v5/Cohortwide-HLA-typing-OUT/Cohortwide_HLA_types.tsv
596T	agfusion_dir	s3://crmy-gb-main/neondisco/main-analyses/MSA/running/NeonDisco-outputs/MYBRCA-n990-dataset-awsbatch-dualMode-ND-v0-2-2-RERUN-FINAL-v5/596T/POST-IN-SILICO-VALIDATION-TSV-out/validated-agfusion-dirs/
596T	hla_tsv	s3://crmy-gb-main/neondisco/main-analyses/MSA/running/NeonDisco-outputs/MYBRCA-n990-dataset-awsbatch-dualMode-ND-v0-2-2-RERUN-FINAL-v5/Cohortwide-HLA-typing-OUT/Cohortwide_HLA_types.tsv
597T	agfusion_dir	s3://crmy-gb-main/neondisco/main-analyses/MSA/running/NeonDisco-outputs/MYBRCA-n990-dataset-awsbatch-dualMode-ND-v0-2-2-RERUN-FINAL-v5/597T/POST-IN-SILICO-VALIDATION-TSV-out/validated-agfusion-dirs/
597T	hla_tsv	s3://crmy-gb-main/neondisco/main-analyses/MSA/running/NeonDisco-outputs/MYBRCA-n990-dataset-awsbatch-dualMode-ND-v0-2-2-RERUN-FINAL-v5/Cohortwide-HLA-typing-OUT/Cohortwide_HLA_types.tsv
598T	agfusion_dir	s3://crmy-gb-main/neondisco/main-analyses/MSA/running/NeonDisco-outputs/MYBRCA-n990-dataset-awsbatch-dualMode-ND-v0-2-2-RERUN-FINAL-v5/598T/POST-IN-SILICO-VALIDATION-TSV-out/validated-agfusion-dirs/
598T	hla_tsv	s3://crmy-gb-main/neondisco/main-analyses/MSA/running/NeonDisco-outputs/MYBRCA-n990-dataset-awsbatch-dualMode-ND-v0-2-2-RERUN-FINAL-v5/Cohortwide-HLA-typing-OUT/Cohortwide_HLA_types.tsv
599T	agfusion_dir	s3://crmy-gb-main/neondisco/main-analyses/MSA/running/NeonDisco-outputs/MYBRCA-n990-dataset-awsbatch-dualMode-ND-v0-2-2-RERUN-FINAL-v5/599T/POST-IN-SILICO-VALIDATION-TSV-out/validated-agfusion-dirs/
599T	hla_tsv	s3://crmy-gb-main/neondisco/main-analyses/MSA/running/NeonDisco-outputs/MYBRCA-n990-dataset-awsbatch-dualMode-ND-v0-2-2-RERUN-FINAL-v5/Cohortwide-HLA-typing-OUT/Cohortwide_HLA_types.tsv
59T	agfusion_dir	s3://crmy-gb-main/neondisco/main-analyses/MSA/running/NeonDisco-outputs/MYBRCA-n990-dataset-awsbatch-dualMode-ND-v0-2-2-RERUN-FINAL-v5/59T/POST-IN-SILICO-VALIDATION-TSV-out/validated-agfusion-dirs/
59T	hla_tsv	s3://crmy-gb-main/neondisco/main-analyses/MSA/running/NeonDisco-outputs/MYBRCA-n990-dataset-awsbatch-dualMode-ND-v0-2-2-RERUN-FINAL-v5/Cohortwide-HLA-typing-OUT/Cohortwide_HLA_types.tsv
5T	agfusion_dir	s3://crmy-gb-main/neondisco/main-analyses/MSA/running/NeonDisco-outputs/MYBRCA-n990-dataset-awsbatch-dualMode-ND-v0-2-2-RERUN-FINAL-v5/5T/POST-IN-SILICO-VALIDATION-TSV-out/validated-agfusion-dirs/
5T	hla_tsv	s3://crmy-gb-main/neondisco/main-analyses/MSA/running/NeonDisco-outputs/MYBRCA-n990-dataset-awsbatch-dualMode-ND-v0-2-2-RERUN-FINAL-v5/Cohortwide-HLA-typing-OUT/Cohortwide_HLA_types.tsv
600T	agfusion_dir	s3://crmy-gb-main/neondisco/main-analyses/MSA/running/NeonDisco-outputs/MYBRCA-n990-dataset-awsbatch-dualMode-ND-v0-2-2-RERUN-FINAL-v5/600T/POST-IN-SILICO-VALIDATION-TSV-out/validated-agfusion-dirs/
600T	hla_tsv	s3://crmy-gb-main/neondisco/main-analyses/MSA/running/NeonDisco-outputs/MYBRCA-n990-dataset-awsbatch-dualMode-ND-v0-2-2-RERUN-FINAL-v5/Cohortwide-HLA-typing-OUT/Cohortwide_HLA_types.tsv
601T	agfusion_dir	s3://crmy-gb-main/neondisco/main-analyses/MSA/running/NeonDisco-outputs/MYBRCA-n990-dataset-awsbatch-dualMode-ND-v0-2-2-RERUN-FINAL-v5/601T/POST-IN-SILICO-VALIDATION-TSV-out/validated-agfusion-dirs/
601T	hla_tsv	s3://crmy-gb-main/neondisco/main-analyses/MSA/running/NeonDisco-outputs/MYBRCA-n990-dataset-awsbatch-dualMode-ND-v0-2-2-RERUN-FINAL-v5/Cohortwide-HLA-typing-OUT/Cohortwide_HLA_types.tsv
602T	agfusion_dir	s3://crmy-gb-main/neondisco/main-analyses/MSA/running/NeonDisco-outputs/MYBRCA-n990-dataset-awsbatch-dualMode-ND-v0-2-2-RERUN-FINAL-v5/602T/POST-IN-SILICO-VALIDATION-TSV-out/validated-agfusion-dirs/
602T	hla_tsv	s3://crmy-gb-main/neondisco/main-analyses/MSA/running/NeonDisco-outputs/MYBRCA-n990-dataset-awsbatch-dualMode-ND-v0-2-2-RERUN-FINAL-v5/Cohortwide-HLA-typing-OUT/Cohortwide_HLA_types.tsv
603T	agfusion_dir	s3://crmy-gb-main/neondisco/main-analyses/MSA/running/NeonDisco-outputs/MYBRCA-n990-dataset-awsbatch-dualMode-ND-v0-2-2-RERUN-FINAL-v5/603T/POST-IN-SILICO-VALIDATION-TSV-out/validated-agfusion-dirs/
603T	hla_tsv	s3://crmy-gb-main/neondisco/main-analyses/MSA/running/NeonDisco-outputs/MYBRCA-n990-dataset-awsbatch-dualMode-ND-v0-2-2-RERUN-FINAL-v5/Cohortwide-HLA-typing-OUT/Cohortwide_HLA_types.tsv
604T	agfusion_dir	s3://crmy-gb-main/neondisco/main-analyses/MSA/running/NeonDisco-outputs/MYBRCA-n990-dataset-awsbatch-dualMode-ND-v0-2-2-RERUN-FINAL-v5/604T/POST-IN-SILICO-VALIDATION-TSV-out/validated-agfusion-dirs/
604T	hla_tsv	s3://crmy-gb-main/neondisco/main-analyses/MSA/running/NeonDisco-outputs/MYBRCA-n990-dataset-awsbatch-dualMode-ND-v0-2-2-RERUN-FINAL-v5/Cohortwide-HLA-typing-OUT/Cohortwide_HLA_types.tsv
605T	agfusion_dir	s3://crmy-gb-main/neondisco/main-analyses/MSA/running/NeonDisco-outputs/MYBRCA-n990-dataset-awsbatch-dualMode-ND-v0-2-2-RERUN-FINAL-v5/605T/POST-IN-SILICO-VALIDATION-TSV-out/validated-agfusion-dirs/
605T	hla_tsv	s3://crmy-gb-main/neondisco/main-analyses/MSA/running/NeonDisco-outputs/MYBRCA-n990-dataset-awsbatch-dualMode-ND-v0-2-2-RERUN-FINAL-v5/Cohortwide-HLA-typing-OUT/Cohortwide_HLA_types.tsv
606T	agfusion_dir	s3://crmy-gb-main/neondisco/main-analyses/MSA/running/NeonDisco-outputs/MYBRCA-n990-dataset-awsbatch-dualMode-ND-v0-2-2-RERUN-FINAL-v5/606T/POST-IN-SILICO-VALIDATION-TSV-out/validated-agfusion-dirs/
606T	hla_tsv	s3://crmy-gb-main/neondisco/main-analyses/MSA/running/NeonDisco-outputs/MYBRCA-n990-dataset-awsbatch-dualMode-ND-v0-2-2-RERUN-FINAL-v5/Cohortwide-HLA-typing-OUT/Cohortwide_HLA_types.tsv
607T	agfusion_dir	s3://crmy-gb-main/neondisco/main-analyses/MSA/running/NeonDisco-outputs/MYBRCA-n990-dataset-awsbatch-dualMode-ND-v0-2-2-RERUN-FINAL-v5/607T/POST-IN-SILICO-VALIDATION-TSV-out/validated-agfusion-dirs/
607T	hla_tsv	s3://crmy-gb-main/neondisco/main-analyses/MSA/running/NeonDisco-outputs/MYBRCA-n990-dataset-awsbatch-dualMode-ND-v0-2-2-RERUN-FINAL-v5/Cohortwide-HLA-typing-OUT/Cohortwide_HLA_types.tsv
608T	agfusion_dir	s3://crmy-gb-main/neondisco/main-analyses/MSA/running/NeonDisco-outputs/MYBRCA-n990-dataset-awsbatch-dualMode-ND-v0-2-2-RERUN-FINAL-v5/608T/POST-IN-SILICO-VALIDATION-TSV-out/validated-agfusion-dirs/
608T	hla_tsv	s3://crmy-gb-main/neondisco/main-analyses/MSA/running/NeonDisco-outputs/MYBRCA-n990-dataset-awsbatch-dualMode-ND-v0-2-2-RERUN-FINAL-v5/Cohortwide-HLA-typing-OUT/Cohortwide_HLA_types.tsv
609T	agfusion_dir	s3://crmy-gb-main/neondisco/main-analyses/MSA/running/NeonDisco-outputs/MYBRCA-n990-dataset-awsbatch-dualMode-ND-v0-2-2-RERUN-FINAL-v5/609T/POST-IN-SILICO-VALIDATION-TSV-out/validated-agfusion-dirs/
609T	hla_tsv	s3://crmy-gb-main/neondisco/main-analyses/MSA/running/NeonDisco-outputs/MYBRCA-n990-dataset-awsbatch-dualMode-ND-v0-2-2-RERUN-FINAL-v5/Cohortwide-HLA-typing-OUT/Cohortwide_HLA_types.tsv
60T	agfusion_dir	s3://crmy-gb-main/neondisco/main-analyses/MSA/running/NeonDisco-outputs/MYBRCA-n990-dataset-awsbatch-dualMode-ND-v0-2-2-RERUN-FINAL-v5/60T/POST-IN-SILICO-VALIDATION-TSV-out/validated-agfusion-dirs/
60T	hla_tsv	s3://crmy-gb-main/neondisco/main-analyses/MSA/running/NeonDisco-outputs/MYBRCA-n990-dataset-awsbatch-dualMode-ND-v0-2-2-RERUN-FINAL-v5/Cohortwide-HLA-typing-OUT/Cohortwide_HLA_types.tsv
610T	agfusion_dir	s3://crmy-gb-main/neondisco/main-analyses/MSA/running/NeonDisco-outputs/MYBRCA-n990-dataset-awsbatch-dualMode-ND-v0-2-2-RERUN-FINAL-v5/610T/POST-IN-SILICO-VALIDATION-TSV-out/validated-agfusion-dirs/
610T	hla_tsv	s3://crmy-gb-main/neondisco/main-analyses/MSA/running/NeonDisco-outputs/MYBRCA-n990-dataset-awsbatch-dualMode-ND-v0-2-2-RERUN-FINAL-v5/Cohortwide-HLA-typing-OUT/Cohortwide_HLA_types.tsv
611T	agfusion_dir	s3://crmy-gb-main/neondisco/main-analyses/MSA/running/NeonDisco-outputs/MYBRCA-n990-dataset-awsbatch-dualMode-ND-v0-2-2-RERUN-FINAL-v5/611T/POST-IN-SILICO-VALIDATION-TSV-out/validated-agfusion-dirs/
611T	hla_tsv	s3://crmy-gb-main/neondisco/main-analyses/MSA/running/NeonDisco-outputs/MYBRCA-n990-dataset-awsbatch-dualMode-ND-v0-2-2-RERUN-FINAL-v5/Cohortwide-HLA-typing-OUT/Cohortwide_HLA_types.tsv
612T	agfusion_dir	s3://crmy-gb-main/neondisco/main-analyses/MSA/running/NeonDisco-outputs/MYBRCA-n990-dataset-awsbatch-dualMode-ND-v0-2-2-RERUN-FINAL-v5/612T/POST-IN-SILICO-VALIDATION-TSV-out/validated-agfusion-dirs/
612T	hla_tsv	s3://crmy-gb-main/neondisco/main-analyses/MSA/running/NeonDisco-outputs/MYBRCA-n990-dataset-awsbatch-dualMode-ND-v0-2-2-RERUN-FINAL-v5/Cohortwide-HLA-typing-OUT/Cohortwide_HLA_types.tsv
613T	agfusion_dir	s3://crmy-gb-main/neondisco/main-analyses/MSA/running/NeonDisco-outputs/MYBRCA-n990-dataset-awsbatch-dualMode-ND-v0-2-2-RERUN-FINAL-v5/613T/POST-IN-SILICO-VALIDATION-TSV-out/validated-agfusion-dirs/
613T	hla_tsv	s3://crmy-gb-main/neondisco/main-analyses/MSA/running/NeonDisco-outputs/MYBRCA-n990-dataset-awsbatch-dualMode-ND-v0-2-2-RERUN-FINAL-v5/Cohortwide-HLA-typing-OUT/Cohortwide_HLA_types.tsv
614T	agfusion_dir	s3://crmy-gb-main/neondisco/main-analyses/MSA/running/NeonDisco-outputs/MYBRCA-n990-dataset-awsbatch-dualMode-ND-v0-2-2-RERUN-FINAL-v5/614T/POST-IN-SILICO-VALIDATION-TSV-out/validated-agfusion-dirs/
614T	hla_tsv	s3://crmy-gb-main/neondisco/main-analyses/MSA/running/NeonDisco-outputs/MYBRCA-n990-dataset-awsbatch-dualMode-ND-v0-2-2-RERUN-FINAL-v5/Cohortwide-HLA-typing-OUT/Cohortwide_HLA_types.tsv
615T	agfusion_dir	s3://crmy-gb-main/neondisco/main-analyses/MSA/running/NeonDisco-outputs/MYBRCA-n990-dataset-awsbatch-dualMode-ND-v0-2-2-RERUN-FINAL-v5/615T/POST-IN-SILICO-VALIDATION-TSV-out/validated-agfusion-dirs/
615T	hla_tsv	s3://crmy-gb-main/neondisco/main-analyses/MSA/running/NeonDisco-outputs/MYBRCA-n990-dataset-awsbatch-dualMode-ND-v0-2-2-RERUN-FINAL-v5/Cohortwide-HLA-typing-OUT/Cohortwide_HLA_types.tsv
616T	agfusion_dir	s3://crmy-gb-main/neondisco/main-analyses/MSA/running/NeonDisco-outputs/MYBRCA-n990-dataset-awsbatch-dualMode-ND-v0-2-2-RERUN-FINAL-v5/616T/POST-IN-SILICO-VALIDATION-TSV-out/validated-agfusion-dirs/
616T	hla_tsv	s3://crmy-gb-main/neondisco/main-analyses/MSA/running/NeonDisco-outputs/MYBRCA-n990-dataset-awsbatch-dualMode-ND-v0-2-2-RERUN-FINAL-v5/Cohortwide-HLA-typing-OUT/Cohortwide_HLA_types.tsv
617T	agfusion_dir	s3://crmy-gb-main/neondisco/main-analyses/MSA/running/NeonDisco-outputs/MYBRCA-n990-dataset-awsbatch-dualMode-ND-v0-2-2-RERUN-FINAL-v5/617T/POST-IN-SILICO-VALIDATION-TSV-out/validated-agfusion-dirs/
617T	hla_tsv	s3://crmy-gb-main/neondisco/main-analyses/MSA/running/NeonDisco-outputs/MYBRCA-n990-dataset-awsbatch-dualMode-ND-v0-2-2-RERUN-FINAL-v5/Cohortwide-HLA-typing-OUT/Cohortwide_HLA_types.tsv
618T	agfusion_dir	s3://crmy-gb-main/neondisco/main-analyses/MSA/running/NeonDisco-outputs/MYBRCA-n990-dataset-awsbatch-dualMode-ND-v0-2-2-RERUN-FINAL-v5/618T/POST-IN-SILICO-VALIDATION-TSV-out/validated-agfusion-dirs/
618T	hla_tsv	s3://crmy-gb-main/neondisco/main-analyses/MSA/running/NeonDisco-outputs/MYBRCA-n990-dataset-awsbatch-dualMode-ND-v0-2-2-RERUN-FINAL-v5/Cohortwide-HLA-typing-OUT/Cohortwide_HLA_types.tsv
619T	agfusion_dir	s3://crmy-gb-main/neondisco/main-analyses/MSA/running/NeonDisco-outputs/MYBRCA-n990-dataset-awsbatch-dualMode-ND-v0-2-2-RERUN-FINAL-v5/619T/POST-IN-SILICO-VALIDATION-TSV-out/validated-agfusion-dirs/
619T	hla_tsv	s3://crmy-gb-main/neondisco/main-analyses/MSA/running/NeonDisco-outputs/MYBRCA-n990-dataset-awsbatch-dualMode-ND-v0-2-2-RERUN-FINAL-v5/Cohortwide-HLA-typing-OUT/Cohortwide_HLA_types.tsv
61T	agfusion_dir	s3://crmy-gb-main/neondisco/main-analyses/MSA/running/NeonDisco-outputs/MYBRCA-n990-dataset-awsbatch-dualMode-ND-v0-2-2-RERUN-FINAL-v5/61T/POST-IN-SILICO-VALIDATION-TSV-out/validated-agfusion-dirs/
61T	hla_tsv	s3://crmy-gb-main/neondisco/main-analyses/MSA/running/NeonDisco-outputs/MYBRCA-n990-dataset-awsbatch-dualMode-ND-v0-2-2-RERUN-FINAL-v5/Cohortwide-HLA-typing-OUT/Cohortwide_HLA_types.tsv
620T	agfusion_dir	s3://crmy-gb-main/neondisco/main-analyses/MSA/running/NeonDisco-outputs/MYBRCA-n990-dataset-awsbatch-dualMode-ND-v0-2-2-RERUN-FINAL-v5/620T/POST-IN-SILICO-VALIDATION-TSV-out/validated-agfusion-dirs/
620T	hla_tsv	s3://crmy-gb-main/neondisco/main-analyses/MSA/running/NeonDisco-outputs/MYBRCA-n990-dataset-awsbatch-dualMode-ND-v0-2-2-RERUN-FINAL-v5/Cohortwide-HLA-typing-OUT/Cohortwide_HLA_types.tsv
621T	agfusion_dir	s3://crmy-gb-main/neondisco/main-analyses/MSA/running/NeonDisco-outputs/MYBRCA-n990-dataset-awsbatch-dualMode-ND-v0-2-2-RERUN-FINAL-v5/621T/POST-IN-SILICO-VALIDATION-TSV-out/validated-agfusion-dirs/
621T	hla_tsv	s3://crmy-gb-main/neondisco/main-analyses/MSA/running/NeonDisco-outputs/MYBRCA-n990-dataset-awsbatch-dualMode-ND-v0-2-2-RERUN-FINAL-v5/Cohortwide-HLA-typing-OUT/Cohortwide_HLA_types.tsv
622T	agfusion_dir	s3://crmy-gb-main/neondisco/main-analyses/MSA/running/NeonDisco-outputs/MYBRCA-n990-dataset-awsbatch-dualMode-ND-v0-2-2-RERUN-FINAL-v5/622T/POST-IN-SILICO-VALIDATION-TSV-out/validated-agfusion-dirs/
622T	hla_tsv	s3://crmy-gb-main/neondisco/main-analyses/MSA/running/NeonDisco-outputs/MYBRCA-n990-dataset-awsbatch-dualMode-ND-v0-2-2-RERUN-FINAL-v5/Cohortwide-HLA-typing-OUT/Cohortwide_HLA_types.tsv
623T	agfusion_dir	s3://crmy-gb-main/neondisco/main-analyses/MSA/running/NeonDisco-outputs/MYBRCA-n990-dataset-awsbatch-dualMode-ND-v0-2-2-RERUN-FINAL-v5/623T/POST-IN-SILICO-VALIDATION-TSV-out/validated-agfusion-dirs/
623T	hla_tsv	s3://crmy-gb-main/neondisco/main-analyses/MSA/running/NeonDisco-outputs/MYBRCA-n990-dataset-awsbatch-dualMode-ND-v0-2-2-RERUN-FINAL-v5/Cohortwide-HLA-typing-OUT/Cohortwide_HLA_types.tsv
624T	agfusion_dir	s3://crmy-gb-main/neondisco/main-analyses/MSA/running/NeonDisco-outputs/MYBRCA-n990-dataset-awsbatch-dualMode-ND-v0-2-2-RERUN-FINAL-v5/624T/POST-IN-SILICO-VALIDATION-TSV-out/validated-agfusion-dirs/
624T	hla_tsv	s3://crmy-gb-main/neondisco/main-analyses/MSA/running/NeonDisco-outputs/MYBRCA-n990-dataset-awsbatch-dualMode-ND-v0-2-2-RERUN-FINAL-v5/Cohortwide-HLA-typing-OUT/Cohortwide_HLA_types.tsv
625T	agfusion_dir	s3://crmy-gb-main/neondisco/main-analyses/MSA/running/NeonDisco-outputs/MYBRCA-n990-dataset-awsbatch-dualMode-ND-v0-2-2-RERUN-FINAL-v5/625T/POST-IN-SILICO-VALIDATION-TSV-out/validated-agfusion-dirs/
625T	hla_tsv	s3://crmy-gb-main/neondisco/main-analyses/MSA/running/NeonDisco-outputs/MYBRCA-n990-dataset-awsbatch-dualMode-ND-v0-2-2-RERUN-FINAL-v5/Cohortwide-HLA-typing-OUT/Cohortwide_HLA_types.tsv
626T	agfusion_dir	s3://crmy-gb-main/neondisco/main-analyses/MSA/running/NeonDisco-outputs/MYBRCA-n990-dataset-awsbatch-dualMode-ND-v0-2-2-RERUN-FINAL-v5/626T/POST-IN-SILICO-VALIDATION-TSV-out/validated-agfusion-dirs/
626T	hla_tsv	s3://crmy-gb-main/neondisco/main-analyses/MSA/running/NeonDisco-outputs/MYBRCA-n990-dataset-awsbatch-dualMode-ND-v0-2-2-RERUN-FINAL-v5/Cohortwide-HLA-typing-OUT/Cohortwide_HLA_types.tsv
627T	agfusion_dir	s3://crmy-gb-main/neondisco/main-analyses/MSA/running/NeonDisco-outputs/MYBRCA-n990-dataset-awsbatch-dualMode-ND-v0-2-2-RERUN-FINAL-v5/627T/POST-IN-SILICO-VALIDATION-TSV-out/validated-agfusion-dirs/
627T	hla_tsv	s3://crmy-gb-main/neondisco/main-analyses/MSA/running/NeonDisco-outputs/MYBRCA-n990-dataset-awsbatch-dualMode-ND-v0-2-2-RERUN-FINAL-v5/Cohortwide-HLA-typing-OUT/Cohortwide_HLA_types.tsv
628T	agfusion_dir	s3://crmy-gb-main/neondisco/main-analyses/MSA/running/NeonDisco-outputs/MYBRCA-n990-dataset-awsbatch-dualMode-ND-v0-2-2-RERUN-FINAL-v5/628T/POST-IN-SILICO-VALIDATION-TSV-out/validated-agfusion-dirs/
628T	hla_tsv	s3://crmy-gb-main/neondisco/main-analyses/MSA/running/NeonDisco-outputs/MYBRCA-n990-dataset-awsbatch-dualMode-ND-v0-2-2-RERUN-FINAL-v5/Cohortwide-HLA-typing-OUT/Cohortwide_HLA_types.tsv
629T	agfusion_dir	s3://crmy-gb-main/neondisco/main-analyses/MSA/running/NeonDisco-outputs/MYBRCA-n990-dataset-awsbatch-dualMode-ND-v0-2-2-RERUN-FINAL-v5/629T/POST-IN-SILICO-VALIDATION-TSV-out/validated-agfusion-dirs/
629T	hla_tsv	s3://crmy-gb-main/neondisco/main-analyses/MSA/running/NeonDisco-outputs/MYBRCA-n990-dataset-awsbatch-dualMode-ND-v0-2-2-RERUN-FINAL-v5/Cohortwide-HLA-typing-OUT/Cohortwide_HLA_types.tsv
62T	agfusion_dir	s3://crmy-gb-main/neondisco/main-analyses/MSA/running/NeonDisco-outputs/MYBRCA-n990-dataset-awsbatch-dualMode-ND-v0-2-2-RERUN-FINAL-v5/62T/POST-IN-SILICO-VALIDATION-TSV-out/validated-agfusion-dirs/
62T	hla_tsv	s3://crmy-gb-main/neondisco/main-analyses/MSA/running/NeonDisco-outputs/MYBRCA-n990-dataset-awsbatch-dualMode-ND-v0-2-2-RERUN-FINAL-v5/Cohortwide-HLA-typing-OUT/Cohortwide_HLA_types.tsv
630T	agfusion_dir	s3://crmy-gb-main/neondisco/main-analyses/MSA/running/NeonDisco-outputs/MYBRCA-n990-dataset-awsbatch-dualMode-ND-v0-2-2-RERUN-FINAL-v5/630T/POST-IN-SILICO-VALIDATION-TSV-out/validated-agfusion-dirs/
630T	hla_tsv	s3://crmy-gb-main/neondisco/main-analyses/MSA/running/NeonDisco-outputs/MYBRCA-n990-dataset-awsbatch-dualMode-ND-v0-2-2-RERUN-FINAL-v5/Cohortwide-HLA-typing-OUT/Cohortwide_HLA_types.tsv
631T	agfusion_dir	s3://crmy-gb-main/neondisco/main-analyses/MSA/running/NeonDisco-outputs/MYBRCA-n990-dataset-awsbatch-dualMode-ND-v0-2-2-RERUN-FINAL-v5/631T/POST-IN-SILICO-VALIDATION-TSV-out/validated-agfusion-dirs/
631T	hla_tsv	s3://crmy-gb-main/neondisco/main-analyses/MSA/running/NeonDisco-outputs/MYBRCA-n990-dataset-awsbatch-dualMode-ND-v0-2-2-RERUN-FINAL-v5/Cohortwide-HLA-typing-OUT/Cohortwide_HLA_types.tsv
632T	agfusion_dir	s3://crmy-gb-main/neondisco/main-analyses/MSA/running/NeonDisco-outputs/MYBRCA-n990-dataset-awsbatch-dualMode-ND-v0-2-2-RERUN-FINAL-v5/632T/POST-IN-SILICO-VALIDATION-TSV-out/validated-agfusion-dirs/
632T	hla_tsv	s3://crmy-gb-main/neondisco/main-analyses/MSA/running/NeonDisco-outputs/MYBRCA-n990-dataset-awsbatch-dualMode-ND-v0-2-2-RERUN-FINAL-v5/Cohortwide-HLA-typing-OUT/Cohortwide_HLA_types.tsv
633T	agfusion_dir	s3://crmy-gb-main/neondisco/main-analyses/MSA/running/NeonDisco-outputs/MYBRCA-n990-dataset-awsbatch-dualMode-ND-v0-2-2-RERUN-FINAL-v5/633T/POST-IN-SILICO-VALIDATION-TSV-out/validated-agfusion-dirs/
633T	hla_tsv	s3://crmy-gb-main/neondisco/main-analyses/MSA/running/NeonDisco-outputs/MYBRCA-n990-dataset-awsbatch-dualMode-ND-v0-2-2-RERUN-FINAL-v5/Cohortwide-HLA-typing-OUT/Cohortwide_HLA_types.tsv
634T	agfusion_dir	s3://crmy-gb-main/neondisco/main-analyses/MSA/running/NeonDisco-outputs/MYBRCA-n990-dataset-awsbatch-dualMode-ND-v0-2-2-RERUN-FINAL-v5/634T/POST-IN-SILICO-VALIDATION-TSV-out/validated-agfusion-dirs/
634T	hla_tsv	s3://crmy-gb-main/neondisco/main-analyses/MSA/running/NeonDisco-outputs/MYBRCA-n990-dataset-awsbatch-dualMode-ND-v0-2-2-RERUN-FINAL-v5/Cohortwide-HLA-typing-OUT/Cohortwide_HLA_types.tsv
635T	agfusion_dir	s3://crmy-gb-main/neondisco/main-analyses/MSA/running/NeonDisco-outputs/MYBRCA-n990-dataset-awsbatch-dualMode-ND-v0-2-2-RERUN-FINAL-v5/635T/POST-IN-SILICO-VALIDATION-TSV-out/validated-agfusion-dirs/
635T	hla_tsv	s3://crmy-gb-main/neondisco/main-analyses/MSA/running/NeonDisco-outputs/MYBRCA-n990-dataset-awsbatch-dualMode-ND-v0-2-2-RERUN-FINAL-v5/Cohortwide-HLA-typing-OUT/Cohortwide_HLA_types.tsv
636T	agfusion_dir	s3://crmy-gb-main/neondisco/main-analyses/MSA/running/NeonDisco-outputs/MYBRCA-n990-dataset-awsbatch-dualMode-ND-v0-2-2-RERUN-FINAL-v5/636T/POST-IN-SILICO-VALIDATION-TSV-out/validated-agfusion-dirs/
636T	hla_tsv	s3://crmy-gb-main/neondisco/main-analyses/MSA/running/NeonDisco-outputs/MYBRCA-n990-dataset-awsbatch-dualMode-ND-v0-2-2-RERUN-FINAL-v5/Cohortwide-HLA-typing-OUT/Cohortwide_HLA_types.tsv
637T	agfusion_dir	s3://crmy-gb-main/neondisco/main-analyses/MSA/running/NeonDisco-outputs/MYBRCA-n990-dataset-awsbatch-dualMode-ND-v0-2-2-RERUN-FINAL-v5/637T/POST-IN-SILICO-VALIDATION-TSV-out/validated-agfusion-dirs/
637T	hla_tsv	s3://crmy-gb-main/neondisco/main-analyses/MSA/running/NeonDisco-outputs/MYBRCA-n990-dataset-awsbatch-dualMode-ND-v0-2-2-RERUN-FINAL-v5/Cohortwide-HLA-typing-OUT/Cohortwide_HLA_types.tsv
638T	agfusion_dir	s3://crmy-gb-main/neondisco/main-analyses/MSA/running/NeonDisco-outputs/MYBRCA-n990-dataset-awsbatch-dualMode-ND-v0-2-2-RERUN-FINAL-v5/638T/POST-IN-SILICO-VALIDATION-TSV-out/validated-agfusion-dirs/
638T	hla_tsv	s3://crmy-gb-main/neondisco/main-analyses/MSA/running/NeonDisco-outputs/MYBRCA-n990-dataset-awsbatch-dualMode-ND-v0-2-2-RERUN-FINAL-v5/Cohortwide-HLA-typing-OUT/Cohortwide_HLA_types.tsv
639T	agfusion_dir	s3://crmy-gb-main/neondisco/main-analyses/MSA/running/NeonDisco-outputs/MYBRCA-n990-dataset-awsbatch-dualMode-ND-v0-2-2-RERUN-FINAL-v5/639T/POST-IN-SILICO-VALIDATION-TSV-out/validated-agfusion-dirs/
639T	hla_tsv	s3://crmy-gb-main/neondisco/main-analyses/MSA/running/NeonDisco-outputs/MYBRCA-n990-dataset-awsbatch-dualMode-ND-v0-2-2-RERUN-FINAL-v5/Cohortwide-HLA-typing-OUT/Cohortwide_HLA_types.tsv
63T	agfusion_dir	s3://crmy-gb-main/neondisco/main-analyses/MSA/running/NeonDisco-outputs/MYBRCA-n990-dataset-awsbatch-dualMode-ND-v0-2-2-RERUN-FINAL-v5/63T/POST-IN-SILICO-VALIDATION-TSV-out/validated-agfusion-dirs/
63T	hla_tsv	s3://crmy-gb-main/neondisco/main-analyses/MSA/running/NeonDisco-outputs/MYBRCA-n990-dataset-awsbatch-dualMode-ND-v0-2-2-RERUN-FINAL-v5/Cohortwide-HLA-typing-OUT/Cohortwide_HLA_types.tsv
640T	agfusion_dir	s3://crmy-gb-main/neondisco/main-analyses/MSA/running/NeonDisco-outputs/MYBRCA-n990-dataset-awsbatch-dualMode-ND-v0-2-2-RERUN-FINAL-v5/640T/POST-IN-SILICO-VALIDATION-TSV-out/validated-agfusion-dirs/
640T	hla_tsv	s3://crmy-gb-main/neondisco/main-analyses/MSA/running/NeonDisco-outputs/MYBRCA-n990-dataset-awsbatch-dualMode-ND-v0-2-2-RERUN-FINAL-v5/Cohortwide-HLA-typing-OUT/Cohortwide_HLA_types.tsv
641T	agfusion_dir	s3://crmy-gb-main/neondisco/main-analyses/MSA/running/NeonDisco-outputs/MYBRCA-n990-dataset-awsbatch-dualMode-ND-v0-2-2-RERUN-FINAL-v5/641T/POST-IN-SILICO-VALIDATION-TSV-out/validated-agfusion-dirs/
641T	hla_tsv	s3://crmy-gb-main/neondisco/main-analyses/MSA/running/NeonDisco-outputs/MYBRCA-n990-dataset-awsbatch-dualMode-ND-v0-2-2-RERUN-FINAL-v5/Cohortwide-HLA-typing-OUT/Cohortwide_HLA_types.tsv
642T	agfusion_dir	s3://crmy-gb-main/neondisco/main-analyses/MSA/running/NeonDisco-outputs/MYBRCA-n990-dataset-awsbatch-dualMode-ND-v0-2-2-RERUN-FINAL-v5/642T/POST-IN-SILICO-VALIDATION-TSV-out/validated-agfusion-dirs/
642T	hla_tsv	s3://crmy-gb-main/neondisco/main-analyses/MSA/running/NeonDisco-outputs/MYBRCA-n990-dataset-awsbatch-dualMode-ND-v0-2-2-RERUN-FINAL-v5/Cohortwide-HLA-typing-OUT/Cohortwide_HLA_types.tsv
643T	agfusion_dir	s3://crmy-gb-main/neondisco/main-analyses/MSA/running/NeonDisco-outputs/MYBRCA-n990-dataset-awsbatch-dualMode-ND-v0-2-2-RERUN-FINAL-v5/643T/POST-IN-SILICO-VALIDATION-TSV-out/validated-agfusion-dirs/
643T	hla_tsv	s3://crmy-gb-main/neondisco/main-analyses/MSA/running/NeonDisco-outputs/MYBRCA-n990-dataset-awsbatch-dualMode-ND-v0-2-2-RERUN-FINAL-v5/Cohortwide-HLA-typing-OUT/Cohortwide_HLA_types.tsv
644T	agfusion_dir	s3://crmy-gb-main/neondisco/main-analyses/MSA/running/NeonDisco-outputs/MYBRCA-n990-dataset-awsbatch-dualMode-ND-v0-2-2-RERUN-FINAL-v5/644T/POST-IN-SILICO-VALIDATION-TSV-out/validated-agfusion-dirs/
644T	hla_tsv	s3://crmy-gb-main/neondisco/main-analyses/MSA/running/NeonDisco-outputs/MYBRCA-n990-dataset-awsbatch-dualMode-ND-v0-2-2-RERUN-FINAL-v5/Cohortwide-HLA-typing-OUT/Cohortwide_HLA_types.tsv
645T	agfusion_dir	s3://crmy-gb-main/neondisco/main-analyses/MSA/running/NeonDisco-outputs/MYBRCA-n990-dataset-awsbatch-dualMode-ND-v0-2-2-RERUN-FINAL-v5/645T/POST-IN-SILICO-VALIDATION-TSV-out/validated-agfusion-dirs/
645T	hla_tsv	s3://crmy-gb-main/neondisco/main-analyses/MSA/running/NeonDisco-outputs/MYBRCA-n990-dataset-awsbatch-dualMode-ND-v0-2-2-RERUN-FINAL-v5/Cohortwide-HLA-typing-OUT/Cohortwide_HLA_types.tsv
646T	agfusion_dir	s3://crmy-gb-main/neondisco/main-analyses/MSA/running/NeonDisco-outputs/MYBRCA-n990-dataset-awsbatch-dualMode-ND-v0-2-2-RERUN-FINAL-v5/646T/POST-IN-SILICO-VALIDATION-TSV-out/validated-agfusion-dirs/
646T	hla_tsv	s3://crmy-gb-main/neondisco/main-analyses/MSA/running/NeonDisco-outputs/MYBRCA-n990-dataset-awsbatch-dualMode-ND-v0-2-2-RERUN-FINAL-v5/Cohortwide-HLA-typing-OUT/Cohortwide_HLA_types.tsv
647T	agfusion_dir	s3://crmy-gb-main/neondisco/main-analyses/MSA/running/NeonDisco-outputs/MYBRCA-n990-dataset-awsbatch-dualMode-ND-v0-2-2-RERUN-FINAL-v5/647T/POST-IN-SILICO-VALIDATION-TSV-out/validated-agfusion-dirs/
647T	hla_tsv	s3://crmy-gb-main/neondisco/main-analyses/MSA/running/NeonDisco-outputs/MYBRCA-n990-dataset-awsbatch-dualMode-ND-v0-2-2-RERUN-FINAL-v5/Cohortwide-HLA-typing-OUT/Cohortwide_HLA_types.tsv
648T	agfusion_dir	s3://crmy-gb-main/neondisco/main-analyses/MSA/running/NeonDisco-outputs/MYBRCA-n990-dataset-awsbatch-dualMode-ND-v0-2-2-RERUN-FINAL-v5/648T/POST-IN-SILICO-VALIDATION-TSV-out/validated-agfusion-dirs/
648T	hla_tsv	s3://crmy-gb-main/neondisco/main-analyses/MSA/running/NeonDisco-outputs/MYBRCA-n990-dataset-awsbatch-dualMode-ND-v0-2-2-RERUN-FINAL-v5/Cohortwide-HLA-typing-OUT/Cohortwide_HLA_types.tsv
649T	agfusion_dir	s3://crmy-gb-main/neondisco/main-analyses/MSA/running/NeonDisco-outputs/MYBRCA-n990-dataset-awsbatch-dualMode-ND-v0-2-2-RERUN-FINAL-v5/649T/POST-IN-SILICO-VALIDATION-TSV-out/validated-agfusion-dirs/
649T	hla_tsv	s3://crmy-gb-main/neondisco/main-analyses/MSA/running/NeonDisco-outputs/MYBRCA-n990-dataset-awsbatch-dualMode-ND-v0-2-2-RERUN-FINAL-v5/Cohortwide-HLA-typing-OUT/Cohortwide_HLA_types.tsv
64T	agfusion_dir	s3://crmy-gb-main/neondisco/main-analyses/MSA/running/NeonDisco-outputs/MYBRCA-n990-dataset-awsbatch-dualMode-ND-v0-2-2-RERUN-FINAL-v5/64T/POST-IN-SILICO-VALIDATION-TSV-out/validated-agfusion-dirs/
64T	hla_tsv	s3://crmy-gb-main/neondisco/main-analyses/MSA/running/NeonDisco-outputs/MYBRCA-n990-dataset-awsbatch-dualMode-ND-v0-2-2-RERUN-FINAL-v5/Cohortwide-HLA-typing-OUT/Cohortwide_HLA_types.tsv
650T	agfusion_dir	s3://crmy-gb-main/neondisco/main-analyses/MSA/running/NeonDisco-outputs/MYBRCA-n990-dataset-awsbatch-dualMode-ND-v0-2-2-RERUN-FINAL-v5/650T/POST-IN-SILICO-VALIDATION-TSV-out/validated-agfusion-dirs/
650T	hla_tsv	s3://crmy-gb-main/neondisco/main-analyses/MSA/running/NeonDisco-outputs/MYBRCA-n990-dataset-awsbatch-dualMode-ND-v0-2-2-RERUN-FINAL-v5/Cohortwide-HLA-typing-OUT/Cohortwide_HLA_types.tsv
651T	agfusion_dir	s3://crmy-gb-main/neondisco/main-analyses/MSA/running/NeonDisco-outputs/MYBRCA-n990-dataset-awsbatch-dualMode-ND-v0-2-2-RERUN-FINAL-v5/651T/POST-IN-SILICO-VALIDATION-TSV-out/validated-agfusion-dirs/
651T	hla_tsv	s3://crmy-gb-main/neondisco/main-analyses/MSA/running/NeonDisco-outputs/MYBRCA-n990-dataset-awsbatch-dualMode-ND-v0-2-2-RERUN-FINAL-v5/Cohortwide-HLA-typing-OUT/Cohortwide_HLA_types.tsv
652T	agfusion_dir	s3://crmy-gb-main/neondisco/main-analyses/MSA/running/NeonDisco-outputs/MYBRCA-n990-dataset-awsbatch-dualMode-ND-v0-2-2-RERUN-FINAL-v5/652T/POST-IN-SILICO-VALIDATION-TSV-out/validated-agfusion-dirs/
652T	hla_tsv	s3://crmy-gb-main/neondisco/main-analyses/MSA/running/NeonDisco-outputs/MYBRCA-n990-dataset-awsbatch-dualMode-ND-v0-2-2-RERUN-FINAL-v5/Cohortwide-HLA-typing-OUT/Cohortwide_HLA_types.tsv
653T	agfusion_dir	s3://crmy-gb-main/neondisco/main-analyses/MSA/running/NeonDisco-outputs/MYBRCA-n990-dataset-awsbatch-dualMode-ND-v0-2-2-RERUN-FINAL-v5/653T/POST-IN-SILICO-VALIDATION-TSV-out/validated-agfusion-dirs/
653T	hla_tsv	s3://crmy-gb-main/neondisco/main-analyses/MSA/running/NeonDisco-outputs/MYBRCA-n990-dataset-awsbatch-dualMode-ND-v0-2-2-RERUN-FINAL-v5/Cohortwide-HLA-typing-OUT/Cohortwide_HLA_types.tsv
654T	agfusion_dir	s3://crmy-gb-main/neondisco/main-analyses/MSA/running/NeonDisco-outputs/MYBRCA-n990-dataset-awsbatch-dualMode-ND-v0-2-2-RERUN-FINAL-v5/654T/POST-IN-SILICO-VALIDATION-TSV-out/validated-agfusion-dirs/
654T	hla_tsv	s3://crmy-gb-main/neondisco/main-analyses/MSA/running/NeonDisco-outputs/MYBRCA-n990-dataset-awsbatch-dualMode-ND-v0-2-2-RERUN-FINAL-v5/Cohortwide-HLA-typing-OUT/Cohortwide_HLA_types.tsv
655T	agfusion_dir	s3://crmy-gb-main/neondisco/main-analyses/MSA/running/NeonDisco-outputs/MYBRCA-n990-dataset-awsbatch-dualMode-ND-v0-2-2-RERUN-FINAL-v5/655T/POST-IN-SILICO-VALIDATION-TSV-out/validated-agfusion-dirs/
655T	hla_tsv	s3://crmy-gb-main/neondisco/main-analyses/MSA/running/NeonDisco-outputs/MYBRCA-n990-dataset-awsbatch-dualMode-ND-v0-2-2-RERUN-FINAL-v5/Cohortwide-HLA-typing-OUT/Cohortwide_HLA_types.tsv
656T	agfusion_dir	s3://crmy-gb-main/neondisco/main-analyses/MSA/running/NeonDisco-outputs/MYBRCA-n990-dataset-awsbatch-dualMode-ND-v0-2-2-RERUN-FINAL-v5/656T/POST-IN-SILICO-VALIDATION-TSV-out/validated-agfusion-dirs/
656T	hla_tsv	s3://crmy-gb-main/neondisco/main-analyses/MSA/running/NeonDisco-outputs/MYBRCA-n990-dataset-awsbatch-dualMode-ND-v0-2-2-RERUN-FINAL-v5/Cohortwide-HLA-typing-OUT/Cohortwide_HLA_types.tsv
657T	agfusion_dir	s3://crmy-gb-main/neondisco/main-analyses/MSA/running/NeonDisco-outputs/MYBRCA-n990-dataset-awsbatch-dualMode-ND-v0-2-2-RERUN-FINAL-v5/657T/POST-IN-SILICO-VALIDATION-TSV-out/validated-agfusion-dirs/
657T	hla_tsv	s3://crmy-gb-main/neondisco/main-analyses/MSA/running/NeonDisco-outputs/MYBRCA-n990-dataset-awsbatch-dualMode-ND-v0-2-2-RERUN-FINAL-v5/Cohortwide-HLA-typing-OUT/Cohortwide_HLA_types.tsv
658T	agfusion_dir	s3://crmy-gb-main/neondisco/main-analyses/MSA/running/NeonDisco-outputs/MYBRCA-n990-dataset-awsbatch-dualMode-ND-v0-2-2-RERUN-FINAL-v5/658T/POST-IN-SILICO-VALIDATION-TSV-out/validated-agfusion-dirs/
658T	hla_tsv	s3://crmy-gb-main/neondisco/main-analyses/MSA/running/NeonDisco-outputs/MYBRCA-n990-dataset-awsbatch-dualMode-ND-v0-2-2-RERUN-FINAL-v5/Cohortwide-HLA-typing-OUT/Cohortwide_HLA_types.tsv
659T	agfusion_dir	s3://crmy-gb-main/neondisco/main-analyses/MSA/running/NeonDisco-outputs/MYBRCA-n990-dataset-awsbatch-dualMode-ND-v0-2-2-RERUN-FINAL-v5/659T/POST-IN-SILICO-VALIDATION-TSV-out/validated-agfusion-dirs/
659T	hla_tsv	s3://crmy-gb-main/neondisco/main-analyses/MSA/running/NeonDisco-outputs/MYBRCA-n990-dataset-awsbatch-dualMode-ND-v0-2-2-RERUN-FINAL-v5/Cohortwide-HLA-typing-OUT/Cohortwide_HLA_types.tsv
65T	agfusion_dir	s3://crmy-gb-main/neondisco/main-analyses/MSA/running/NeonDisco-outputs/MYBRCA-n990-dataset-awsbatch-dualMode-ND-v0-2-2-RERUN-FINAL-v5/65T/POST-IN-SILICO-VALIDATION-TSV-out/validated-agfusion-dirs/
65T	hla_tsv	s3://crmy-gb-main/neondisco/main-analyses/MSA/running/NeonDisco-outputs/MYBRCA-n990-dataset-awsbatch-dualMode-ND-v0-2-2-RERUN-FINAL-v5/Cohortwide-HLA-typing-OUT/Cohortwide_HLA_types.tsv
660T	agfusion_dir	s3://crmy-gb-main/neondisco/main-analyses/MSA/running/NeonDisco-outputs/MYBRCA-n990-dataset-awsbatch-dualMode-ND-v0-2-2-RERUN-FINAL-v5/660T/POST-IN-SILICO-VALIDATION-TSV-out/validated-agfusion-dirs/
660T	hla_tsv	s3://crmy-gb-main/neondisco/main-analyses/MSA/running/NeonDisco-outputs/MYBRCA-n990-dataset-awsbatch-dualMode-ND-v0-2-2-RERUN-FINAL-v5/Cohortwide-HLA-typing-OUT/Cohortwide_HLA_types.tsv
661T	agfusion_dir	s3://crmy-gb-main/neondisco/main-analyses/MSA/running/NeonDisco-outputs/MYBRCA-n990-dataset-awsbatch-dualMode-ND-v0-2-2-RERUN-FINAL-v5/661T/POST-IN-SILICO-VALIDATION-TSV-out/validated-agfusion-dirs/
661T	hla_tsv	s3://crmy-gb-main/neondisco/main-analyses/MSA/running/NeonDisco-outputs/MYBRCA-n990-dataset-awsbatch-dualMode-ND-v0-2-2-RERUN-FINAL-v5/Cohortwide-HLA-typing-OUT/Cohortwide_HLA_types.tsv
662T	agfusion_dir	s3://crmy-gb-main/neondisco/main-analyses/MSA/running/NeonDisco-outputs/MYBRCA-n990-dataset-awsbatch-dualMode-ND-v0-2-2-RERUN-FINAL-v5/662T/POST-IN-SILICO-VALIDATION-TSV-out/validated-agfusion-dirs/
662T	hla_tsv	s3://crmy-gb-main/neondisco/main-analyses/MSA/running/NeonDisco-outputs/MYBRCA-n990-dataset-awsbatch-dualMode-ND-v0-2-2-RERUN-FINAL-v5/Cohortwide-HLA-typing-OUT/Cohortwide_HLA_types.tsv
663T	agfusion_dir	s3://crmy-gb-main/neondisco/main-analyses/MSA/running/NeonDisco-outputs/MYBRCA-n990-dataset-awsbatch-dualMode-ND-v0-2-2-RERUN-FINAL-v5/663T/POST-IN-SILICO-VALIDATION-TSV-out/validated-agfusion-dirs/
663T	hla_tsv	s3://crmy-gb-main/neondisco/main-analyses/MSA/running/NeonDisco-outputs/MYBRCA-n990-dataset-awsbatch-dualMode-ND-v0-2-2-RERUN-FINAL-v5/Cohortwide-HLA-typing-OUT/Cohortwide_HLA_types.tsv
664T	agfusion_dir	s3://crmy-gb-main/neondisco/main-analyses/MSA/running/NeonDisco-outputs/MYBRCA-n990-dataset-awsbatch-dualMode-ND-v0-2-2-RERUN-FINAL-v5/664T/POST-IN-SILICO-VALIDATION-TSV-out/validated-agfusion-dirs/
664T	hla_tsv	s3://crmy-gb-main/neondisco/main-analyses/MSA/running/NeonDisco-outputs/MYBRCA-n990-dataset-awsbatch-dualMode-ND-v0-2-2-RERUN-FINAL-v5/Cohortwide-HLA-typing-OUT/Cohortwide_HLA_types.tsv
665T	agfusion_dir	s3://crmy-gb-main/neondisco/main-analyses/MSA/running/NeonDisco-outputs/MYBRCA-n990-dataset-awsbatch-dualMode-ND-v0-2-2-RERUN-FINAL-v5/665T/POST-IN-SILICO-VALIDATION-TSV-out/validated-agfusion-dirs/
665T	hla_tsv	s3://crmy-gb-main/neondisco/main-analyses/MSA/running/NeonDisco-outputs/MYBRCA-n990-dataset-awsbatch-dualMode-ND-v0-2-2-RERUN-FINAL-v5/Cohortwide-HLA-typing-OUT/Cohortwide_HLA_types.tsv
666T	agfusion_dir	s3://crmy-gb-main/neondisco/main-analyses/MSA/running/NeonDisco-outputs/MYBRCA-n990-dataset-awsbatch-dualMode-ND-v0-2-2-RERUN-FINAL-v5/666T/POST-IN-SILICO-VALIDATION-TSV-out/validated-agfusion-dirs/
666T	hla_tsv	s3://crmy-gb-main/neondisco/main-analyses/MSA/running/NeonDisco-outputs/MYBRCA-n990-dataset-awsbatch-dualMode-ND-v0-2-2-RERUN-FINAL-v5/Cohortwide-HLA-typing-OUT/Cohortwide_HLA_types.tsv
667T	agfusion_dir	s3://crmy-gb-main/neondisco/main-analyses/MSA/running/NeonDisco-outputs/MYBRCA-n990-dataset-awsbatch-dualMode-ND-v0-2-2-RERUN-FINAL-v5/667T/POST-IN-SILICO-VALIDATION-TSV-out/validated-agfusion-dirs/
667T	hla_tsv	s3://crmy-gb-main/neondisco/main-analyses/MSA/running/NeonDisco-outputs/MYBRCA-n990-dataset-awsbatch-dualMode-ND-v0-2-2-RERUN-FINAL-v5/Cohortwide-HLA-typing-OUT/Cohortwide_HLA_types.tsv
668T	agfusion_dir	s3://crmy-gb-main/neondisco/main-analyses/MSA/running/NeonDisco-outputs/MYBRCA-n990-dataset-awsbatch-dualMode-ND-v0-2-2-RERUN-FINAL-v5/668T/POST-IN-SILICO-VALIDATION-TSV-out/validated-agfusion-dirs/
668T	hla_tsv	s3://crmy-gb-main/neondisco/main-analyses/MSA/running/NeonDisco-outputs/MYBRCA-n990-dataset-awsbatch-dualMode-ND-v0-2-2-RERUN-FINAL-v5/Cohortwide-HLA-typing-OUT/Cohortwide_HLA_types.tsv
669T	agfusion_dir	s3://crmy-gb-main/neondisco/main-analyses/MSA/running/NeonDisco-outputs/MYBRCA-n990-dataset-awsbatch-dualMode-ND-v0-2-2-RERUN-FINAL-v5/669T/POST-IN-SILICO-VALIDATION-TSV-out/validated-agfusion-dirs/
669T	hla_tsv	s3://crmy-gb-main/neondisco/main-analyses/MSA/running/NeonDisco-outputs/MYBRCA-n990-dataset-awsbatch-dualMode-ND-v0-2-2-RERUN-FINAL-v5/Cohortwide-HLA-typing-OUT/Cohortwide_HLA_types.tsv
66T	agfusion_dir	s3://crmy-gb-main/neondisco/main-analyses/MSA/running/NeonDisco-outputs/MYBRCA-n990-dataset-awsbatch-dualMode-ND-v0-2-2-RERUN-FINAL-v5/66T/POST-IN-SILICO-VALIDATION-TSV-out/validated-agfusion-dirs/
66T	hla_tsv	s3://crmy-gb-main/neondisco/main-analyses/MSA/running/NeonDisco-outputs/MYBRCA-n990-dataset-awsbatch-dualMode-ND-v0-2-2-RERUN-FINAL-v5/Cohortwide-HLA-typing-OUT/Cohortwide_HLA_types.tsv
670T	agfusion_dir	s3://crmy-gb-main/neondisco/main-analyses/MSA/running/NeonDisco-outputs/MYBRCA-n990-dataset-awsbatch-dualMode-ND-v0-2-2-RERUN-FINAL-v5/670T/POST-IN-SILICO-VALIDATION-TSV-out/validated-agfusion-dirs/
670T	hla_tsv	s3://crmy-gb-main/neondisco/main-analyses/MSA/running/NeonDisco-outputs/MYBRCA-n990-dataset-awsbatch-dualMode-ND-v0-2-2-RERUN-FINAL-v5/Cohortwide-HLA-typing-OUT/Cohortwide_HLA_types.tsv
671T	agfusion_dir	s3://crmy-gb-main/neondisco/main-analyses/MSA/running/NeonDisco-outputs/MYBRCA-n990-dataset-awsbatch-dualMode-ND-v0-2-2-RERUN-FINAL-v5/671T/POST-IN-SILICO-VALIDATION-TSV-out/validated-agfusion-dirs/
671T	hla_tsv	s3://crmy-gb-main/neondisco/main-analyses/MSA/running/NeonDisco-outputs/MYBRCA-n990-dataset-awsbatch-dualMode-ND-v0-2-2-RERUN-FINAL-v5/Cohortwide-HLA-typing-OUT/Cohortwide_HLA_types.tsv
672T	agfusion_dir	s3://crmy-gb-main/neondisco/main-analyses/MSA/running/NeonDisco-outputs/MYBRCA-n990-dataset-awsbatch-dualMode-ND-v0-2-2-RERUN-FINAL-v5/672T/POST-IN-SILICO-VALIDATION-TSV-out/validated-agfusion-dirs/
672T	hla_tsv	s3://crmy-gb-main/neondisco/main-analyses/MSA/running/NeonDisco-outputs/MYBRCA-n990-dataset-awsbatch-dualMode-ND-v0-2-2-RERUN-FINAL-v5/Cohortwide-HLA-typing-OUT/Cohortwide_HLA_types.tsv
673T	agfusion_dir	s3://crmy-gb-main/neondisco/main-analyses/MSA/running/NeonDisco-outputs/MYBRCA-n990-dataset-awsbatch-dualMode-ND-v0-2-2-RERUN-FINAL-v5/673T/POST-IN-SILICO-VALIDATION-TSV-out/validated-agfusion-dirs/
673T	hla_tsv	s3://crmy-gb-main/neondisco/main-analyses/MSA/running/NeonDisco-outputs/MYBRCA-n990-dataset-awsbatch-dualMode-ND-v0-2-2-RERUN-FINAL-v5/Cohortwide-HLA-typing-OUT/Cohortwide_HLA_types.tsv
674T	agfusion_dir	s3://crmy-gb-main/neondisco/main-analyses/MSA/running/NeonDisco-outputs/MYBRCA-n990-dataset-awsbatch-dualMode-ND-v0-2-2-RERUN-FINAL-v5/674T/POST-IN-SILICO-VALIDATION-TSV-out/validated-agfusion-dirs/
674T	hla_tsv	s3://crmy-gb-main/neondisco/main-analyses/MSA/running/NeonDisco-outputs/MYBRCA-n990-dataset-awsbatch-dualMode-ND-v0-2-2-RERUN-FINAL-v5/Cohortwide-HLA-typing-OUT/Cohortwide_HLA_types.tsv
675T	agfusion_dir	s3://crmy-gb-main/neondisco/main-analyses/MSA/running/NeonDisco-outputs/MYBRCA-n990-dataset-awsbatch-dualMode-ND-v0-2-2-RERUN-FINAL-v5/675T/POST-IN-SILICO-VALIDATION-TSV-out/validated-agfusion-dirs/
675T	hla_tsv	s3://crmy-gb-main/neondisco/main-analyses/MSA/running/NeonDisco-outputs/MYBRCA-n990-dataset-awsbatch-dualMode-ND-v0-2-2-RERUN-FINAL-v5/Cohortwide-HLA-typing-OUT/Cohortwide_HLA_types.tsv
676T	agfusion_dir	s3://crmy-gb-main/neondisco/main-analyses/MSA/running/NeonDisco-outputs/MYBRCA-n990-dataset-awsbatch-dualMode-ND-v0-2-2-RERUN-FINAL-v5/676T/POST-IN-SILICO-VALIDATION-TSV-out/validated-agfusion-dirs/
676T	hla_tsv	s3://crmy-gb-main/neondisco/main-analyses/MSA/running/NeonDisco-outputs/MYBRCA-n990-dataset-awsbatch-dualMode-ND-v0-2-2-RERUN-FINAL-v5/Cohortwide-HLA-typing-OUT/Cohortwide_HLA_types.tsv
677T	agfusion_dir	s3://crmy-gb-main/neondisco/main-analyses/MSA/running/NeonDisco-outputs/MYBRCA-n990-dataset-awsbatch-dualMode-ND-v0-2-2-RERUN-FINAL-v5/677T/POST-IN-SILICO-VALIDATION-TSV-out/validated-agfusion-dirs/
677T	hla_tsv	s3://crmy-gb-main/neondisco/main-analyses/MSA/running/NeonDisco-outputs/MYBRCA-n990-dataset-awsbatch-dualMode-ND-v0-2-2-RERUN-FINAL-v5/Cohortwide-HLA-typing-OUT/Cohortwide_HLA_types.tsv
678T	agfusion_dir	s3://crmy-gb-main/neondisco/main-analyses/MSA/running/NeonDisco-outputs/MYBRCA-n990-dataset-awsbatch-dualMode-ND-v0-2-2-RERUN-FINAL-v5/678T/POST-IN-SILICO-VALIDATION-TSV-out/validated-agfusion-dirs/
678T	hla_tsv	s3://crmy-gb-main/neondisco/main-analyses/MSA/running/NeonDisco-outputs/MYBRCA-n990-dataset-awsbatch-dualMode-ND-v0-2-2-RERUN-FINAL-v5/Cohortwide-HLA-typing-OUT/Cohortwide_HLA_types.tsv
679T	agfusion_dir	s3://crmy-gb-main/neondisco/main-analyses/MSA/running/NeonDisco-outputs/MYBRCA-n990-dataset-awsbatch-dualMode-ND-v0-2-2-RERUN-FINAL-v5/679T/POST-IN-SILICO-VALIDATION-TSV-out/validated-agfusion-dirs/
679T	hla_tsv	s3://crmy-gb-main/neondisco/main-analyses/MSA/running/NeonDisco-outputs/MYBRCA-n990-dataset-awsbatch-dualMode-ND-v0-2-2-RERUN-FINAL-v5/Cohortwide-HLA-typing-OUT/Cohortwide_HLA_types.tsv
67T	agfusion_dir	s3://crmy-gb-main/neondisco/main-analyses/MSA/running/NeonDisco-outputs/MYBRCA-n990-dataset-awsbatch-dualMode-ND-v0-2-2-RERUN-FINAL-v5/67T/POST-IN-SILICO-VALIDATION-TSV-out/validated-agfusion-dirs/
67T	hla_tsv	s3://crmy-gb-main/neondisco/main-analyses/MSA/running/NeonDisco-outputs/MYBRCA-n990-dataset-awsbatch-dualMode-ND-v0-2-2-RERUN-FINAL-v5/Cohortwide-HLA-typing-OUT/Cohortwide_HLA_types.tsv
680T	agfusion_dir	s3://crmy-gb-main/neondisco/main-analyses/MSA/running/NeonDisco-outputs/MYBRCA-n990-dataset-awsbatch-dualMode-ND-v0-2-2-RERUN-FINAL-v5/680T/POST-IN-SILICO-VALIDATION-TSV-out/validated-agfusion-dirs/
680T	hla_tsv	s3://crmy-gb-main/neondisco/main-analyses/MSA/running/NeonDisco-outputs/MYBRCA-n990-dataset-awsbatch-dualMode-ND-v0-2-2-RERUN-FINAL-v5/Cohortwide-HLA-typing-OUT/Cohortwide_HLA_types.tsv
681T	agfusion_dir	s3://crmy-gb-main/neondisco/main-analyses/MSA/running/NeonDisco-outputs/MYBRCA-n990-dataset-awsbatch-dualMode-ND-v0-2-2-RERUN-FINAL-v5/681T/POST-IN-SILICO-VALIDATION-TSV-out/validated-agfusion-dirs/
681T	hla_tsv	s3://crmy-gb-main/neondisco/main-analyses/MSA/running/NeonDisco-outputs/MYBRCA-n990-dataset-awsbatch-dualMode-ND-v0-2-2-RERUN-FINAL-v5/Cohortwide-HLA-typing-OUT/Cohortwide_HLA_types.tsv
682T	agfusion_dir	s3://crmy-gb-main/neondisco/main-analyses/MSA/running/NeonDisco-outputs/MYBRCA-n990-dataset-awsbatch-dualMode-ND-v0-2-2-RERUN-FINAL-v5/682T/POST-IN-SILICO-VALIDATION-TSV-out/validated-agfusion-dirs/
682T	hla_tsv	s3://crmy-gb-main/neondisco/main-analyses/MSA/running/NeonDisco-outputs/MYBRCA-n990-dataset-awsbatch-dualMode-ND-v0-2-2-RERUN-FINAL-v5/Cohortwide-HLA-typing-OUT/Cohortwide_HLA_types.tsv
683T	agfusion_dir	s3://crmy-gb-main/neondisco/main-analyses/MSA/running/NeonDisco-outputs/MYBRCA-n990-dataset-awsbatch-dualMode-ND-v0-2-2-RERUN-FINAL-v5/683T/POST-IN-SILICO-VALIDATION-TSV-out/validated-agfusion-dirs/
683T	hla_tsv	s3://crmy-gb-main/neondisco/main-analyses/MSA/running/NeonDisco-outputs/MYBRCA-n990-dataset-awsbatch-dualMode-ND-v0-2-2-RERUN-FINAL-v5/Cohortwide-HLA-typing-OUT/Cohortwide_HLA_types.tsv
684T	agfusion_dir	s3://crmy-gb-main/neondisco/main-analyses/MSA/running/NeonDisco-outputs/MYBRCA-n990-dataset-awsbatch-dualMode-ND-v0-2-2-RERUN-FINAL-v5/684T/POST-IN-SILICO-VALIDATION-TSV-out/validated-agfusion-dirs/
684T	hla_tsv	s3://crmy-gb-main/neondisco/main-analyses/MSA/running/NeonDisco-outputs/MYBRCA-n990-dataset-awsbatch-dualMode-ND-v0-2-2-RERUN-FINAL-v5/Cohortwide-HLA-typing-OUT/Cohortwide_HLA_types.tsv
685T	agfusion_dir	s3://crmy-gb-main/neondisco/main-analyses/MSA/running/NeonDisco-outputs/MYBRCA-n990-dataset-awsbatch-dualMode-ND-v0-2-2-RERUN-FINAL-v5/685T/POST-IN-SILICO-VALIDATION-TSV-out/validated-agfusion-dirs/
685T	hla_tsv	s3://crmy-gb-main/neondisco/main-analyses/MSA/running/NeonDisco-outputs/MYBRCA-n990-dataset-awsbatch-dualMode-ND-v0-2-2-RERUN-FINAL-v5/Cohortwide-HLA-typing-OUT/Cohortwide_HLA_types.tsv
686T	agfusion_dir	s3://crmy-gb-main/neondisco/main-analyses/MSA/running/NeonDisco-outputs/MYBRCA-n990-dataset-awsbatch-dualMode-ND-v0-2-2-RERUN-FINAL-v5/686T/POST-IN-SILICO-VALIDATION-TSV-out/validated-agfusion-dirs/
686T	hla_tsv	s3://crmy-gb-main/neondisco/main-analyses/MSA/running/NeonDisco-outputs/MYBRCA-n990-dataset-awsbatch-dualMode-ND-v0-2-2-RERUN-FINAL-v5/Cohortwide-HLA-typing-OUT/Cohortwide_HLA_types.tsv
687T	agfusion_dir	s3://crmy-gb-main/neondisco/main-analyses/MSA/running/NeonDisco-outputs/MYBRCA-n990-dataset-awsbatch-dualMode-ND-v0-2-2-RERUN-FINAL-v5/687T/POST-IN-SILICO-VALIDATION-TSV-out/validated-agfusion-dirs/
687T	hla_tsv	s3://crmy-gb-main/neondisco/main-analyses/MSA/running/NeonDisco-outputs/MYBRCA-n990-dataset-awsbatch-dualMode-ND-v0-2-2-RERUN-FINAL-v5/Cohortwide-HLA-typing-OUT/Cohortwide_HLA_types.tsv
688T	agfusion_dir	s3://crmy-gb-main/neondisco/main-analyses/MSA/running/NeonDisco-outputs/MYBRCA-n990-dataset-awsbatch-dualMode-ND-v0-2-2-RERUN-FINAL-v5/688T/POST-IN-SILICO-VALIDATION-TSV-out/validated-agfusion-dirs/
688T	hla_tsv	s3://crmy-gb-main/neondisco/main-analyses/MSA/running/NeonDisco-outputs/MYBRCA-n990-dataset-awsbatch-dualMode-ND-v0-2-2-RERUN-FINAL-v5/Cohortwide-HLA-typing-OUT/Cohortwide_HLA_types.tsv
689T	agfusion_dir	s3://crmy-gb-main/neondisco/main-analyses/MSA/running/NeonDisco-outputs/MYBRCA-n990-dataset-awsbatch-dualMode-ND-v0-2-2-RERUN-FINAL-v5/689T/POST-IN-SILICO-VALIDATION-TSV-out/validated-agfusion-dirs/
689T	hla_tsv	s3://crmy-gb-main/neondisco/main-analyses/MSA/running/NeonDisco-outputs/MYBRCA-n990-dataset-awsbatch-dualMode-ND-v0-2-2-RERUN-FINAL-v5/Cohortwide-HLA-typing-OUT/Cohortwide_HLA_types.tsv
68T	agfusion_dir	s3://crmy-gb-main/neondisco/main-analyses/MSA/running/NeonDisco-outputs/MYBRCA-n990-dataset-awsbatch-dualMode-ND-v0-2-2-RERUN-FINAL-v5/68T/POST-IN-SILICO-VALIDATION-TSV-out/validated-agfusion-dirs/
68T	hla_tsv	s3://crmy-gb-main/neondisco/main-analyses/MSA/running/NeonDisco-outputs/MYBRCA-n990-dataset-awsbatch-dualMode-ND-v0-2-2-RERUN-FINAL-v5/Cohortwide-HLA-typing-OUT/Cohortwide_HLA_types.tsv
690T	agfusion_dir	s3://crmy-gb-main/neondisco/main-analyses/MSA/running/NeonDisco-outputs/MYBRCA-n990-dataset-awsbatch-dualMode-ND-v0-2-2-RERUN-FINAL-v5/690T/POST-IN-SILICO-VALIDATION-TSV-out/validated-agfusion-dirs/
690T	hla_tsv	s3://crmy-gb-main/neondisco/main-analyses/MSA/running/NeonDisco-outputs/MYBRCA-n990-dataset-awsbatch-dualMode-ND-v0-2-2-RERUN-FINAL-v5/Cohortwide-HLA-typing-OUT/Cohortwide_HLA_types.tsv
691T	agfusion_dir	s3://crmy-gb-main/neondisco/main-analyses/MSA/running/NeonDisco-outputs/MYBRCA-n990-dataset-awsbatch-dualMode-ND-v0-2-2-RERUN-FINAL-v5/691T/POST-IN-SILICO-VALIDATION-TSV-out/validated-agfusion-dirs/
691T	hla_tsv	s3://crmy-gb-main/neondisco/main-analyses/MSA/running/NeonDisco-outputs/MYBRCA-n990-dataset-awsbatch-dualMode-ND-v0-2-2-RERUN-FINAL-v5/Cohortwide-HLA-typing-OUT/Cohortwide_HLA_types.tsv
692T	agfusion_dir	s3://crmy-gb-main/neondisco/main-analyses/MSA/running/NeonDisco-outputs/MYBRCA-n990-dataset-awsbatch-dualMode-ND-v0-2-2-RERUN-FINAL-v5/692T/POST-IN-SILICO-VALIDATION-TSV-out/validated-agfusion-dirs/
692T	hla_tsv	s3://crmy-gb-main/neondisco/main-analyses/MSA/running/NeonDisco-outputs/MYBRCA-n990-dataset-awsbatch-dualMode-ND-v0-2-2-RERUN-FINAL-v5/Cohortwide-HLA-typing-OUT/Cohortwide_HLA_types.tsv
693T	agfusion_dir	s3://crmy-gb-main/neondisco/main-analyses/MSA/running/NeonDisco-outputs/MYBRCA-n990-dataset-awsbatch-dualMode-ND-v0-2-2-RERUN-FINAL-v5/693T/POST-IN-SILICO-VALIDATION-TSV-out/validated-agfusion-dirs/
693T	hla_tsv	s3://crmy-gb-main/neondisco/main-analyses/MSA/running/NeonDisco-outputs/MYBRCA-n990-dataset-awsbatch-dualMode-ND-v0-2-2-RERUN-FINAL-v5/Cohortwide-HLA-typing-OUT/Cohortwide_HLA_types.tsv
694T	agfusion_dir	s3://crmy-gb-main/neondisco/main-analyses/MSA/running/NeonDisco-outputs/MYBRCA-n990-dataset-awsbatch-dualMode-ND-v0-2-2-RERUN-FINAL-v5/694T/POST-IN-SILICO-VALIDATION-TSV-out/validated-agfusion-dirs/
694T	hla_tsv	s3://crmy-gb-main/neondisco/main-analyses/MSA/running/NeonDisco-outputs/MYBRCA-n990-dataset-awsbatch-dualMode-ND-v0-2-2-RERUN-FINAL-v5/Cohortwide-HLA-typing-OUT/Cohortwide_HLA_types.tsv
695T	agfusion_dir	s3://crmy-gb-main/neondisco/main-analyses/MSA/running/NeonDisco-outputs/MYBRCA-n990-dataset-awsbatch-dualMode-ND-v0-2-2-RERUN-FINAL-v5/695T/POST-IN-SILICO-VALIDATION-TSV-out/validated-agfusion-dirs/
695T	hla_tsv	s3://crmy-gb-main/neondisco/main-analyses/MSA/running/NeonDisco-outputs/MYBRCA-n990-dataset-awsbatch-dualMode-ND-v0-2-2-RERUN-FINAL-v5/Cohortwide-HLA-typing-OUT/Cohortwide_HLA_types.tsv
696T	agfusion_dir	s3://crmy-gb-main/neondisco/main-analyses/MSA/running/NeonDisco-outputs/MYBRCA-n990-dataset-awsbatch-dualMode-ND-v0-2-2-RERUN-FINAL-v5/696T/POST-IN-SILICO-VALIDATION-TSV-out/validated-agfusion-dirs/
696T	hla_tsv	s3://crmy-gb-main/neondisco/main-analyses/MSA/running/NeonDisco-outputs/MYBRCA-n990-dataset-awsbatch-dualMode-ND-v0-2-2-RERUN-FINAL-v5/Cohortwide-HLA-typing-OUT/Cohortwide_HLA_types.tsv
697T	agfusion_dir	s3://crmy-gb-main/neondisco/main-analyses/MSA/running/NeonDisco-outputs/MYBRCA-n990-dataset-awsbatch-dualMode-ND-v0-2-2-RERUN-FINAL-v5/697T/POST-IN-SILICO-VALIDATION-TSV-out/validated-agfusion-dirs/
697T	hla_tsv	s3://crmy-gb-main/neondisco/main-analyses/MSA/running/NeonDisco-outputs/MYBRCA-n990-dataset-awsbatch-dualMode-ND-v0-2-2-RERUN-FINAL-v5/Cohortwide-HLA-typing-OUT/Cohortwide_HLA_types.tsv
698T	agfusion_dir	s3://crmy-gb-main/neondisco/main-analyses/MSA/running/NeonDisco-outputs/MYBRCA-n990-dataset-awsbatch-dualMode-ND-v0-2-2-RERUN-FINAL-v5/698T/POST-IN-SILICO-VALIDATION-TSV-out/validated-agfusion-dirs/
698T	hla_tsv	s3://crmy-gb-main/neondisco/main-analyses/MSA/running/NeonDisco-outputs/MYBRCA-n990-dataset-awsbatch-dualMode-ND-v0-2-2-RERUN-FINAL-v5/Cohortwide-HLA-typing-OUT/Cohortwide_HLA_types.tsv
699T	agfusion_dir	s3://crmy-gb-main/neondisco/main-analyses/MSA/running/NeonDisco-outputs/MYBRCA-n990-dataset-awsbatch-dualMode-ND-v0-2-2-RERUN-FINAL-v5/699T/POST-IN-SILICO-VALIDATION-TSV-out/validated-agfusion-dirs/
699T	hla_tsv	s3://crmy-gb-main/neondisco/main-analyses/MSA/running/NeonDisco-outputs/MYBRCA-n990-dataset-awsbatch-dualMode-ND-v0-2-2-RERUN-FINAL-v5/Cohortwide-HLA-typing-OUT/Cohortwide_HLA_types.tsv
69T	agfusion_dir	s3://crmy-gb-main/neondisco/main-analyses/MSA/running/NeonDisco-outputs/MYBRCA-n990-dataset-awsbatch-dualMode-ND-v0-2-2-RERUN-FINAL-v5/69T/POST-IN-SILICO-VALIDATION-TSV-out/validated-agfusion-dirs/
69T	hla_tsv	s3://crmy-gb-main/neondisco/main-analyses/MSA/running/NeonDisco-outputs/MYBRCA-n990-dataset-awsbatch-dualMode-ND-v0-2-2-RERUN-FINAL-v5/Cohortwide-HLA-typing-OUT/Cohortwide_HLA_types.tsv
6T	agfusion_dir	s3://crmy-gb-main/neondisco/main-analyses/MSA/running/NeonDisco-outputs/MYBRCA-n990-dataset-awsbatch-dualMode-ND-v0-2-2-RERUN-FINAL-v5/6T/POST-IN-SILICO-VALIDATION-TSV-out/validated-agfusion-dirs/
6T	hla_tsv	s3://crmy-gb-main/neondisco/main-analyses/MSA/running/NeonDisco-outputs/MYBRCA-n990-dataset-awsbatch-dualMode-ND-v0-2-2-RERUN-FINAL-v5/Cohortwide-HLA-typing-OUT/Cohortwide_HLA_types.tsv
700T	agfusion_dir	s3://crmy-gb-main/neondisco/main-analyses/MSA/running/NeonDisco-outputs/MYBRCA-n990-dataset-awsbatch-dualMode-ND-v0-2-2-RERUN-FINAL-v5/700T/POST-IN-SILICO-VALIDATION-TSV-out/validated-agfusion-dirs/
700T	hla_tsv	s3://crmy-gb-main/neondisco/main-analyses/MSA/running/NeonDisco-outputs/MYBRCA-n990-dataset-awsbatch-dualMode-ND-v0-2-2-RERUN-FINAL-v5/Cohortwide-HLA-typing-OUT/Cohortwide_HLA_types.tsv
701T	agfusion_dir	s3://crmy-gb-main/neondisco/main-analyses/MSA/running/NeonDisco-outputs/MYBRCA-n990-dataset-awsbatch-dualMode-ND-v0-2-2-RERUN-FINAL-v5/701T/POST-IN-SILICO-VALIDATION-TSV-out/validated-agfusion-dirs/
701T	hla_tsv	s3://crmy-gb-main/neondisco/main-analyses/MSA/running/NeonDisco-outputs/MYBRCA-n990-dataset-awsbatch-dualMode-ND-v0-2-2-RERUN-FINAL-v5/Cohortwide-HLA-typing-OUT/Cohortwide_HLA_types.tsv
702T	agfusion_dir	s3://crmy-gb-main/neondisco/main-analyses/MSA/running/NeonDisco-outputs/MYBRCA-n990-dataset-awsbatch-dualMode-ND-v0-2-2-RERUN-FINAL-v5/702T/POST-IN-SILICO-VALIDATION-TSV-out/validated-agfusion-dirs/
702T	hla_tsv	s3://crmy-gb-main/neondisco/main-analyses/MSA/running/NeonDisco-outputs/MYBRCA-n990-dataset-awsbatch-dualMode-ND-v0-2-2-RERUN-FINAL-v5/Cohortwide-HLA-typing-OUT/Cohortwide_HLA_types.tsv
703T	agfusion_dir	s3://crmy-gb-main/neondisco/main-analyses/MSA/running/NeonDisco-outputs/MYBRCA-n990-dataset-awsbatch-dualMode-ND-v0-2-2-RERUN-FINAL-v5/703T/POST-IN-SILICO-VALIDATION-TSV-out/validated-agfusion-dirs/
703T	hla_tsv	s3://crmy-gb-main/neondisco/main-analyses/MSA/running/NeonDisco-outputs/MYBRCA-n990-dataset-awsbatch-dualMode-ND-v0-2-2-RERUN-FINAL-v5/Cohortwide-HLA-typing-OUT/Cohortwide_HLA_types.tsv
704T	agfusion_dir	s3://crmy-gb-main/neondisco/main-analyses/MSA/running/NeonDisco-outputs/MYBRCA-n990-dataset-awsbatch-dualMode-ND-v0-2-2-RERUN-FINAL-v5/704T/POST-IN-SILICO-VALIDATION-TSV-out/validated-agfusion-dirs/
704T	hla_tsv	s3://crmy-gb-main/neondisco/main-analyses/MSA/running/NeonDisco-outputs/MYBRCA-n990-dataset-awsbatch-dualMode-ND-v0-2-2-RERUN-FINAL-v5/Cohortwide-HLA-typing-OUT/Cohortwide_HLA_types.tsv
705T	agfusion_dir	s3://crmy-gb-main/neondisco/main-analyses/MSA/running/NeonDisco-outputs/MYBRCA-n990-dataset-awsbatch-dualMode-ND-v0-2-2-RERUN-FINAL-v5/705T/POST-IN-SILICO-VALIDATION-TSV-out/validated-agfusion-dirs/
705T	hla_tsv	s3://crmy-gb-main/neondisco/main-analyses/MSA/running/NeonDisco-outputs/MYBRCA-n990-dataset-awsbatch-dualMode-ND-v0-2-2-RERUN-FINAL-v5/Cohortwide-HLA-typing-OUT/Cohortwide_HLA_types.tsv
706T	agfusion_dir	s3://crmy-gb-main/neondisco/main-analyses/MSA/running/NeonDisco-outputs/MYBRCA-n990-dataset-awsbatch-dualMode-ND-v0-2-2-RERUN-FINAL-v5/706T/POST-IN-SILICO-VALIDATION-TSV-out/validated-agfusion-dirs/
706T	hla_tsv	s3://crmy-gb-main/neondisco/main-analyses/MSA/running/NeonDisco-outputs/MYBRCA-n990-dataset-awsbatch-dualMode-ND-v0-2-2-RERUN-FINAL-v5/Cohortwide-HLA-typing-OUT/Cohortwide_HLA_types.tsv
707T	agfusion_dir	s3://crmy-gb-main/neondisco/main-analyses/MSA/running/NeonDisco-outputs/MYBRCA-n990-dataset-awsbatch-dualMode-ND-v0-2-2-RERUN-FINAL-v5/707T/POST-IN-SILICO-VALIDATION-TSV-out/validated-agfusion-dirs/
707T	hla_tsv	s3://crmy-gb-main/neondisco/main-analyses/MSA/running/NeonDisco-outputs/MYBRCA-n990-dataset-awsbatch-dualMode-ND-v0-2-2-RERUN-FINAL-v5/Cohortwide-HLA-typing-OUT/Cohortwide_HLA_types.tsv
708T	agfusion_dir	s3://crmy-gb-main/neondisco/main-analyses/MSA/running/NeonDisco-outputs/MYBRCA-n990-dataset-awsbatch-dualMode-ND-v0-2-2-RERUN-FINAL-v5/708T/POST-IN-SILICO-VALIDATION-TSV-out/validated-agfusion-dirs/
708T	hla_tsv	s3://crmy-gb-main/neondisco/main-analyses/MSA/running/NeonDisco-outputs/MYBRCA-n990-dataset-awsbatch-dualMode-ND-v0-2-2-RERUN-FINAL-v5/Cohortwide-HLA-typing-OUT/Cohortwide_HLA_types.tsv
709T	agfusion_dir	s3://crmy-gb-main/neondisco/main-analyses/MSA/running/NeonDisco-outputs/MYBRCA-n990-dataset-awsbatch-dualMode-ND-v0-2-2-RERUN-FINAL-v5/709T/POST-IN-SILICO-VALIDATION-TSV-out/validated-agfusion-dirs/
709T	hla_tsv	s3://crmy-gb-main/neondisco/main-analyses/MSA/running/NeonDisco-outputs/MYBRCA-n990-dataset-awsbatch-dualMode-ND-v0-2-2-RERUN-FINAL-v5/Cohortwide-HLA-typing-OUT/Cohortwide_HLA_types.tsv
70T	agfusion_dir	s3://crmy-gb-main/neondisco/main-analyses/MSA/running/NeonDisco-outputs/MYBRCA-n990-dataset-awsbatch-dualMode-ND-v0-2-2-RERUN-FINAL-v5/70T/POST-IN-SILICO-VALIDATION-TSV-out/validated-agfusion-dirs/
70T	hla_tsv	s3://crmy-gb-main/neondisco/main-analyses/MSA/running/NeonDisco-outputs/MYBRCA-n990-dataset-awsbatch-dualMode-ND-v0-2-2-RERUN-FINAL-v5/Cohortwide-HLA-typing-OUT/Cohortwide_HLA_types.tsv
710T	agfusion_dir	s3://crmy-gb-main/neondisco/main-analyses/MSA/running/NeonDisco-outputs/MYBRCA-n990-dataset-awsbatch-dualMode-ND-v0-2-2-RERUN-FINAL-v5/710T/POST-IN-SILICO-VALIDATION-TSV-out/validated-agfusion-dirs/
710T	hla_tsv	s3://crmy-gb-main/neondisco/main-analyses/MSA/running/NeonDisco-outputs/MYBRCA-n990-dataset-awsbatch-dualMode-ND-v0-2-2-RERUN-FINAL-v5/Cohortwide-HLA-typing-OUT/Cohortwide_HLA_types.tsv
711T	agfusion_dir	s3://crmy-gb-main/neondisco/main-analyses/MSA/running/NeonDisco-outputs/MYBRCA-n990-dataset-awsbatch-dualMode-ND-v0-2-2-RERUN-FINAL-v5/711T/POST-IN-SILICO-VALIDATION-TSV-out/validated-agfusion-dirs/
711T	hla_tsv	s3://crmy-gb-main/neondisco/main-analyses/MSA/running/NeonDisco-outputs/MYBRCA-n990-dataset-awsbatch-dualMode-ND-v0-2-2-RERUN-FINAL-v5/Cohortwide-HLA-typing-OUT/Cohortwide_HLA_types.tsv
712T	agfusion_dir	s3://crmy-gb-main/neondisco/main-analyses/MSA/running/NeonDisco-outputs/MYBRCA-n990-dataset-awsbatch-dualMode-ND-v0-2-2-RERUN-FINAL-v5/712T/POST-IN-SILICO-VALIDATION-TSV-out/validated-agfusion-dirs/
712T	hla_tsv	s3://crmy-gb-main/neondisco/main-analyses/MSA/running/NeonDisco-outputs/MYBRCA-n990-dataset-awsbatch-dualMode-ND-v0-2-2-RERUN-FINAL-v5/Cohortwide-HLA-typing-OUT/Cohortwide_HLA_types.tsv
713T	agfusion_dir	s3://crmy-gb-main/neondisco/main-analyses/MSA/running/NeonDisco-outputs/MYBRCA-n990-dataset-awsbatch-dualMode-ND-v0-2-2-RERUN-FINAL-v5/713T/POST-IN-SILICO-VALIDATION-TSV-out/validated-agfusion-dirs/
713T	hla_tsv	s3://crmy-gb-main/neondisco/main-analyses/MSA/running/NeonDisco-outputs/MYBRCA-n990-dataset-awsbatch-dualMode-ND-v0-2-2-RERUN-FINAL-v5/Cohortwide-HLA-typing-OUT/Cohortwide_HLA_types.tsv
714T	agfusion_dir	s3://crmy-gb-main/neondisco/main-analyses/MSA/running/NeonDisco-outputs/MYBRCA-n990-dataset-awsbatch-dualMode-ND-v0-2-2-RERUN-FINAL-v5/714T/POST-IN-SILICO-VALIDATION-TSV-out/validated-agfusion-dirs/
714T	hla_tsv	s3://crmy-gb-main/neondisco/main-analyses/MSA/running/NeonDisco-outputs/MYBRCA-n990-dataset-awsbatch-dualMode-ND-v0-2-2-RERUN-FINAL-v5/Cohortwide-HLA-typing-OUT/Cohortwide_HLA_types.tsv
715T	agfusion_dir	s3://crmy-gb-main/neondisco/main-analyses/MSA/running/NeonDisco-outputs/MYBRCA-n990-dataset-awsbatch-dualMode-ND-v0-2-2-RERUN-FINAL-v5/715T/POST-IN-SILICO-VALIDATION-TSV-out/validated-agfusion-dirs/
715T	hla_tsv	s3://crmy-gb-main/neondisco/main-analyses/MSA/running/NeonDisco-outputs/MYBRCA-n990-dataset-awsbatch-dualMode-ND-v0-2-2-RERUN-FINAL-v5/Cohortwide-HLA-typing-OUT/Cohortwide_HLA_types.tsv
716T	agfusion_dir	s3://crmy-gb-main/neondisco/main-analyses/MSA/running/NeonDisco-outputs/MYBRCA-n990-dataset-awsbatch-dualMode-ND-v0-2-2-RERUN-FINAL-v5/716T/POST-IN-SILICO-VALIDATION-TSV-out/validated-agfusion-dirs/
716T	hla_tsv	s3://crmy-gb-main/neondisco/main-analyses/MSA/running/NeonDisco-outputs/MYBRCA-n990-dataset-awsbatch-dualMode-ND-v0-2-2-RERUN-FINAL-v5/Cohortwide-HLA-typing-OUT/Cohortwide_HLA_types.tsv
717T	agfusion_dir	s3://crmy-gb-main/neondisco/main-analyses/MSA/running/NeonDisco-outputs/MYBRCA-n990-dataset-awsbatch-dualMode-ND-v0-2-2-RERUN-FINAL-v5/717T/POST-IN-SILICO-VALIDATION-TSV-out/validated-agfusion-dirs/
717T	hla_tsv	s3://crmy-gb-main/neondisco/main-analyses/MSA/running/NeonDisco-outputs/MYBRCA-n990-dataset-awsbatch-dualMode-ND-v0-2-2-RERUN-FINAL-v5/Cohortwide-HLA-typing-OUT/Cohortwide_HLA_types.tsv
718T	agfusion_dir	s3://crmy-gb-main/neondisco/main-analyses/MSA/running/NeonDisco-outputs/MYBRCA-n990-dataset-awsbatch-dualMode-ND-v0-2-2-RERUN-FINAL-v5/718T/POST-IN-SILICO-VALIDATION-TSV-out/validated-agfusion-dirs/
718T	hla_tsv	s3://crmy-gb-main/neondisco/main-analyses/MSA/running/NeonDisco-outputs/MYBRCA-n990-dataset-awsbatch-dualMode-ND-v0-2-2-RERUN-FINAL-v5/Cohortwide-HLA-typing-OUT/Cohortwide_HLA_types.tsv
719T	agfusion_dir	s3://crmy-gb-main/neondisco/main-analyses/MSA/running/NeonDisco-outputs/MYBRCA-n990-dataset-awsbatch-dualMode-ND-v0-2-2-RERUN-FINAL-v5/719T/POST-IN-SILICO-VALIDATION-TSV-out/validated-agfusion-dirs/
719T	hla_tsv	s3://crmy-gb-main/neondisco/main-analyses/MSA/running/NeonDisco-outputs/MYBRCA-n990-dataset-awsbatch-dualMode-ND-v0-2-2-RERUN-FINAL-v5/Cohortwide-HLA-typing-OUT/Cohortwide_HLA_types.tsv
71T	agfusion_dir	s3://crmy-gb-main/neondisco/main-analyses/MSA/running/NeonDisco-outputs/MYBRCA-n990-dataset-awsbatch-dualMode-ND-v0-2-2-RERUN-FINAL-v5/71T/POST-IN-SILICO-VALIDATION-TSV-out/validated-agfusion-dirs/
71T	hla_tsv	s3://crmy-gb-main/neondisco/main-analyses/MSA/running/NeonDisco-outputs/MYBRCA-n990-dataset-awsbatch-dualMode-ND-v0-2-2-RERUN-FINAL-v5/Cohortwide-HLA-typing-OUT/Cohortwide_HLA_types.tsv
720T	agfusion_dir	s3://crmy-gb-main/neondisco/main-analyses/MSA/running/NeonDisco-outputs/MYBRCA-n990-dataset-awsbatch-dualMode-ND-v0-2-2-RERUN-FINAL-v5/720T/POST-IN-SILICO-VALIDATION-TSV-out/validated-agfusion-dirs/
720T	hla_tsv	s3://crmy-gb-main/neondisco/main-analyses/MSA/running/NeonDisco-outputs/MYBRCA-n990-dataset-awsbatch-dualMode-ND-v0-2-2-RERUN-FINAL-v5/Cohortwide-HLA-typing-OUT/Cohortwide_HLA_types.tsv
721T	agfusion_dir	s3://crmy-gb-main/neondisco/main-analyses/MSA/running/NeonDisco-outputs/MYBRCA-n990-dataset-awsbatch-dualMode-ND-v0-2-2-RERUN-FINAL-v5/721T/POST-IN-SILICO-VALIDATION-TSV-out/validated-agfusion-dirs/
721T	hla_tsv	s3://crmy-gb-main/neondisco/main-analyses/MSA/running/NeonDisco-outputs/MYBRCA-n990-dataset-awsbatch-dualMode-ND-v0-2-2-RERUN-FINAL-v5/Cohortwide-HLA-typing-OUT/Cohortwide_HLA_types.tsv
722T	agfusion_dir	s3://crmy-gb-main/neondisco/main-analyses/MSA/running/NeonDisco-outputs/MYBRCA-n990-dataset-awsbatch-dualMode-ND-v0-2-2-RERUN-FINAL-v5/722T/POST-IN-SILICO-VALIDATION-TSV-out/validated-agfusion-dirs/
722T	hla_tsv	s3://crmy-gb-main/neondisco/main-analyses/MSA/running/NeonDisco-outputs/MYBRCA-n990-dataset-awsbatch-dualMode-ND-v0-2-2-RERUN-FINAL-v5/Cohortwide-HLA-typing-OUT/Cohortwide_HLA_types.tsv
723T	agfusion_dir	s3://crmy-gb-main/neondisco/main-analyses/MSA/running/NeonDisco-outputs/MYBRCA-n990-dataset-awsbatch-dualMode-ND-v0-2-2-RERUN-FINAL-v5/723T/POST-IN-SILICO-VALIDATION-TSV-out/validated-agfusion-dirs/
723T	hla_tsv	s3://crmy-gb-main/neondisco/main-analyses/MSA/running/NeonDisco-outputs/MYBRCA-n990-dataset-awsbatch-dualMode-ND-v0-2-2-RERUN-FINAL-v5/Cohortwide-HLA-typing-OUT/Cohortwide_HLA_types.tsv
724T	agfusion_dir	s3://crmy-gb-main/neondisco/main-analyses/MSA/running/NeonDisco-outputs/MYBRCA-n990-dataset-awsbatch-dualMode-ND-v0-2-2-RERUN-FINAL-v5/724T/POST-IN-SILICO-VALIDATION-TSV-out/validated-agfusion-dirs/
724T	hla_tsv	s3://crmy-gb-main/neondisco/main-analyses/MSA/running/NeonDisco-outputs/MYBRCA-n990-dataset-awsbatch-dualMode-ND-v0-2-2-RERUN-FINAL-v5/Cohortwide-HLA-typing-OUT/Cohortwide_HLA_types.tsv
725T	agfusion_dir	s3://crmy-gb-main/neondisco/main-analyses/MSA/running/NeonDisco-outputs/MYBRCA-n990-dataset-awsbatch-dualMode-ND-v0-2-2-RERUN-FINAL-v5/725T/POST-IN-SILICO-VALIDATION-TSV-out/validated-agfusion-dirs/
725T	hla_tsv	s3://crmy-gb-main/neondisco/main-analyses/MSA/running/NeonDisco-outputs/MYBRCA-n990-dataset-awsbatch-dualMode-ND-v0-2-2-RERUN-FINAL-v5/Cohortwide-HLA-typing-OUT/Cohortwide_HLA_types.tsv
726T	agfusion_dir	s3://crmy-gb-main/neondisco/main-analyses/MSA/running/NeonDisco-outputs/MYBRCA-n990-dataset-awsbatch-dualMode-ND-v0-2-2-RERUN-FINAL-v5/726T/POST-IN-SILICO-VALIDATION-TSV-out/validated-agfusion-dirs/
726T	hla_tsv	s3://crmy-gb-main/neondisco/main-analyses/MSA/running/NeonDisco-outputs/MYBRCA-n990-dataset-awsbatch-dualMode-ND-v0-2-2-RERUN-FINAL-v5/Cohortwide-HLA-typing-OUT/Cohortwide_HLA_types.tsv
727T	agfusion_dir	s3://crmy-gb-main/neondisco/main-analyses/MSA/running/NeonDisco-outputs/MYBRCA-n990-dataset-awsbatch-dualMode-ND-v0-2-2-RERUN-FINAL-v5/727T/POST-IN-SILICO-VALIDATION-TSV-out/validated-agfusion-dirs/
727T	hla_tsv	s3://crmy-gb-main/neondisco/main-analyses/MSA/running/NeonDisco-outputs/MYBRCA-n990-dataset-awsbatch-dualMode-ND-v0-2-2-RERUN-FINAL-v5/Cohortwide-HLA-typing-OUT/Cohortwide_HLA_types.tsv
728T	agfusion_dir	s3://crmy-gb-main/neondisco/main-analyses/MSA/running/NeonDisco-outputs/MYBRCA-n990-dataset-awsbatch-dualMode-ND-v0-2-2-RERUN-FINAL-v5/728T/POST-IN-SILICO-VALIDATION-TSV-out/validated-agfusion-dirs/
728T	hla_tsv	s3://crmy-gb-main/neondisco/main-analyses/MSA/running/NeonDisco-outputs/MYBRCA-n990-dataset-awsbatch-dualMode-ND-v0-2-2-RERUN-FINAL-v5/Cohortwide-HLA-typing-OUT/Cohortwide_HLA_types.tsv
729T	agfusion_dir	s3://crmy-gb-main/neondisco/main-analyses/MSA/running/NeonDisco-outputs/MYBRCA-n990-dataset-awsbatch-dualMode-ND-v0-2-2-RERUN-FINAL-v5/729T/POST-IN-SILICO-VALIDATION-TSV-out/validated-agfusion-dirs/
729T	hla_tsv	s3://crmy-gb-main/neondisco/main-analyses/MSA/running/NeonDisco-outputs/MYBRCA-n990-dataset-awsbatch-dualMode-ND-v0-2-2-RERUN-FINAL-v5/Cohortwide-HLA-typing-OUT/Cohortwide_HLA_types.tsv
72T	agfusion_dir	s3://crmy-gb-main/neondisco/main-analyses/MSA/running/NeonDisco-outputs/MYBRCA-n990-dataset-awsbatch-dualMode-ND-v0-2-2-RERUN-FINAL-v5/72T/POST-IN-SILICO-VALIDATION-TSV-out/validated-agfusion-dirs/
72T	hla_tsv	s3://crmy-gb-main/neondisco/main-analyses/MSA/running/NeonDisco-outputs/MYBRCA-n990-dataset-awsbatch-dualMode-ND-v0-2-2-RERUN-FINAL-v5/Cohortwide-HLA-typing-OUT/Cohortwide_HLA_types.tsv
730T	agfusion_dir	s3://crmy-gb-main/neondisco/main-analyses/MSA/running/NeonDisco-outputs/MYBRCA-n990-dataset-awsbatch-dualMode-ND-v0-2-2-RERUN-FINAL-v5/730T/POST-IN-SILICO-VALIDATION-TSV-out/validated-agfusion-dirs/
730T	hla_tsv	s3://crmy-gb-main/neondisco/main-analyses/MSA/running/NeonDisco-outputs/MYBRCA-n990-dataset-awsbatch-dualMode-ND-v0-2-2-RERUN-FINAL-v5/Cohortwide-HLA-typing-OUT/Cohortwide_HLA_types.tsv
731T	agfusion_dir	s3://crmy-gb-main/neondisco/main-analyses/MSA/running/NeonDisco-outputs/MYBRCA-n990-dataset-awsbatch-dualMode-ND-v0-2-2-RERUN-FINAL-v5/731T/POST-IN-SILICO-VALIDATION-TSV-out/validated-agfusion-dirs/
731T	hla_tsv	s3://crmy-gb-main/neondisco/main-analyses/MSA/running/NeonDisco-outputs/MYBRCA-n990-dataset-awsbatch-dualMode-ND-v0-2-2-RERUN-FINAL-v5/Cohortwide-HLA-typing-OUT/Cohortwide_HLA_types.tsv
732T	agfusion_dir	s3://crmy-gb-main/neondisco/main-analyses/MSA/running/NeonDisco-outputs/MYBRCA-n990-dataset-awsbatch-dualMode-ND-v0-2-2-RERUN-FINAL-v5/732T/POST-IN-SILICO-VALIDATION-TSV-out/validated-agfusion-dirs/
732T	hla_tsv	s3://crmy-gb-main/neondisco/main-analyses/MSA/running/NeonDisco-outputs/MYBRCA-n990-dataset-awsbatch-dualMode-ND-v0-2-2-RERUN-FINAL-v5/Cohortwide-HLA-typing-OUT/Cohortwide_HLA_types.tsv
733T	agfusion_dir	s3://crmy-gb-main/neondisco/main-analyses/MSA/running/NeonDisco-outputs/MYBRCA-n990-dataset-awsbatch-dualMode-ND-v0-2-2-RERUN-FINAL-v5/733T/POST-IN-SILICO-VALIDATION-TSV-out/validated-agfusion-dirs/
733T	hla_tsv	s3://crmy-gb-main/neondisco/main-analyses/MSA/running/NeonDisco-outputs/MYBRCA-n990-dataset-awsbatch-dualMode-ND-v0-2-2-RERUN-FINAL-v5/Cohortwide-HLA-typing-OUT/Cohortwide_HLA_types.tsv
734T	agfusion_dir	s3://crmy-gb-main/neondisco/main-analyses/MSA/running/NeonDisco-outputs/MYBRCA-n990-dataset-awsbatch-dualMode-ND-v0-2-2-RERUN-FINAL-v5/734T/POST-IN-SILICO-VALIDATION-TSV-out/validated-agfusion-dirs/
734T	hla_tsv	s3://crmy-gb-main/neondisco/main-analyses/MSA/running/NeonDisco-outputs/MYBRCA-n990-dataset-awsbatch-dualMode-ND-v0-2-2-RERUN-FINAL-v5/Cohortwide-HLA-typing-OUT/Cohortwide_HLA_types.tsv
735T	agfusion_dir	s3://crmy-gb-main/neondisco/main-analyses/MSA/running/NeonDisco-outputs/MYBRCA-n990-dataset-awsbatch-dualMode-ND-v0-2-2-RERUN-FINAL-v5/735T/POST-IN-SILICO-VALIDATION-TSV-out/validated-agfusion-dirs/
735T	hla_tsv	s3://crmy-gb-main/neondisco/main-analyses/MSA/running/NeonDisco-outputs/MYBRCA-n990-dataset-awsbatch-dualMode-ND-v0-2-2-RERUN-FINAL-v5/Cohortwide-HLA-typing-OUT/Cohortwide_HLA_types.tsv
736T	agfusion_dir	s3://crmy-gb-main/neondisco/main-analyses/MSA/running/NeonDisco-outputs/MYBRCA-n990-dataset-awsbatch-dualMode-ND-v0-2-2-RERUN-FINAL-v5/736T/POST-IN-SILICO-VALIDATION-TSV-out/validated-agfusion-dirs/
736T	hla_tsv	s3://crmy-gb-main/neondisco/main-analyses/MSA/running/NeonDisco-outputs/MYBRCA-n990-dataset-awsbatch-dualMode-ND-v0-2-2-RERUN-FINAL-v5/Cohortwide-HLA-typing-OUT/Cohortwide_HLA_types.tsv
737T	agfusion_dir	s3://crmy-gb-main/neondisco/main-analyses/MSA/running/NeonDisco-outputs/MYBRCA-n990-dataset-awsbatch-dualMode-ND-v0-2-2-RERUN-FINAL-v5/737T/POST-IN-SILICO-VALIDATION-TSV-out/validated-agfusion-dirs/
737T	hla_tsv	s3://crmy-gb-main/neondisco/main-analyses/MSA/running/NeonDisco-outputs/MYBRCA-n990-dataset-awsbatch-dualMode-ND-v0-2-2-RERUN-FINAL-v5/Cohortwide-HLA-typing-OUT/Cohortwide_HLA_types.tsv
738T	agfusion_dir	s3://crmy-gb-main/neondisco/main-analyses/MSA/running/NeonDisco-outputs/MYBRCA-n990-dataset-awsbatch-dualMode-ND-v0-2-2-RERUN-FINAL-v5/738T/POST-IN-SILICO-VALIDATION-TSV-out/validated-agfusion-dirs/
738T	hla_tsv	s3://crmy-gb-main/neondisco/main-analyses/MSA/running/NeonDisco-outputs/MYBRCA-n990-dataset-awsbatch-dualMode-ND-v0-2-2-RERUN-FINAL-v5/Cohortwide-HLA-typing-OUT/Cohortwide_HLA_types.tsv
739T	agfusion_dir	s3://crmy-gb-main/neondisco/main-analyses/MSA/running/NeonDisco-outputs/MYBRCA-n990-dataset-awsbatch-dualMode-ND-v0-2-2-RERUN-FINAL-v5/739T/POST-IN-SILICO-VALIDATION-TSV-out/validated-agfusion-dirs/
739T	hla_tsv	s3://crmy-gb-main/neondisco/main-analyses/MSA/running/NeonDisco-outputs/MYBRCA-n990-dataset-awsbatch-dualMode-ND-v0-2-2-RERUN-FINAL-v5/Cohortwide-HLA-typing-OUT/Cohortwide_HLA_types.tsv
73T	agfusion_dir	s3://crmy-gb-main/neondisco/main-analyses/MSA/running/NeonDisco-outputs/MYBRCA-n990-dataset-awsbatch-dualMode-ND-v0-2-2-RERUN-FINAL-v5/73T/POST-IN-SILICO-VALIDATION-TSV-out/validated-agfusion-dirs/
73T	hla_tsv	s3://crmy-gb-main/neondisco/main-analyses/MSA/running/NeonDisco-outputs/MYBRCA-n990-dataset-awsbatch-dualMode-ND-v0-2-2-RERUN-FINAL-v5/Cohortwide-HLA-typing-OUT/Cohortwide_HLA_types.tsv
740T	agfusion_dir	s3://crmy-gb-main/neondisco/main-analyses/MSA/running/NeonDisco-outputs/MYBRCA-n990-dataset-awsbatch-dualMode-ND-v0-2-2-RERUN-FINAL-v5/740T/POST-IN-SILICO-VALIDATION-TSV-out/validated-agfusion-dirs/
740T	hla_tsv	s3://crmy-gb-main/neondisco/main-analyses/MSA/running/NeonDisco-outputs/MYBRCA-n990-dataset-awsbatch-dualMode-ND-v0-2-2-RERUN-FINAL-v5/Cohortwide-HLA-typing-OUT/Cohortwide_HLA_types.tsv
741T	agfusion_dir	s3://crmy-gb-main/neondisco/main-analyses/MSA/running/NeonDisco-outputs/MYBRCA-n990-dataset-awsbatch-dualMode-ND-v0-2-2-RERUN-FINAL-v5/741T/POST-IN-SILICO-VALIDATION-TSV-out/validated-agfusion-dirs/
741T	hla_tsv	s3://crmy-gb-main/neondisco/main-analyses/MSA/running/NeonDisco-outputs/MYBRCA-n990-dataset-awsbatch-dualMode-ND-v0-2-2-RERUN-FINAL-v5/Cohortwide-HLA-typing-OUT/Cohortwide_HLA_types.tsv
742T	agfusion_dir	s3://crmy-gb-main/neondisco/main-analyses/MSA/running/NeonDisco-outputs/MYBRCA-n990-dataset-awsbatch-dualMode-ND-v0-2-2-RERUN-FINAL-v5/742T/POST-IN-SILICO-VALIDATION-TSV-out/validated-agfusion-dirs/
742T	hla_tsv	s3://crmy-gb-main/neondisco/main-analyses/MSA/running/NeonDisco-outputs/MYBRCA-n990-dataset-awsbatch-dualMode-ND-v0-2-2-RERUN-FINAL-v5/Cohortwide-HLA-typing-OUT/Cohortwide_HLA_types.tsv
743T	agfusion_dir	s3://crmy-gb-main/neondisco/main-analyses/MSA/running/NeonDisco-outputs/MYBRCA-n990-dataset-awsbatch-dualMode-ND-v0-2-2-RERUN-FINAL-v5/743T/POST-IN-SILICO-VALIDATION-TSV-out/validated-agfusion-dirs/
743T	hla_tsv	s3://crmy-gb-main/neondisco/main-analyses/MSA/running/NeonDisco-outputs/MYBRCA-n990-dataset-awsbatch-dualMode-ND-v0-2-2-RERUN-FINAL-v5/Cohortwide-HLA-typing-OUT/Cohortwide_HLA_types.tsv
744T	agfusion_dir	s3://crmy-gb-main/neondisco/main-analyses/MSA/running/NeonDisco-outputs/MYBRCA-n990-dataset-awsbatch-dualMode-ND-v0-2-2-RERUN-FINAL-v5/744T/POST-IN-SILICO-VALIDATION-TSV-out/validated-agfusion-dirs/
744T	hla_tsv	s3://crmy-gb-main/neondisco/main-analyses/MSA/running/NeonDisco-outputs/MYBRCA-n990-dataset-awsbatch-dualMode-ND-v0-2-2-RERUN-FINAL-v5/Cohortwide-HLA-typing-OUT/Cohortwide_HLA_types.tsv
745T	agfusion_dir	s3://crmy-gb-main/neondisco/main-analyses/MSA/running/NeonDisco-outputs/MYBRCA-n990-dataset-awsbatch-dualMode-ND-v0-2-2-RERUN-FINAL-v5/745T/POST-IN-SILICO-VALIDATION-TSV-out/validated-agfusion-dirs/
745T	hla_tsv	s3://crmy-gb-main/neondisco/main-analyses/MSA/running/NeonDisco-outputs/MYBRCA-n990-dataset-awsbatch-dualMode-ND-v0-2-2-RERUN-FINAL-v5/Cohortwide-HLA-typing-OUT/Cohortwide_HLA_types.tsv
746T	agfusion_dir	s3://crmy-gb-main/neondisco/main-analyses/MSA/running/NeonDisco-outputs/MYBRCA-n990-dataset-awsbatch-dualMode-ND-v0-2-2-RERUN-FINAL-v5/746T/POST-IN-SILICO-VALIDATION-TSV-out/validated-agfusion-dirs/
746T	hla_tsv	s3://crmy-gb-main/neondisco/main-analyses/MSA/running/NeonDisco-outputs/MYBRCA-n990-dataset-awsbatch-dualMode-ND-v0-2-2-RERUN-FINAL-v5/Cohortwide-HLA-typing-OUT/Cohortwide_HLA_types.tsv
747T	agfusion_dir	s3://crmy-gb-main/neondisco/main-analyses/MSA/running/NeonDisco-outputs/MYBRCA-n990-dataset-awsbatch-dualMode-ND-v0-2-2-RERUN-FINAL-v5/747T/POST-IN-SILICO-VALIDATION-TSV-out/validated-agfusion-dirs/
747T	hla_tsv	s3://crmy-gb-main/neondisco/main-analyses/MSA/running/NeonDisco-outputs/MYBRCA-n990-dataset-awsbatch-dualMode-ND-v0-2-2-RERUN-FINAL-v5/Cohortwide-HLA-typing-OUT/Cohortwide_HLA_types.tsv
748T	agfusion_dir	s3://crmy-gb-main/neondisco/main-analyses/MSA/running/NeonDisco-outputs/MYBRCA-n990-dataset-awsbatch-dualMode-ND-v0-2-2-RERUN-FINAL-v5/748T/POST-IN-SILICO-VALIDATION-TSV-out/validated-agfusion-dirs/
748T	hla_tsv	s3://crmy-gb-main/neondisco/main-analyses/MSA/running/NeonDisco-outputs/MYBRCA-n990-dataset-awsbatch-dualMode-ND-v0-2-2-RERUN-FINAL-v5/Cohortwide-HLA-typing-OUT/Cohortwide_HLA_types.tsv
749T	agfusion_dir	s3://crmy-gb-main/neondisco/main-analyses/MSA/running/NeonDisco-outputs/MYBRCA-n990-dataset-awsbatch-dualMode-ND-v0-2-2-RERUN-FINAL-v5/749T/POST-IN-SILICO-VALIDATION-TSV-out/validated-agfusion-dirs/
749T	hla_tsv	s3://crmy-gb-main/neondisco/main-analyses/MSA/running/NeonDisco-outputs/MYBRCA-n990-dataset-awsbatch-dualMode-ND-v0-2-2-RERUN-FINAL-v5/Cohortwide-HLA-typing-OUT/Cohortwide_HLA_types.tsv
74T	agfusion_dir	s3://crmy-gb-main/neondisco/main-analyses/MSA/running/NeonDisco-outputs/MYBRCA-n990-dataset-awsbatch-dualMode-ND-v0-2-2-RERUN-FINAL-v5/74T/POST-IN-SILICO-VALIDATION-TSV-out/validated-agfusion-dirs/
74T	hla_tsv	s3://crmy-gb-main/neondisco/main-analyses/MSA/running/NeonDisco-outputs/MYBRCA-n990-dataset-awsbatch-dualMode-ND-v0-2-2-RERUN-FINAL-v5/Cohortwide-HLA-typing-OUT/Cohortwide_HLA_types.tsv
750T	agfusion_dir	s3://crmy-gb-main/neondisco/main-analyses/MSA/running/NeonDisco-outputs/MYBRCA-n990-dataset-awsbatch-dualMode-ND-v0-2-2-RERUN-FINAL-v5/750T/POST-IN-SILICO-VALIDATION-TSV-out/validated-agfusion-dirs/
750T	hla_tsv	s3://crmy-gb-main/neondisco/main-analyses/MSA/running/NeonDisco-outputs/MYBRCA-n990-dataset-awsbatch-dualMode-ND-v0-2-2-RERUN-FINAL-v5/Cohortwide-HLA-typing-OUT/Cohortwide_HLA_types.tsv
751T	agfusion_dir	s3://crmy-gb-main/neondisco/main-analyses/MSA/running/NeonDisco-outputs/MYBRCA-n990-dataset-awsbatch-dualMode-ND-v0-2-2-RERUN-FINAL-v5/751T/POST-IN-SILICO-VALIDATION-TSV-out/validated-agfusion-dirs/
751T	hla_tsv	s3://crmy-gb-main/neondisco/main-analyses/MSA/running/NeonDisco-outputs/MYBRCA-n990-dataset-awsbatch-dualMode-ND-v0-2-2-RERUN-FINAL-v5/Cohortwide-HLA-typing-OUT/Cohortwide_HLA_types.tsv
752T	agfusion_dir	s3://crmy-gb-main/neondisco/main-analyses/MSA/running/NeonDisco-outputs/MYBRCA-n990-dataset-awsbatch-dualMode-ND-v0-2-2-RERUN-FINAL-v5/752T/POST-IN-SILICO-VALIDATION-TSV-out/validated-agfusion-dirs/
752T	hla_tsv	s3://crmy-gb-main/neondisco/main-analyses/MSA/running/NeonDisco-outputs/MYBRCA-n990-dataset-awsbatch-dualMode-ND-v0-2-2-RERUN-FINAL-v5/Cohortwide-HLA-typing-OUT/Cohortwide_HLA_types.tsv
753T	agfusion_dir	s3://crmy-gb-main/neondisco/main-analyses/MSA/running/NeonDisco-outputs/MYBRCA-n990-dataset-awsbatch-dualMode-ND-v0-2-2-RERUN-FINAL-v5/753T/POST-IN-SILICO-VALIDATION-TSV-out/validated-agfusion-dirs/
753T	hla_tsv	s3://crmy-gb-main/neondisco/main-analyses/MSA/running/NeonDisco-outputs/MYBRCA-n990-dataset-awsbatch-dualMode-ND-v0-2-2-RERUN-FINAL-v5/Cohortwide-HLA-typing-OUT/Cohortwide_HLA_types.tsv
754T	agfusion_dir	s3://crmy-gb-main/neondisco/main-analyses/MSA/running/NeonDisco-outputs/MYBRCA-n990-dataset-awsbatch-dualMode-ND-v0-2-2-RERUN-FINAL-v5/754T/POST-IN-SILICO-VALIDATION-TSV-out/validated-agfusion-dirs/
754T	hla_tsv	s3://crmy-gb-main/neondisco/main-analyses/MSA/running/NeonDisco-outputs/MYBRCA-n990-dataset-awsbatch-dualMode-ND-v0-2-2-RERUN-FINAL-v5/Cohortwide-HLA-typing-OUT/Cohortwide_HLA_types.tsv
755T	agfusion_dir	s3://crmy-gb-main/neondisco/main-analyses/MSA/running/NeonDisco-outputs/MYBRCA-n990-dataset-awsbatch-dualMode-ND-v0-2-2-RERUN-FINAL-v5/755T/POST-IN-SILICO-VALIDATION-TSV-out/validated-agfusion-dirs/
755T	hla_tsv	s3://crmy-gb-main/neondisco/main-analyses/MSA/running/NeonDisco-outputs/MYBRCA-n990-dataset-awsbatch-dualMode-ND-v0-2-2-RERUN-FINAL-v5/Cohortwide-HLA-typing-OUT/Cohortwide_HLA_types.tsv
756T	agfusion_dir	s3://crmy-gb-main/neondisco/main-analyses/MSA/running/NeonDisco-outputs/MYBRCA-n990-dataset-awsbatch-dualMode-ND-v0-2-2-RERUN-FINAL-v5/756T/POST-IN-SILICO-VALIDATION-TSV-out/validated-agfusion-dirs/
756T	hla_tsv	s3://crmy-gb-main/neondisco/main-analyses/MSA/running/NeonDisco-outputs/MYBRCA-n990-dataset-awsbatch-dualMode-ND-v0-2-2-RERUN-FINAL-v5/Cohortwide-HLA-typing-OUT/Cohortwide_HLA_types.tsv
757T	agfusion_dir	s3://crmy-gb-main/neondisco/main-analyses/MSA/running/NeonDisco-outputs/MYBRCA-n990-dataset-awsbatch-dualMode-ND-v0-2-2-RERUN-FINAL-v5/757T/POST-IN-SILICO-VALIDATION-TSV-out/validated-agfusion-dirs/
757T	hla_tsv	s3://crmy-gb-main/neondisco/main-analyses/MSA/running/NeonDisco-outputs/MYBRCA-n990-dataset-awsbatch-dualMode-ND-v0-2-2-RERUN-FINAL-v5/Cohortwide-HLA-typing-OUT/Cohortwide_HLA_types.tsv
758T	agfusion_dir	s3://crmy-gb-main/neondisco/main-analyses/MSA/running/NeonDisco-outputs/MYBRCA-n990-dataset-awsbatch-dualMode-ND-v0-2-2-RERUN-FINAL-v5/758T/POST-IN-SILICO-VALIDATION-TSV-out/validated-agfusion-dirs/
758T	hla_tsv	s3://crmy-gb-main/neondisco/main-analyses/MSA/running/NeonDisco-outputs/MYBRCA-n990-dataset-awsbatch-dualMode-ND-v0-2-2-RERUN-FINAL-v5/Cohortwide-HLA-typing-OUT/Cohortwide_HLA_types.tsv
759T	agfusion_dir	s3://crmy-gb-main/neondisco/main-analyses/MSA/running/NeonDisco-outputs/MYBRCA-n990-dataset-awsbatch-dualMode-ND-v0-2-2-RERUN-FINAL-v5/759T/POST-IN-SILICO-VALIDATION-TSV-out/validated-agfusion-dirs/
759T	hla_tsv	s3://crmy-gb-main/neondisco/main-analyses/MSA/running/NeonDisco-outputs/MYBRCA-n990-dataset-awsbatch-dualMode-ND-v0-2-2-RERUN-FINAL-v5/Cohortwide-HLA-typing-OUT/Cohortwide_HLA_types.tsv
75T	agfusion_dir	s3://crmy-gb-main/neondisco/main-analyses/MSA/running/NeonDisco-outputs/MYBRCA-n990-dataset-awsbatch-dualMode-ND-v0-2-2-RERUN-FINAL-v5/75T/POST-IN-SILICO-VALIDATION-TSV-out/validated-agfusion-dirs/
75T	hla_tsv	s3://crmy-gb-main/neondisco/main-analyses/MSA/running/NeonDisco-outputs/MYBRCA-n990-dataset-awsbatch-dualMode-ND-v0-2-2-RERUN-FINAL-v5/Cohortwide-HLA-typing-OUT/Cohortwide_HLA_types.tsv
760T	agfusion_dir	s3://crmy-gb-main/neondisco/main-analyses/MSA/running/NeonDisco-outputs/MYBRCA-n990-dataset-awsbatch-dualMode-ND-v0-2-2-RERUN-FINAL-v5/760T/POST-IN-SILICO-VALIDATION-TSV-out/validated-agfusion-dirs/
760T	hla_tsv	s3://crmy-gb-main/neondisco/main-analyses/MSA/running/NeonDisco-outputs/MYBRCA-n990-dataset-awsbatch-dualMode-ND-v0-2-2-RERUN-FINAL-v5/Cohortwide-HLA-typing-OUT/Cohortwide_HLA_types.tsv
761T	agfusion_dir	s3://crmy-gb-main/neondisco/main-analyses/MSA/running/NeonDisco-outputs/MYBRCA-n990-dataset-awsbatch-dualMode-ND-v0-2-2-RERUN-FINAL-v5/761T/POST-IN-SILICO-VALIDATION-TSV-out/validated-agfusion-dirs/
761T	hla_tsv	s3://crmy-gb-main/neondisco/main-analyses/MSA/running/NeonDisco-outputs/MYBRCA-n990-dataset-awsbatch-dualMode-ND-v0-2-2-RERUN-FINAL-v5/Cohortwide-HLA-typing-OUT/Cohortwide_HLA_types.tsv
762T	agfusion_dir	s3://crmy-gb-main/neondisco/main-analyses/MSA/running/NeonDisco-outputs/MYBRCA-n990-dataset-awsbatch-dualMode-ND-v0-2-2-RERUN-FINAL-v5/762T/POST-IN-SILICO-VALIDATION-TSV-out/validated-agfusion-dirs/
762T	hla_tsv	s3://crmy-gb-main/neondisco/main-analyses/MSA/running/NeonDisco-outputs/MYBRCA-n990-dataset-awsbatch-dualMode-ND-v0-2-2-RERUN-FINAL-v5/Cohortwide-HLA-typing-OUT/Cohortwide_HLA_types.tsv
763T	agfusion_dir	s3://crmy-gb-main/neondisco/main-analyses/MSA/running/NeonDisco-outputs/MYBRCA-n990-dataset-awsbatch-dualMode-ND-v0-2-2-RERUN-FINAL-v5/763T/POST-IN-SILICO-VALIDATION-TSV-out/validated-agfusion-dirs/
763T	hla_tsv	s3://crmy-gb-main/neondisco/main-analyses/MSA/running/NeonDisco-outputs/MYBRCA-n990-dataset-awsbatch-dualMode-ND-v0-2-2-RERUN-FINAL-v5/Cohortwide-HLA-typing-OUT/Cohortwide_HLA_types.tsv
764T	agfusion_dir	s3://crmy-gb-main/neondisco/main-analyses/MSA/running/NeonDisco-outputs/MYBRCA-n990-dataset-awsbatch-dualMode-ND-v0-2-2-RERUN-FINAL-v5/764T/POST-IN-SILICO-VALIDATION-TSV-out/validated-agfusion-dirs/
764T	hla_tsv	s3://crmy-gb-main/neondisco/main-analyses/MSA/running/NeonDisco-outputs/MYBRCA-n990-dataset-awsbatch-dualMode-ND-v0-2-2-RERUN-FINAL-v5/Cohortwide-HLA-typing-OUT/Cohortwide_HLA_types.tsv
765T	agfusion_dir	s3://crmy-gb-main/neondisco/main-analyses/MSA/running/NeonDisco-outputs/MYBRCA-n990-dataset-awsbatch-dualMode-ND-v0-2-2-RERUN-FINAL-v5/765T/POST-IN-SILICO-VALIDATION-TSV-out/validated-agfusion-dirs/
765T	hla_tsv	s3://crmy-gb-main/neondisco/main-analyses/MSA/running/NeonDisco-outputs/MYBRCA-n990-dataset-awsbatch-dualMode-ND-v0-2-2-RERUN-FINAL-v5/Cohortwide-HLA-typing-OUT/Cohortwide_HLA_types.tsv
766T	agfusion_dir	s3://crmy-gb-main/neondisco/main-analyses/MSA/running/NeonDisco-outputs/MYBRCA-n990-dataset-awsbatch-dualMode-ND-v0-2-2-RERUN-FINAL-v5/766T/POST-IN-SILICO-VALIDATION-TSV-out/validated-agfusion-dirs/
766T	hla_tsv	s3://crmy-gb-main/neondisco/main-analyses/MSA/running/NeonDisco-outputs/MYBRCA-n990-dataset-awsbatch-dualMode-ND-v0-2-2-RERUN-FINAL-v5/Cohortwide-HLA-typing-OUT/Cohortwide_HLA_types.tsv
767T	agfusion_dir	s3://crmy-gb-main/neondisco/main-analyses/MSA/running/NeonDisco-outputs/MYBRCA-n990-dataset-awsbatch-dualMode-ND-v0-2-2-RERUN-FINAL-v5/767T/POST-IN-SILICO-VALIDATION-TSV-out/validated-agfusion-dirs/
767T	hla_tsv	s3://crmy-gb-main/neondisco/main-analyses/MSA/running/NeonDisco-outputs/MYBRCA-n990-dataset-awsbatch-dualMode-ND-v0-2-2-RERUN-FINAL-v5/Cohortwide-HLA-typing-OUT/Cohortwide_HLA_types.tsv
768T	agfusion_dir	s3://crmy-gb-main/neondisco/main-analyses/MSA/running/NeonDisco-outputs/MYBRCA-n990-dataset-awsbatch-dualMode-ND-v0-2-2-RERUN-FINAL-v5/768T/POST-IN-SILICO-VALIDATION-TSV-out/validated-agfusion-dirs/
768T	hla_tsv	s3://crmy-gb-main/neondisco/main-analyses/MSA/running/NeonDisco-outputs/MYBRCA-n990-dataset-awsbatch-dualMode-ND-v0-2-2-RERUN-FINAL-v5/Cohortwide-HLA-typing-OUT/Cohortwide_HLA_types.tsv
769T	agfusion_dir	s3://crmy-gb-main/neondisco/main-analyses/MSA/running/NeonDisco-outputs/MYBRCA-n990-dataset-awsbatch-dualMode-ND-v0-2-2-RERUN-FINAL-v5/769T/POST-IN-SILICO-VALIDATION-TSV-out/validated-agfusion-dirs/
769T	hla_tsv	s3://crmy-gb-main/neondisco/main-analyses/MSA/running/NeonDisco-outputs/MYBRCA-n990-dataset-awsbatch-dualMode-ND-v0-2-2-RERUN-FINAL-v5/Cohortwide-HLA-typing-OUT/Cohortwide_HLA_types.tsv
76T	agfusion_dir	s3://crmy-gb-main/neondisco/main-analyses/MSA/running/NeonDisco-outputs/MYBRCA-n990-dataset-awsbatch-dualMode-ND-v0-2-2-RERUN-FINAL-v5/76T/POST-IN-SILICO-VALIDATION-TSV-out/validated-agfusion-dirs/
76T	hla_tsv	s3://crmy-gb-main/neondisco/main-analyses/MSA/running/NeonDisco-outputs/MYBRCA-n990-dataset-awsbatch-dualMode-ND-v0-2-2-RERUN-FINAL-v5/Cohortwide-HLA-typing-OUT/Cohortwide_HLA_types.tsv
770T	agfusion_dir	s3://crmy-gb-main/neondisco/main-analyses/MSA/running/NeonDisco-outputs/MYBRCA-n990-dataset-awsbatch-dualMode-ND-v0-2-2-RERUN-FINAL-v5/770T/POST-IN-SILICO-VALIDATION-TSV-out/validated-agfusion-dirs/
770T	hla_tsv	s3://crmy-gb-main/neondisco/main-analyses/MSA/running/NeonDisco-outputs/MYBRCA-n990-dataset-awsbatch-dualMode-ND-v0-2-2-RERUN-FINAL-v5/Cohortwide-HLA-typing-OUT/Cohortwide_HLA_types.tsv
771T	agfusion_dir	s3://crmy-gb-main/neondisco/main-analyses/MSA/running/NeonDisco-outputs/MYBRCA-n990-dataset-awsbatch-dualMode-ND-v0-2-2-RERUN-FINAL-v5/771T/POST-IN-SILICO-VALIDATION-TSV-out/validated-agfusion-dirs/
771T	hla_tsv	s3://crmy-gb-main/neondisco/main-analyses/MSA/running/NeonDisco-outputs/MYBRCA-n990-dataset-awsbatch-dualMode-ND-v0-2-2-RERUN-FINAL-v5/Cohortwide-HLA-typing-OUT/Cohortwide_HLA_types.tsv
772T	agfusion_dir	s3://crmy-gb-main/neondisco/main-analyses/MSA/running/NeonDisco-outputs/MYBRCA-n990-dataset-awsbatch-dualMode-ND-v0-2-2-RERUN-FINAL-v5/772T/POST-IN-SILICO-VALIDATION-TSV-out/validated-agfusion-dirs/
772T	hla_tsv	s3://crmy-gb-main/neondisco/main-analyses/MSA/running/NeonDisco-outputs/MYBRCA-n990-dataset-awsbatch-dualMode-ND-v0-2-2-RERUN-FINAL-v5/Cohortwide-HLA-typing-OUT/Cohortwide_HLA_types.tsv
773T	agfusion_dir	s3://crmy-gb-main/neondisco/main-analyses/MSA/running/NeonDisco-outputs/MYBRCA-n990-dataset-awsbatch-dualMode-ND-v0-2-2-RERUN-FINAL-v5/773T/POST-IN-SILICO-VALIDATION-TSV-out/validated-agfusion-dirs/
773T	hla_tsv	s3://crmy-gb-main/neondisco/main-analyses/MSA/running/NeonDisco-outputs/MYBRCA-n990-dataset-awsbatch-dualMode-ND-v0-2-2-RERUN-FINAL-v5/Cohortwide-HLA-typing-OUT/Cohortwide_HLA_types.tsv
774T	agfusion_dir	s3://crmy-gb-main/neondisco/main-analyses/MSA/running/NeonDisco-outputs/MYBRCA-n990-dataset-awsbatch-dualMode-ND-v0-2-2-RERUN-FINAL-v5/774T/POST-IN-SILICO-VALIDATION-TSV-out/validated-agfusion-dirs/
774T	hla_tsv	s3://crmy-gb-main/neondisco/main-analyses/MSA/running/NeonDisco-outputs/MYBRCA-n990-dataset-awsbatch-dualMode-ND-v0-2-2-RERUN-FINAL-v5/Cohortwide-HLA-typing-OUT/Cohortwide_HLA_types.tsv
775T	agfusion_dir	s3://crmy-gb-main/neondisco/main-analyses/MSA/running/NeonDisco-outputs/MYBRCA-n990-dataset-awsbatch-dualMode-ND-v0-2-2-RERUN-FINAL-v5/775T/POST-IN-SILICO-VALIDATION-TSV-out/validated-agfusion-dirs/
775T	hla_tsv	s3://crmy-gb-main/neondisco/main-analyses/MSA/running/NeonDisco-outputs/MYBRCA-n990-dataset-awsbatch-dualMode-ND-v0-2-2-RERUN-FINAL-v5/Cohortwide-HLA-typing-OUT/Cohortwide_HLA_types.tsv
776T	agfusion_dir	s3://crmy-gb-main/neondisco/main-analyses/MSA/running/NeonDisco-outputs/MYBRCA-n990-dataset-awsbatch-dualMode-ND-v0-2-2-RERUN-FINAL-v5/776T/POST-IN-SILICO-VALIDATION-TSV-out/validated-agfusion-dirs/
776T	hla_tsv	s3://crmy-gb-main/neondisco/main-analyses/MSA/running/NeonDisco-outputs/MYBRCA-n990-dataset-awsbatch-dualMode-ND-v0-2-2-RERUN-FINAL-v5/Cohortwide-HLA-typing-OUT/Cohortwide_HLA_types.tsv
777T	agfusion_dir	s3://crmy-gb-main/neondisco/main-analyses/MSA/running/NeonDisco-outputs/MYBRCA-n990-dataset-awsbatch-dualMode-ND-v0-2-2-RERUN-FINAL-v5/777T/POST-IN-SILICO-VALIDATION-TSV-out/validated-agfusion-dirs/
777T	hla_tsv	s3://crmy-gb-main/neondisco/main-analyses/MSA/running/NeonDisco-outputs/MYBRCA-n990-dataset-awsbatch-dualMode-ND-v0-2-2-RERUN-FINAL-v5/Cohortwide-HLA-typing-OUT/Cohortwide_HLA_types.tsv
778T	agfusion_dir	s3://crmy-gb-main/neondisco/main-analyses/MSA/running/NeonDisco-outputs/MYBRCA-n990-dataset-awsbatch-dualMode-ND-v0-2-2-RERUN-FINAL-v5/778T/POST-IN-SILICO-VALIDATION-TSV-out/validated-agfusion-dirs/
778T	hla_tsv	s3://crmy-gb-main/neondisco/main-analyses/MSA/running/NeonDisco-outputs/MYBRCA-n990-dataset-awsbatch-dualMode-ND-v0-2-2-RERUN-FINAL-v5/Cohortwide-HLA-typing-OUT/Cohortwide_HLA_types.tsv
779T	agfusion_dir	s3://crmy-gb-main/neondisco/main-analyses/MSA/running/NeonDisco-outputs/MYBRCA-n990-dataset-awsbatch-dualMode-ND-v0-2-2-RERUN-FINAL-v5/779T/POST-IN-SILICO-VALIDATION-TSV-out/validated-agfusion-dirs/
779T	hla_tsv	s3://crmy-gb-main/neondisco/main-analyses/MSA/running/NeonDisco-outputs/MYBRCA-n990-dataset-awsbatch-dualMode-ND-v0-2-2-RERUN-FINAL-v5/Cohortwide-HLA-typing-OUT/Cohortwide_HLA_types.tsv
77T	agfusion_dir	s3://crmy-gb-main/neondisco/main-analyses/MSA/running/NeonDisco-outputs/MYBRCA-n990-dataset-awsbatch-dualMode-ND-v0-2-2-RERUN-FINAL-v5/77T/POST-IN-SILICO-VALIDATION-TSV-out/validated-agfusion-dirs/
77T	hla_tsv	s3://crmy-gb-main/neondisco/main-analyses/MSA/running/NeonDisco-outputs/MYBRCA-n990-dataset-awsbatch-dualMode-ND-v0-2-2-RERUN-FINAL-v5/Cohortwide-HLA-typing-OUT/Cohortwide_HLA_types.tsv
780T	agfusion_dir	s3://crmy-gb-main/neondisco/main-analyses/MSA/running/NeonDisco-outputs/MYBRCA-n990-dataset-awsbatch-dualMode-ND-v0-2-2-RERUN-FINAL-v5/780T/POST-IN-SILICO-VALIDATION-TSV-out/validated-agfusion-dirs/
780T	hla_tsv	s3://crmy-gb-main/neondisco/main-analyses/MSA/running/NeonDisco-outputs/MYBRCA-n990-dataset-awsbatch-dualMode-ND-v0-2-2-RERUN-FINAL-v5/Cohortwide-HLA-typing-OUT/Cohortwide_HLA_types.tsv
781T	agfusion_dir	s3://crmy-gb-main/neondisco/main-analyses/MSA/running/NeonDisco-outputs/MYBRCA-n990-dataset-awsbatch-dualMode-ND-v0-2-2-RERUN-FINAL-v5/781T/POST-IN-SILICO-VALIDATION-TSV-out/validated-agfusion-dirs/
781T	hla_tsv	s3://crmy-gb-main/neondisco/main-analyses/MSA/running/NeonDisco-outputs/MYBRCA-n990-dataset-awsbatch-dualMode-ND-v0-2-2-RERUN-FINAL-v5/Cohortwide-HLA-typing-OUT/Cohortwide_HLA_types.tsv
782T	agfusion_dir	s3://crmy-gb-main/neondisco/main-analyses/MSA/running/NeonDisco-outputs/MYBRCA-n990-dataset-awsbatch-dualMode-ND-v0-2-2-RERUN-FINAL-v5/782T/POST-IN-SILICO-VALIDATION-TSV-out/validated-agfusion-dirs/
782T	hla_tsv	s3://crmy-gb-main/neondisco/main-analyses/MSA/running/NeonDisco-outputs/MYBRCA-n990-dataset-awsbatch-dualMode-ND-v0-2-2-RERUN-FINAL-v5/Cohortwide-HLA-typing-OUT/Cohortwide_HLA_types.tsv
783T	agfusion_dir	s3://crmy-gb-main/neondisco/main-analyses/MSA/running/NeonDisco-outputs/MYBRCA-n990-dataset-awsbatch-dualMode-ND-v0-2-2-RERUN-FINAL-v5/783T/POST-IN-SILICO-VALIDATION-TSV-out/validated-agfusion-dirs/
783T	hla_tsv	s3://crmy-gb-main/neondisco/main-analyses/MSA/running/NeonDisco-outputs/MYBRCA-n990-dataset-awsbatch-dualMode-ND-v0-2-2-RERUN-FINAL-v5/Cohortwide-HLA-typing-OUT/Cohortwide_HLA_types.tsv
784T	agfusion_dir	s3://crmy-gb-main/neondisco/main-analyses/MSA/running/NeonDisco-outputs/MYBRCA-n990-dataset-awsbatch-dualMode-ND-v0-2-2-RERUN-FINAL-v5/784T/POST-IN-SILICO-VALIDATION-TSV-out/validated-agfusion-dirs/
784T	hla_tsv	s3://crmy-gb-main/neondisco/main-analyses/MSA/running/NeonDisco-outputs/MYBRCA-n990-dataset-awsbatch-dualMode-ND-v0-2-2-RERUN-FINAL-v5/Cohortwide-HLA-typing-OUT/Cohortwide_HLA_types.tsv
785T	agfusion_dir	s3://crmy-gb-main/neondisco/main-analyses/MSA/running/NeonDisco-outputs/MYBRCA-n990-dataset-awsbatch-dualMode-ND-v0-2-2-RERUN-FINAL-v5/785T/POST-IN-SILICO-VALIDATION-TSV-out/validated-agfusion-dirs/
785T	hla_tsv	s3://crmy-gb-main/neondisco/main-analyses/MSA/running/NeonDisco-outputs/MYBRCA-n990-dataset-awsbatch-dualMode-ND-v0-2-2-RERUN-FINAL-v5/Cohortwide-HLA-typing-OUT/Cohortwide_HLA_types.tsv
786T	agfusion_dir	s3://crmy-gb-main/neondisco/main-analyses/MSA/running/NeonDisco-outputs/MYBRCA-n990-dataset-awsbatch-dualMode-ND-v0-2-2-RERUN-FINAL-v5/786T/POST-IN-SILICO-VALIDATION-TSV-out/validated-agfusion-dirs/
786T	hla_tsv	s3://crmy-gb-main/neondisco/main-analyses/MSA/running/NeonDisco-outputs/MYBRCA-n990-dataset-awsbatch-dualMode-ND-v0-2-2-RERUN-FINAL-v5/Cohortwide-HLA-typing-OUT/Cohortwide_HLA_types.tsv
787T	agfusion_dir	s3://crmy-gb-main/neondisco/main-analyses/MSA/running/NeonDisco-outputs/MYBRCA-n990-dataset-awsbatch-dualMode-ND-v0-2-2-RERUN-FINAL-v5/787T/POST-IN-SILICO-VALIDATION-TSV-out/validated-agfusion-dirs/
787T	hla_tsv	s3://crmy-gb-main/neondisco/main-analyses/MSA/running/NeonDisco-outputs/MYBRCA-n990-dataset-awsbatch-dualMode-ND-v0-2-2-RERUN-FINAL-v5/Cohortwide-HLA-typing-OUT/Cohortwide_HLA_types.tsv
788T	agfusion_dir	s3://crmy-gb-main/neondisco/main-analyses/MSA/running/NeonDisco-outputs/MYBRCA-n990-dataset-awsbatch-dualMode-ND-v0-2-2-RERUN-FINAL-v5/788T/POST-IN-SILICO-VALIDATION-TSV-out/validated-agfusion-dirs/
788T	hla_tsv	s3://crmy-gb-main/neondisco/main-analyses/MSA/running/NeonDisco-outputs/MYBRCA-n990-dataset-awsbatch-dualMode-ND-v0-2-2-RERUN-FINAL-v5/Cohortwide-HLA-typing-OUT/Cohortwide_HLA_types.tsv
789T	agfusion_dir	s3://crmy-gb-main/neondisco/main-analyses/MSA/running/NeonDisco-outputs/MYBRCA-n990-dataset-awsbatch-dualMode-ND-v0-2-2-RERUN-FINAL-v5/789T/POST-IN-SILICO-VALIDATION-TSV-out/validated-agfusion-dirs/
789T	hla_tsv	s3://crmy-gb-main/neondisco/main-analyses/MSA/running/NeonDisco-outputs/MYBRCA-n990-dataset-awsbatch-dualMode-ND-v0-2-2-RERUN-FINAL-v5/Cohortwide-HLA-typing-OUT/Cohortwide_HLA_types.tsv
78T	agfusion_dir	s3://crmy-gb-main/neondisco/main-analyses/MSA/running/NeonDisco-outputs/MYBRCA-n990-dataset-awsbatch-dualMode-ND-v0-2-2-RERUN-FINAL-v5/78T/POST-IN-SILICO-VALIDATION-TSV-out/validated-agfusion-dirs/
78T	hla_tsv	s3://crmy-gb-main/neondisco/main-analyses/MSA/running/NeonDisco-outputs/MYBRCA-n990-dataset-awsbatch-dualMode-ND-v0-2-2-RERUN-FINAL-v5/Cohortwide-HLA-typing-OUT/Cohortwide_HLA_types.tsv
790T	agfusion_dir	s3://crmy-gb-main/neondisco/main-analyses/MSA/running/NeonDisco-outputs/MYBRCA-n990-dataset-awsbatch-dualMode-ND-v0-2-2-RERUN-FINAL-v5/790T/POST-IN-SILICO-VALIDATION-TSV-out/validated-agfusion-dirs/
790T	hla_tsv	s3://crmy-gb-main/neondisco/main-analyses/MSA/running/NeonDisco-outputs/MYBRCA-n990-dataset-awsbatch-dualMode-ND-v0-2-2-RERUN-FINAL-v5/Cohortwide-HLA-typing-OUT/Cohortwide_HLA_types.tsv
791T	agfusion_dir	s3://crmy-gb-main/neondisco/main-analyses/MSA/running/NeonDisco-outputs/MYBRCA-n990-dataset-awsbatch-dualMode-ND-v0-2-2-RERUN-FINAL-v5/791T/POST-IN-SILICO-VALIDATION-TSV-out/validated-agfusion-dirs/
791T	hla_tsv	s3://crmy-gb-main/neondisco/main-analyses/MSA/running/NeonDisco-outputs/MYBRCA-n990-dataset-awsbatch-dualMode-ND-v0-2-2-RERUN-FINAL-v5/Cohortwide-HLA-typing-OUT/Cohortwide_HLA_types.tsv
792T	agfusion_dir	s3://crmy-gb-main/neondisco/main-analyses/MSA/running/NeonDisco-outputs/MYBRCA-n990-dataset-awsbatch-dualMode-ND-v0-2-2-RERUN-FINAL-v5/792T/POST-IN-SILICO-VALIDATION-TSV-out/validated-agfusion-dirs/
792T	hla_tsv	s3://crmy-gb-main/neondisco/main-analyses/MSA/running/NeonDisco-outputs/MYBRCA-n990-dataset-awsbatch-dualMode-ND-v0-2-2-RERUN-FINAL-v5/Cohortwide-HLA-typing-OUT/Cohortwide_HLA_types.tsv
793T	agfusion_dir	s3://crmy-gb-main/neondisco/main-analyses/MSA/running/NeonDisco-outputs/MYBRCA-n990-dataset-awsbatch-dualMode-ND-v0-2-2-RERUN-FINAL-v5/793T/POST-IN-SILICO-VALIDATION-TSV-out/validated-agfusion-dirs/
793T	hla_tsv	s3://crmy-gb-main/neondisco/main-analyses/MSA/running/NeonDisco-outputs/MYBRCA-n990-dataset-awsbatch-dualMode-ND-v0-2-2-RERUN-FINAL-v5/Cohortwide-HLA-typing-OUT/Cohortwide_HLA_types.tsv
794T	agfusion_dir	s3://crmy-gb-main/neondisco/main-analyses/MSA/running/NeonDisco-outputs/MYBRCA-n990-dataset-awsbatch-dualMode-ND-v0-2-2-RERUN-FINAL-v5/794T/POST-IN-SILICO-VALIDATION-TSV-out/validated-agfusion-dirs/
794T	hla_tsv	s3://crmy-gb-main/neondisco/main-analyses/MSA/running/NeonDisco-outputs/MYBRCA-n990-dataset-awsbatch-dualMode-ND-v0-2-2-RERUN-FINAL-v5/Cohortwide-HLA-typing-OUT/Cohortwide_HLA_types.tsv
795T	agfusion_dir	s3://crmy-gb-main/neondisco/main-analyses/MSA/running/NeonDisco-outputs/MYBRCA-n990-dataset-awsbatch-dualMode-ND-v0-2-2-RERUN-FINAL-v5/795T/POST-IN-SILICO-VALIDATION-TSV-out/validated-agfusion-dirs/
795T	hla_tsv	s3://crmy-gb-main/neondisco/main-analyses/MSA/running/NeonDisco-outputs/MYBRCA-n990-dataset-awsbatch-dualMode-ND-v0-2-2-RERUN-FINAL-v5/Cohortwide-HLA-typing-OUT/Cohortwide_HLA_types.tsv
796T	agfusion_dir	s3://crmy-gb-main/neondisco/main-analyses/MSA/running/NeonDisco-outputs/MYBRCA-n990-dataset-awsbatch-dualMode-ND-v0-2-2-RERUN-FINAL-v5/796T/POST-IN-SILICO-VALIDATION-TSV-out/validated-agfusion-dirs/
796T	hla_tsv	s3://crmy-gb-main/neondisco/main-analyses/MSA/running/NeonDisco-outputs/MYBRCA-n990-dataset-awsbatch-dualMode-ND-v0-2-2-RERUN-FINAL-v5/Cohortwide-HLA-typing-OUT/Cohortwide_HLA_types.tsv
797T	agfusion_dir	s3://crmy-gb-main/neondisco/main-analyses/MSA/running/NeonDisco-outputs/MYBRCA-n990-dataset-awsbatch-dualMode-ND-v0-2-2-RERUN-FINAL-v5/797T/POST-IN-SILICO-VALIDATION-TSV-out/validated-agfusion-dirs/
797T	hla_tsv	s3://crmy-gb-main/neondisco/main-analyses/MSA/running/NeonDisco-outputs/MYBRCA-n990-dataset-awsbatch-dualMode-ND-v0-2-2-RERUN-FINAL-v5/Cohortwide-HLA-typing-OUT/Cohortwide_HLA_types.tsv
798T	agfusion_dir	s3://crmy-gb-main/neondisco/main-analyses/MSA/running/NeonDisco-outputs/MYBRCA-n990-dataset-awsbatch-dualMode-ND-v0-2-2-RERUN-FINAL-v5/798T/POST-IN-SILICO-VALIDATION-TSV-out/validated-agfusion-dirs/
798T	hla_tsv	s3://crmy-gb-main/neondisco/main-analyses/MSA/running/NeonDisco-outputs/MYBRCA-n990-dataset-awsbatch-dualMode-ND-v0-2-2-RERUN-FINAL-v5/Cohortwide-HLA-typing-OUT/Cohortwide_HLA_types.tsv
799T	agfusion_dir	s3://crmy-gb-main/neondisco/main-analyses/MSA/running/NeonDisco-outputs/MYBRCA-n990-dataset-awsbatch-dualMode-ND-v0-2-2-RERUN-FINAL-v5/799T/POST-IN-SILICO-VALIDATION-TSV-out/validated-agfusion-dirs/
799T	hla_tsv	s3://crmy-gb-main/neondisco/main-analyses/MSA/running/NeonDisco-outputs/MYBRCA-n990-dataset-awsbatch-dualMode-ND-v0-2-2-RERUN-FINAL-v5/Cohortwide-HLA-typing-OUT/Cohortwide_HLA_types.tsv
79T	agfusion_dir	s3://crmy-gb-main/neondisco/main-analyses/MSA/running/NeonDisco-outputs/MYBRCA-n990-dataset-awsbatch-dualMode-ND-v0-2-2-RERUN-FINAL-v5/79T/POST-IN-SILICO-VALIDATION-TSV-out/validated-agfusion-dirs/
79T	hla_tsv	s3://crmy-gb-main/neondisco/main-analyses/MSA/running/NeonDisco-outputs/MYBRCA-n990-dataset-awsbatch-dualMode-ND-v0-2-2-RERUN-FINAL-v5/Cohortwide-HLA-typing-OUT/Cohortwide_HLA_types.tsv
7T	agfusion_dir	s3://crmy-gb-main/neondisco/main-analyses/MSA/running/NeonDisco-outputs/MYBRCA-n990-dataset-awsbatch-dualMode-ND-v0-2-2-RERUN-FINAL-v5/7T/POST-IN-SILICO-VALIDATION-TSV-out/validated-agfusion-dirs/
7T	hla_tsv	s3://crmy-gb-main/neondisco/main-analyses/MSA/running/NeonDisco-outputs/MYBRCA-n990-dataset-awsbatch-dualMode-ND-v0-2-2-RERUN-FINAL-v5/Cohortwide-HLA-typing-OUT/Cohortwide_HLA_types.tsv
800T	agfusion_dir	s3://crmy-gb-main/neondisco/main-analyses/MSA/running/NeonDisco-outputs/MYBRCA-n990-dataset-awsbatch-dualMode-ND-v0-2-2-RERUN-FINAL-v5/800T/POST-IN-SILICO-VALIDATION-TSV-out/validated-agfusion-dirs/
800T	hla_tsv	s3://crmy-gb-main/neondisco/main-analyses/MSA/running/NeonDisco-outputs/MYBRCA-n990-dataset-awsbatch-dualMode-ND-v0-2-2-RERUN-FINAL-v5/Cohortwide-HLA-typing-OUT/Cohortwide_HLA_types.tsv
801T	agfusion_dir	s3://crmy-gb-main/neondisco/main-analyses/MSA/running/NeonDisco-outputs/MYBRCA-n990-dataset-awsbatch-dualMode-ND-v0-2-2-RERUN-FINAL-v5/801T/POST-IN-SILICO-VALIDATION-TSV-out/validated-agfusion-dirs/
801T	hla_tsv	s3://crmy-gb-main/neondisco/main-analyses/MSA/running/NeonDisco-outputs/MYBRCA-n990-dataset-awsbatch-dualMode-ND-v0-2-2-RERUN-FINAL-v5/Cohortwide-HLA-typing-OUT/Cohortwide_HLA_types.tsv
802T	agfusion_dir	s3://crmy-gb-main/neondisco/main-analyses/MSA/running/NeonDisco-outputs/MYBRCA-n990-dataset-awsbatch-dualMode-ND-v0-2-2-RERUN-FINAL-v5/802T/POST-IN-SILICO-VALIDATION-TSV-out/validated-agfusion-dirs/
802T	hla_tsv	s3://crmy-gb-main/neondisco/main-analyses/MSA/running/NeonDisco-outputs/MYBRCA-n990-dataset-awsbatch-dualMode-ND-v0-2-2-RERUN-FINAL-v5/Cohortwide-HLA-typing-OUT/Cohortwide_HLA_types.tsv
803T	agfusion_dir	s3://crmy-gb-main/neondisco/main-analyses/MSA/running/NeonDisco-outputs/MYBRCA-n990-dataset-awsbatch-dualMode-ND-v0-2-2-RERUN-FINAL-v5/803T/POST-IN-SILICO-VALIDATION-TSV-out/validated-agfusion-dirs/
803T	hla_tsv	s3://crmy-gb-main/neondisco/main-analyses/MSA/running/NeonDisco-outputs/MYBRCA-n990-dataset-awsbatch-dualMode-ND-v0-2-2-RERUN-FINAL-v5/Cohortwide-HLA-typing-OUT/Cohortwide_HLA_types.tsv
804T	agfusion_dir	s3://crmy-gb-main/neondisco/main-analyses/MSA/running/NeonDisco-outputs/MYBRCA-n990-dataset-awsbatch-dualMode-ND-v0-2-2-RERUN-FINAL-v5/804T/POST-IN-SILICO-VALIDATION-TSV-out/validated-agfusion-dirs/
804T	hla_tsv	s3://crmy-gb-main/neondisco/main-analyses/MSA/running/NeonDisco-outputs/MYBRCA-n990-dataset-awsbatch-dualMode-ND-v0-2-2-RERUN-FINAL-v5/Cohortwide-HLA-typing-OUT/Cohortwide_HLA_types.tsv
805T	agfusion_dir	s3://crmy-gb-main/neondisco/main-analyses/MSA/running/NeonDisco-outputs/MYBRCA-n990-dataset-awsbatch-dualMode-ND-v0-2-2-RERUN-FINAL-v5/805T/POST-IN-SILICO-VALIDATION-TSV-out/validated-agfusion-dirs/
805T	hla_tsv	s3://crmy-gb-main/neondisco/main-analyses/MSA/running/NeonDisco-outputs/MYBRCA-n990-dataset-awsbatch-dualMode-ND-v0-2-2-RERUN-FINAL-v5/Cohortwide-HLA-typing-OUT/Cohortwide_HLA_types.tsv
806T	agfusion_dir	s3://crmy-gb-main/neondisco/main-analyses/MSA/running/NeonDisco-outputs/MYBRCA-n990-dataset-awsbatch-dualMode-ND-v0-2-2-RERUN-FINAL-v5/806T/POST-IN-SILICO-VALIDATION-TSV-out/validated-agfusion-dirs/
806T	hla_tsv	s3://crmy-gb-main/neondisco/main-analyses/MSA/running/NeonDisco-outputs/MYBRCA-n990-dataset-awsbatch-dualMode-ND-v0-2-2-RERUN-FINAL-v5/Cohortwide-HLA-typing-OUT/Cohortwide_HLA_types.tsv
807T	agfusion_dir	s3://crmy-gb-main/neondisco/main-analyses/MSA/running/NeonDisco-outputs/MYBRCA-n990-dataset-awsbatch-dualMode-ND-v0-2-2-RERUN-FINAL-v5/807T/POST-IN-SILICO-VALIDATION-TSV-out/validated-agfusion-dirs/
807T	hla_tsv	s3://crmy-gb-main/neondisco/main-analyses/MSA/running/NeonDisco-outputs/MYBRCA-n990-dataset-awsbatch-dualMode-ND-v0-2-2-RERUN-FINAL-v5/Cohortwide-HLA-typing-OUT/Cohortwide_HLA_types.tsv
808T	agfusion_dir	s3://crmy-gb-main/neondisco/main-analyses/MSA/running/NeonDisco-outputs/MYBRCA-n990-dataset-awsbatch-dualMode-ND-v0-2-2-RERUN-FINAL-v5/808T/POST-IN-SILICO-VALIDATION-TSV-out/validated-agfusion-dirs/
808T	hla_tsv	s3://crmy-gb-main/neondisco/main-analyses/MSA/running/NeonDisco-outputs/MYBRCA-n990-dataset-awsbatch-dualMode-ND-v0-2-2-RERUN-FINAL-v5/Cohortwide-HLA-typing-OUT/Cohortwide_HLA_types.tsv
809T	agfusion_dir	s3://crmy-gb-main/neondisco/main-analyses/MSA/running/NeonDisco-outputs/MYBRCA-n990-dataset-awsbatch-dualMode-ND-v0-2-2-RERUN-FINAL-v5/809T/POST-IN-SILICO-VALIDATION-TSV-out/validated-agfusion-dirs/
809T	hla_tsv	s3://crmy-gb-main/neondisco/main-analyses/MSA/running/NeonDisco-outputs/MYBRCA-n990-dataset-awsbatch-dualMode-ND-v0-2-2-RERUN-FINAL-v5/Cohortwide-HLA-typing-OUT/Cohortwide_HLA_types.tsv
80T	agfusion_dir	s3://crmy-gb-main/neondisco/main-analyses/MSA/running/NeonDisco-outputs/MYBRCA-n990-dataset-awsbatch-dualMode-ND-v0-2-2-RERUN-FINAL-v5/80T/POST-IN-SILICO-VALIDATION-TSV-out/validated-agfusion-dirs/
80T	hla_tsv	s3://crmy-gb-main/neondisco/main-analyses/MSA/running/NeonDisco-outputs/MYBRCA-n990-dataset-awsbatch-dualMode-ND-v0-2-2-RERUN-FINAL-v5/Cohortwide-HLA-typing-OUT/Cohortwide_HLA_types.tsv
810T	agfusion_dir	s3://crmy-gb-main/neondisco/main-analyses/MSA/running/NeonDisco-outputs/MYBRCA-n990-dataset-awsbatch-dualMode-ND-v0-2-2-RERUN-FINAL-v5/810T/POST-IN-SILICO-VALIDATION-TSV-out/validated-agfusion-dirs/
810T	hla_tsv	s3://crmy-gb-main/neondisco/main-analyses/MSA/running/NeonDisco-outputs/MYBRCA-n990-dataset-awsbatch-dualMode-ND-v0-2-2-RERUN-FINAL-v5/Cohortwide-HLA-typing-OUT/Cohortwide_HLA_types.tsv
811T	agfusion_dir	s3://crmy-gb-main/neondisco/main-analyses/MSA/running/NeonDisco-outputs/MYBRCA-n990-dataset-awsbatch-dualMode-ND-v0-2-2-RERUN-FINAL-v5/811T/POST-IN-SILICO-VALIDATION-TSV-out/validated-agfusion-dirs/
811T	hla_tsv	s3://crmy-gb-main/neondisco/main-analyses/MSA/running/NeonDisco-outputs/MYBRCA-n990-dataset-awsbatch-dualMode-ND-v0-2-2-RERUN-FINAL-v5/Cohortwide-HLA-typing-OUT/Cohortwide_HLA_types.tsv
812T	agfusion_dir	s3://crmy-gb-main/neondisco/main-analyses/MSA/running/NeonDisco-outputs/MYBRCA-n990-dataset-awsbatch-dualMode-ND-v0-2-2-RERUN-FINAL-v5/812T/POST-IN-SILICO-VALIDATION-TSV-out/validated-agfusion-dirs/
812T	hla_tsv	s3://crmy-gb-main/neondisco/main-analyses/MSA/running/NeonDisco-outputs/MYBRCA-n990-dataset-awsbatch-dualMode-ND-v0-2-2-RERUN-FINAL-v5/Cohortwide-HLA-typing-OUT/Cohortwide_HLA_types.tsv
813T	agfusion_dir	s3://crmy-gb-main/neondisco/main-analyses/MSA/running/NeonDisco-outputs/MYBRCA-n990-dataset-awsbatch-dualMode-ND-v0-2-2-RERUN-FINAL-v5/813T/POST-IN-SILICO-VALIDATION-TSV-out/validated-agfusion-dirs/
813T	hla_tsv	s3://crmy-gb-main/neondisco/main-analyses/MSA/running/NeonDisco-outputs/MYBRCA-n990-dataset-awsbatch-dualMode-ND-v0-2-2-RERUN-FINAL-v5/Cohortwide-HLA-typing-OUT/Cohortwide_HLA_types.tsv
814T	agfusion_dir	s3://crmy-gb-main/neondisco/main-analyses/MSA/running/NeonDisco-outputs/MYBRCA-n990-dataset-awsbatch-dualMode-ND-v0-2-2-RERUN-FINAL-v5/814T/POST-IN-SILICO-VALIDATION-TSV-out/validated-agfusion-dirs/
814T	hla_tsv	s3://crmy-gb-main/neondisco/main-analyses/MSA/running/NeonDisco-outputs/MYBRCA-n990-dataset-awsbatch-dualMode-ND-v0-2-2-RERUN-FINAL-v5/Cohortwide-HLA-typing-OUT/Cohortwide_HLA_types.tsv
815T	agfusion_dir	s3://crmy-gb-main/neondisco/main-analyses/MSA/running/NeonDisco-outputs/MYBRCA-n990-dataset-awsbatch-dualMode-ND-v0-2-2-RERUN-FINAL-v5/815T/POST-IN-SILICO-VALIDATION-TSV-out/validated-agfusion-dirs/
815T	hla_tsv	s3://crmy-gb-main/neondisco/main-analyses/MSA/running/NeonDisco-outputs/MYBRCA-n990-dataset-awsbatch-dualMode-ND-v0-2-2-RERUN-FINAL-v5/Cohortwide-HLA-typing-OUT/Cohortwide_HLA_types.tsv
816T	agfusion_dir	s3://crmy-gb-main/neondisco/main-analyses/MSA/running/NeonDisco-outputs/MYBRCA-n990-dataset-awsbatch-dualMode-ND-v0-2-2-RERUN-FINAL-v5/816T/POST-IN-SILICO-VALIDATION-TSV-out/validated-agfusion-dirs/
816T	hla_tsv	s3://crmy-gb-main/neondisco/main-analyses/MSA/running/NeonDisco-outputs/MYBRCA-n990-dataset-awsbatch-dualMode-ND-v0-2-2-RERUN-FINAL-v5/Cohortwide-HLA-typing-OUT/Cohortwide_HLA_types.tsv
817T	agfusion_dir	s3://crmy-gb-main/neondisco/main-analyses/MSA/running/NeonDisco-outputs/MYBRCA-n990-dataset-awsbatch-dualMode-ND-v0-2-2-RERUN-FINAL-v5/817T/POST-IN-SILICO-VALIDATION-TSV-out/validated-agfusion-dirs/
817T	hla_tsv	s3://crmy-gb-main/neondisco/main-analyses/MSA/running/NeonDisco-outputs/MYBRCA-n990-dataset-awsbatch-dualMode-ND-v0-2-2-RERUN-FINAL-v5/Cohortwide-HLA-typing-OUT/Cohortwide_HLA_types.tsv
818T	agfusion_dir	s3://crmy-gb-main/neondisco/main-analyses/MSA/running/NeonDisco-outputs/MYBRCA-n990-dataset-awsbatch-dualMode-ND-v0-2-2-RERUN-FINAL-v5/818T/POST-IN-SILICO-VALIDATION-TSV-out/validated-agfusion-dirs/
818T	hla_tsv	s3://crmy-gb-main/neondisco/main-analyses/MSA/running/NeonDisco-outputs/MYBRCA-n990-dataset-awsbatch-dualMode-ND-v0-2-2-RERUN-FINAL-v5/Cohortwide-HLA-typing-OUT/Cohortwide_HLA_types.tsv
819T	agfusion_dir	s3://crmy-gb-main/neondisco/main-analyses/MSA/running/NeonDisco-outputs/MYBRCA-n990-dataset-awsbatch-dualMode-ND-v0-2-2-RERUN-FINAL-v5/819T/POST-IN-SILICO-VALIDATION-TSV-out/validated-agfusion-dirs/
819T	hla_tsv	s3://crmy-gb-main/neondisco/main-analyses/MSA/running/NeonDisco-outputs/MYBRCA-n990-dataset-awsbatch-dualMode-ND-v0-2-2-RERUN-FINAL-v5/Cohortwide-HLA-typing-OUT/Cohortwide_HLA_types.tsv
81T	agfusion_dir	s3://crmy-gb-main/neondisco/main-analyses/MSA/running/NeonDisco-outputs/MYBRCA-n990-dataset-awsbatch-dualMode-ND-v0-2-2-RERUN-FINAL-v5/81T/POST-IN-SILICO-VALIDATION-TSV-out/validated-agfusion-dirs/
81T	hla_tsv	s3://crmy-gb-main/neondisco/main-analyses/MSA/running/NeonDisco-outputs/MYBRCA-n990-dataset-awsbatch-dualMode-ND-v0-2-2-RERUN-FINAL-v5/Cohortwide-HLA-typing-OUT/Cohortwide_HLA_types.tsv
820T	agfusion_dir	s3://crmy-gb-main/neondisco/main-analyses/MSA/running/NeonDisco-outputs/MYBRCA-n990-dataset-awsbatch-dualMode-ND-v0-2-2-RERUN-FINAL-v5/820T/POST-IN-SILICO-VALIDATION-TSV-out/validated-agfusion-dirs/
820T	hla_tsv	s3://crmy-gb-main/neondisco/main-analyses/MSA/running/NeonDisco-outputs/MYBRCA-n990-dataset-awsbatch-dualMode-ND-v0-2-2-RERUN-FINAL-v5/Cohortwide-HLA-typing-OUT/Cohortwide_HLA_types.tsv
821T	agfusion_dir	s3://crmy-gb-main/neondisco/main-analyses/MSA/running/NeonDisco-outputs/MYBRCA-n990-dataset-awsbatch-dualMode-ND-v0-2-2-RERUN-FINAL-v5/821T/POST-IN-SILICO-VALIDATION-TSV-out/validated-agfusion-dirs/
821T	hla_tsv	s3://crmy-gb-main/neondisco/main-analyses/MSA/running/NeonDisco-outputs/MYBRCA-n990-dataset-awsbatch-dualMode-ND-v0-2-2-RERUN-FINAL-v5/Cohortwide-HLA-typing-OUT/Cohortwide_HLA_types.tsv
822T	agfusion_dir	s3://crmy-gb-main/neondisco/main-analyses/MSA/running/NeonDisco-outputs/MYBRCA-n990-dataset-awsbatch-dualMode-ND-v0-2-2-RERUN-FINAL-v5/822T/POST-IN-SILICO-VALIDATION-TSV-out/validated-agfusion-dirs/
822T	hla_tsv	s3://crmy-gb-main/neondisco/main-analyses/MSA/running/NeonDisco-outputs/MYBRCA-n990-dataset-awsbatch-dualMode-ND-v0-2-2-RERUN-FINAL-v5/Cohortwide-HLA-typing-OUT/Cohortwide_HLA_types.tsv
823T	agfusion_dir	s3://crmy-gb-main/neondisco/main-analyses/MSA/running/NeonDisco-outputs/MYBRCA-n990-dataset-awsbatch-dualMode-ND-v0-2-2-RERUN-FINAL-v5/823T/POST-IN-SILICO-VALIDATION-TSV-out/validated-agfusion-dirs/
823T	hla_tsv	s3://crmy-gb-main/neondisco/main-analyses/MSA/running/NeonDisco-outputs/MYBRCA-n990-dataset-awsbatch-dualMode-ND-v0-2-2-RERUN-FINAL-v5/Cohortwide-HLA-typing-OUT/Cohortwide_HLA_types.tsv
824T	agfusion_dir	s3://crmy-gb-main/neondisco/main-analyses/MSA/running/NeonDisco-outputs/MYBRCA-n990-dataset-awsbatch-dualMode-ND-v0-2-2-RERUN-FINAL-v5/824T/POST-IN-SILICO-VALIDATION-TSV-out/validated-agfusion-dirs/
824T	hla_tsv	s3://crmy-gb-main/neondisco/main-analyses/MSA/running/NeonDisco-outputs/MYBRCA-n990-dataset-awsbatch-dualMode-ND-v0-2-2-RERUN-FINAL-v5/Cohortwide-HLA-typing-OUT/Cohortwide_HLA_types.tsv
825T	agfusion_dir	s3://crmy-gb-main/neondisco/main-analyses/MSA/running/NeonDisco-outputs/MYBRCA-n990-dataset-awsbatch-dualMode-ND-v0-2-2-RERUN-FINAL-v5/825T/POST-IN-SILICO-VALIDATION-TSV-out/validated-agfusion-dirs/
825T	hla_tsv	s3://crmy-gb-main/neondisco/main-analyses/MSA/running/NeonDisco-outputs/MYBRCA-n990-dataset-awsbatch-dualMode-ND-v0-2-2-RERUN-FINAL-v5/Cohortwide-HLA-typing-OUT/Cohortwide_HLA_types.tsv
826T	agfusion_dir	s3://crmy-gb-main/neondisco/main-analyses/MSA/running/NeonDisco-outputs/MYBRCA-n990-dataset-awsbatch-dualMode-ND-v0-2-2-RERUN-FINAL-v5/826T/POST-IN-SILICO-VALIDATION-TSV-out/validated-agfusion-dirs/
826T	hla_tsv	s3://crmy-gb-main/neondisco/main-analyses/MSA/running/NeonDisco-outputs/MYBRCA-n990-dataset-awsbatch-dualMode-ND-v0-2-2-RERUN-FINAL-v5/Cohortwide-HLA-typing-OUT/Cohortwide_HLA_types.tsv
827T	agfusion_dir	s3://crmy-gb-main/neondisco/main-analyses/MSA/running/NeonDisco-outputs/MYBRCA-n990-dataset-awsbatch-dualMode-ND-v0-2-2-RERUN-FINAL-v5/827T/POST-IN-SILICO-VALIDATION-TSV-out/validated-agfusion-dirs/
827T	hla_tsv	s3://crmy-gb-main/neondisco/main-analyses/MSA/running/NeonDisco-outputs/MYBRCA-n990-dataset-awsbatch-dualMode-ND-v0-2-2-RERUN-FINAL-v5/Cohortwide-HLA-typing-OUT/Cohortwide_HLA_types.tsv
828T	agfusion_dir	s3://crmy-gb-main/neondisco/main-analyses/MSA/running/NeonDisco-outputs/MYBRCA-n990-dataset-awsbatch-dualMode-ND-v0-2-2-RERUN-FINAL-v5/828T/POST-IN-SILICO-VALIDATION-TSV-out/validated-agfusion-dirs/
828T	hla_tsv	s3://crmy-gb-main/neondisco/main-analyses/MSA/running/NeonDisco-outputs/MYBRCA-n990-dataset-awsbatch-dualMode-ND-v0-2-2-RERUN-FINAL-v5/Cohortwide-HLA-typing-OUT/Cohortwide_HLA_types.tsv
829T	agfusion_dir	s3://crmy-gb-main/neondisco/main-analyses/MSA/running/NeonDisco-outputs/MYBRCA-n990-dataset-awsbatch-dualMode-ND-v0-2-2-RERUN-FINAL-v5/829T/POST-IN-SILICO-VALIDATION-TSV-out/validated-agfusion-dirs/
829T	hla_tsv	s3://crmy-gb-main/neondisco/main-analyses/MSA/running/NeonDisco-outputs/MYBRCA-n990-dataset-awsbatch-dualMode-ND-v0-2-2-RERUN-FINAL-v5/Cohortwide-HLA-typing-OUT/Cohortwide_HLA_types.tsv
82T	agfusion_dir	s3://crmy-gb-main/neondisco/main-analyses/MSA/running/NeonDisco-outputs/MYBRCA-n990-dataset-awsbatch-dualMode-ND-v0-2-2-RERUN-FINAL-v5/82T/POST-IN-SILICO-VALIDATION-TSV-out/validated-agfusion-dirs/
82T	hla_tsv	s3://crmy-gb-main/neondisco/main-analyses/MSA/running/NeonDisco-outputs/MYBRCA-n990-dataset-awsbatch-dualMode-ND-v0-2-2-RERUN-FINAL-v5/Cohortwide-HLA-typing-OUT/Cohortwide_HLA_types.tsv
830T	agfusion_dir	s3://crmy-gb-main/neondisco/main-analyses/MSA/running/NeonDisco-outputs/MYBRCA-n990-dataset-awsbatch-dualMode-ND-v0-2-2-RERUN-FINAL-v5/830T/POST-IN-SILICO-VALIDATION-TSV-out/validated-agfusion-dirs/
830T	hla_tsv	s3://crmy-gb-main/neondisco/main-analyses/MSA/running/NeonDisco-outputs/MYBRCA-n990-dataset-awsbatch-dualMode-ND-v0-2-2-RERUN-FINAL-v5/Cohortwide-HLA-typing-OUT/Cohortwide_HLA_types.tsv
831T	agfusion_dir	s3://crmy-gb-main/neondisco/main-analyses/MSA/running/NeonDisco-outputs/MYBRCA-n990-dataset-awsbatch-dualMode-ND-v0-2-2-RERUN-FINAL-v5/831T/POST-IN-SILICO-VALIDATION-TSV-out/validated-agfusion-dirs/
831T	hla_tsv	s3://crmy-gb-main/neondisco/main-analyses/MSA/running/NeonDisco-outputs/MYBRCA-n990-dataset-awsbatch-dualMode-ND-v0-2-2-RERUN-FINAL-v5/Cohortwide-HLA-typing-OUT/Cohortwide_HLA_types.tsv
832T	agfusion_dir	s3://crmy-gb-main/neondisco/main-analyses/MSA/running/NeonDisco-outputs/MYBRCA-n990-dataset-awsbatch-dualMode-ND-v0-2-2-RERUN-FINAL-v5/832T/POST-IN-SILICO-VALIDATION-TSV-out/validated-agfusion-dirs/
832T	hla_tsv	s3://crmy-gb-main/neondisco/main-analyses/MSA/running/NeonDisco-outputs/MYBRCA-n990-dataset-awsbatch-dualMode-ND-v0-2-2-RERUN-FINAL-v5/Cohortwide-HLA-typing-OUT/Cohortwide_HLA_types.tsv
833T	agfusion_dir	s3://crmy-gb-main/neondisco/main-analyses/MSA/running/NeonDisco-outputs/MYBRCA-n990-dataset-awsbatch-dualMode-ND-v0-2-2-RERUN-FINAL-v5/833T/POST-IN-SILICO-VALIDATION-TSV-out/validated-agfusion-dirs/
833T	hla_tsv	s3://crmy-gb-main/neondisco/main-analyses/MSA/running/NeonDisco-outputs/MYBRCA-n990-dataset-awsbatch-dualMode-ND-v0-2-2-RERUN-FINAL-v5/Cohortwide-HLA-typing-OUT/Cohortwide_HLA_types.tsv
834T	agfusion_dir	s3://crmy-gb-main/neondisco/main-analyses/MSA/running/NeonDisco-outputs/MYBRCA-n990-dataset-awsbatch-dualMode-ND-v0-2-2-RERUN-FINAL-v5/834T/POST-IN-SILICO-VALIDATION-TSV-out/validated-agfusion-dirs/
834T	hla_tsv	s3://crmy-gb-main/neondisco/main-analyses/MSA/running/NeonDisco-outputs/MYBRCA-n990-dataset-awsbatch-dualMode-ND-v0-2-2-RERUN-FINAL-v5/Cohortwide-HLA-typing-OUT/Cohortwide_HLA_types.tsv
835T	agfusion_dir	s3://crmy-gb-main/neondisco/main-analyses/MSA/running/NeonDisco-outputs/MYBRCA-n990-dataset-awsbatch-dualMode-ND-v0-2-2-RERUN-FINAL-v5/835T/POST-IN-SILICO-VALIDATION-TSV-out/validated-agfusion-dirs/
835T	hla_tsv	s3://crmy-gb-main/neondisco/main-analyses/MSA/running/NeonDisco-outputs/MYBRCA-n990-dataset-awsbatch-dualMode-ND-v0-2-2-RERUN-FINAL-v5/Cohortwide-HLA-typing-OUT/Cohortwide_HLA_types.tsv
836T	agfusion_dir	s3://crmy-gb-main/neondisco/main-analyses/MSA/running/NeonDisco-outputs/MYBRCA-n990-dataset-awsbatch-dualMode-ND-v0-2-2-RERUN-FINAL-v5/836T/POST-IN-SILICO-VALIDATION-TSV-out/validated-agfusion-dirs/
836T	hla_tsv	s3://crmy-gb-main/neondisco/main-analyses/MSA/running/NeonDisco-outputs/MYBRCA-n990-dataset-awsbatch-dualMode-ND-v0-2-2-RERUN-FINAL-v5/Cohortwide-HLA-typing-OUT/Cohortwide_HLA_types.tsv
837T	agfusion_dir	s3://crmy-gb-main/neondisco/main-analyses/MSA/running/NeonDisco-outputs/MYBRCA-n990-dataset-awsbatch-dualMode-ND-v0-2-2-RERUN-FINAL-v5/837T/POST-IN-SILICO-VALIDATION-TSV-out/validated-agfusion-dirs/
837T	hla_tsv	s3://crmy-gb-main/neondisco/main-analyses/MSA/running/NeonDisco-outputs/MYBRCA-n990-dataset-awsbatch-dualMode-ND-v0-2-2-RERUN-FINAL-v5/Cohortwide-HLA-typing-OUT/Cohortwide_HLA_types.tsv
838T	agfusion_dir	s3://crmy-gb-main/neondisco/main-analyses/MSA/running/NeonDisco-outputs/MYBRCA-n990-dataset-awsbatch-dualMode-ND-v0-2-2-RERUN-FINAL-v5/838T/POST-IN-SILICO-VALIDATION-TSV-out/validated-agfusion-dirs/
838T	hla_tsv	s3://crmy-gb-main/neondisco/main-analyses/MSA/running/NeonDisco-outputs/MYBRCA-n990-dataset-awsbatch-dualMode-ND-v0-2-2-RERUN-FINAL-v5/Cohortwide-HLA-typing-OUT/Cohortwide_HLA_types.tsv
839T	agfusion_dir	s3://crmy-gb-main/neondisco/main-analyses/MSA/running/NeonDisco-outputs/MYBRCA-n990-dataset-awsbatch-dualMode-ND-v0-2-2-RERUN-FINAL-v5/839T/POST-IN-SILICO-VALIDATION-TSV-out/validated-agfusion-dirs/
839T	hla_tsv	s3://crmy-gb-main/neondisco/main-analyses/MSA/running/NeonDisco-outputs/MYBRCA-n990-dataset-awsbatch-dualMode-ND-v0-2-2-RERUN-FINAL-v5/Cohortwide-HLA-typing-OUT/Cohortwide_HLA_types.tsv
83T	agfusion_dir	s3://crmy-gb-main/neondisco/main-analyses/MSA/running/NeonDisco-outputs/MYBRCA-n990-dataset-awsbatch-dualMode-ND-v0-2-2-RERUN-FINAL-v5/83T/POST-IN-SILICO-VALIDATION-TSV-out/validated-agfusion-dirs/
83T	hla_tsv	s3://crmy-gb-main/neondisco/main-analyses/MSA/running/NeonDisco-outputs/MYBRCA-n990-dataset-awsbatch-dualMode-ND-v0-2-2-RERUN-FINAL-v5/Cohortwide-HLA-typing-OUT/Cohortwide_HLA_types.tsv
840T	agfusion_dir	s3://crmy-gb-main/neondisco/main-analyses/MSA/running/NeonDisco-outputs/MYBRCA-n990-dataset-awsbatch-dualMode-ND-v0-2-2-RERUN-FINAL-v5/840T/POST-IN-SILICO-VALIDATION-TSV-out/validated-agfusion-dirs/
840T	hla_tsv	s3://crmy-gb-main/neondisco/main-analyses/MSA/running/NeonDisco-outputs/MYBRCA-n990-dataset-awsbatch-dualMode-ND-v0-2-2-RERUN-FINAL-v5/Cohortwide-HLA-typing-OUT/Cohortwide_HLA_types.tsv
841T	agfusion_dir	s3://crmy-gb-main/neondisco/main-analyses/MSA/running/NeonDisco-outputs/MYBRCA-n990-dataset-awsbatch-dualMode-ND-v0-2-2-RERUN-FINAL-v5/841T/POST-IN-SILICO-VALIDATION-TSV-out/validated-agfusion-dirs/
841T	hla_tsv	s3://crmy-gb-main/neondisco/main-analyses/MSA/running/NeonDisco-outputs/MYBRCA-n990-dataset-awsbatch-dualMode-ND-v0-2-2-RERUN-FINAL-v5/Cohortwide-HLA-typing-OUT/Cohortwide_HLA_types.tsv
842T	agfusion_dir	s3://crmy-gb-main/neondisco/main-analyses/MSA/running/NeonDisco-outputs/MYBRCA-n990-dataset-awsbatch-dualMode-ND-v0-2-2-RERUN-FINAL-v5/842T/POST-IN-SILICO-VALIDATION-TSV-out/validated-agfusion-dirs/
842T	hla_tsv	s3://crmy-gb-main/neondisco/main-analyses/MSA/running/NeonDisco-outputs/MYBRCA-n990-dataset-awsbatch-dualMode-ND-v0-2-2-RERUN-FINAL-v5/Cohortwide-HLA-typing-OUT/Cohortwide_HLA_types.tsv
843T	agfusion_dir	s3://crmy-gb-main/neondisco/main-analyses/MSA/running/NeonDisco-outputs/MYBRCA-n990-dataset-awsbatch-dualMode-ND-v0-2-2-RERUN-FINAL-v5/843T/POST-IN-SILICO-VALIDATION-TSV-out/validated-agfusion-dirs/
843T	hla_tsv	s3://crmy-gb-main/neondisco/main-analyses/MSA/running/NeonDisco-outputs/MYBRCA-n990-dataset-awsbatch-dualMode-ND-v0-2-2-RERUN-FINAL-v5/Cohortwide-HLA-typing-OUT/Cohortwide_HLA_types.tsv
844T	agfusion_dir	s3://crmy-gb-main/neondisco/main-analyses/MSA/running/NeonDisco-outputs/MYBRCA-n990-dataset-awsbatch-dualMode-ND-v0-2-2-RERUN-FINAL-v5/844T/POST-IN-SILICO-VALIDATION-TSV-out/validated-agfusion-dirs/
844T	hla_tsv	s3://crmy-gb-main/neondisco/main-analyses/MSA/running/NeonDisco-outputs/MYBRCA-n990-dataset-awsbatch-dualMode-ND-v0-2-2-RERUN-FINAL-v5/Cohortwide-HLA-typing-OUT/Cohortwide_HLA_types.tsv
845T	agfusion_dir	s3://crmy-gb-main/neondisco/main-analyses/MSA/running/NeonDisco-outputs/MYBRCA-n990-dataset-awsbatch-dualMode-ND-v0-2-2-RERUN-FINAL-v5/845T/POST-IN-SILICO-VALIDATION-TSV-out/validated-agfusion-dirs/
845T	hla_tsv	s3://crmy-gb-main/neondisco/main-analyses/MSA/running/NeonDisco-outputs/MYBRCA-n990-dataset-awsbatch-dualMode-ND-v0-2-2-RERUN-FINAL-v5/Cohortwide-HLA-typing-OUT/Cohortwide_HLA_types.tsv
846T	agfusion_dir	s3://crmy-gb-main/neondisco/main-analyses/MSA/running/NeonDisco-outputs/MYBRCA-n990-dataset-awsbatch-dualMode-ND-v0-2-2-RERUN-FINAL-v5/846T/POST-IN-SILICO-VALIDATION-TSV-out/validated-agfusion-dirs/
846T	hla_tsv	s3://crmy-gb-main/neondisco/main-analyses/MSA/running/NeonDisco-outputs/MYBRCA-n990-dataset-awsbatch-dualMode-ND-v0-2-2-RERUN-FINAL-v5/Cohortwide-HLA-typing-OUT/Cohortwide_HLA_types.tsv
847T	agfusion_dir	s3://crmy-gb-main/neondisco/main-analyses/MSA/running/NeonDisco-outputs/MYBRCA-n990-dataset-awsbatch-dualMode-ND-v0-2-2-RERUN-FINAL-v5/847T/POST-IN-SILICO-VALIDATION-TSV-out/validated-agfusion-dirs/
847T	hla_tsv	s3://crmy-gb-main/neondisco/main-analyses/MSA/running/NeonDisco-outputs/MYBRCA-n990-dataset-awsbatch-dualMode-ND-v0-2-2-RERUN-FINAL-v5/Cohortwide-HLA-typing-OUT/Cohortwide_HLA_types.tsv
848T	agfusion_dir	s3://crmy-gb-main/neondisco/main-analyses/MSA/running/NeonDisco-outputs/MYBRCA-n990-dataset-awsbatch-dualMode-ND-v0-2-2-RERUN-FINAL-v5/848T/POST-IN-SILICO-VALIDATION-TSV-out/validated-agfusion-dirs/
848T	hla_tsv	s3://crmy-gb-main/neondisco/main-analyses/MSA/running/NeonDisco-outputs/MYBRCA-n990-dataset-awsbatch-dualMode-ND-v0-2-2-RERUN-FINAL-v5/Cohortwide-HLA-typing-OUT/Cohortwide_HLA_types.tsv
849T	agfusion_dir	s3://crmy-gb-main/neondisco/main-analyses/MSA/running/NeonDisco-outputs/MYBRCA-n990-dataset-awsbatch-dualMode-ND-v0-2-2-RERUN-FINAL-v5/849T/POST-IN-SILICO-VALIDATION-TSV-out/validated-agfusion-dirs/
849T	hla_tsv	s3://crmy-gb-main/neondisco/main-analyses/MSA/running/NeonDisco-outputs/MYBRCA-n990-dataset-awsbatch-dualMode-ND-v0-2-2-RERUN-FINAL-v5/Cohortwide-HLA-typing-OUT/Cohortwide_HLA_types.tsv
84T	agfusion_dir	s3://crmy-gb-main/neondisco/main-analyses/MSA/running/NeonDisco-outputs/MYBRCA-n990-dataset-awsbatch-dualMode-ND-v0-2-2-RERUN-FINAL-v5/84T/POST-IN-SILICO-VALIDATION-TSV-out/validated-agfusion-dirs/
84T	hla_tsv	s3://crmy-gb-main/neondisco/main-analyses/MSA/running/NeonDisco-outputs/MYBRCA-n990-dataset-awsbatch-dualMode-ND-v0-2-2-RERUN-FINAL-v5/Cohortwide-HLA-typing-OUT/Cohortwide_HLA_types.tsv
850T	agfusion_dir	s3://crmy-gb-main/neondisco/main-analyses/MSA/running/NeonDisco-outputs/MYBRCA-n990-dataset-awsbatch-dualMode-ND-v0-2-2-RERUN-FINAL-v5/850T/POST-IN-SILICO-VALIDATION-TSV-out/validated-agfusion-dirs/
850T	hla_tsv	s3://crmy-gb-main/neondisco/main-analyses/MSA/running/NeonDisco-outputs/MYBRCA-n990-dataset-awsbatch-dualMode-ND-v0-2-2-RERUN-FINAL-v5/Cohortwide-HLA-typing-OUT/Cohortwide_HLA_types.tsv
851T	agfusion_dir	s3://crmy-gb-main/neondisco/main-analyses/MSA/running/NeonDisco-outputs/MYBRCA-n990-dataset-awsbatch-dualMode-ND-v0-2-2-RERUN-FINAL-v5/851T/POST-IN-SILICO-VALIDATION-TSV-out/validated-agfusion-dirs/
851T	hla_tsv	s3://crmy-gb-main/neondisco/main-analyses/MSA/running/NeonDisco-outputs/MYBRCA-n990-dataset-awsbatch-dualMode-ND-v0-2-2-RERUN-FINAL-v5/Cohortwide-HLA-typing-OUT/Cohortwide_HLA_types.tsv
852T	agfusion_dir	s3://crmy-gb-main/neondisco/main-analyses/MSA/running/NeonDisco-outputs/MYBRCA-n990-dataset-awsbatch-dualMode-ND-v0-2-2-RERUN-FINAL-v5/852T/POST-IN-SILICO-VALIDATION-TSV-out/validated-agfusion-dirs/
852T	hla_tsv	s3://crmy-gb-main/neondisco/main-analyses/MSA/running/NeonDisco-outputs/MYBRCA-n990-dataset-awsbatch-dualMode-ND-v0-2-2-RERUN-FINAL-v5/Cohortwide-HLA-typing-OUT/Cohortwide_HLA_types.tsv
853T	agfusion_dir	s3://crmy-gb-main/neondisco/main-analyses/MSA/running/NeonDisco-outputs/MYBRCA-n990-dataset-awsbatch-dualMode-ND-v0-2-2-RERUN-FINAL-v5/853T/POST-IN-SILICO-VALIDATION-TSV-out/validated-agfusion-dirs/
853T	hla_tsv	s3://crmy-gb-main/neondisco/main-analyses/MSA/running/NeonDisco-outputs/MYBRCA-n990-dataset-awsbatch-dualMode-ND-v0-2-2-RERUN-FINAL-v5/Cohortwide-HLA-typing-OUT/Cohortwide_HLA_types.tsv
854T	agfusion_dir	s3://crmy-gb-main/neondisco/main-analyses/MSA/running/NeonDisco-outputs/MYBRCA-n990-dataset-awsbatch-dualMode-ND-v0-2-2-RERUN-FINAL-v5/854T/POST-IN-SILICO-VALIDATION-TSV-out/validated-agfusion-dirs/
854T	hla_tsv	s3://crmy-gb-main/neondisco/main-analyses/MSA/running/NeonDisco-outputs/MYBRCA-n990-dataset-awsbatch-dualMode-ND-v0-2-2-RERUN-FINAL-v5/Cohortwide-HLA-typing-OUT/Cohortwide_HLA_types.tsv
855T	agfusion_dir	s3://crmy-gb-main/neondisco/main-analyses/MSA/running/NeonDisco-outputs/MYBRCA-n990-dataset-awsbatch-dualMode-ND-v0-2-2-RERUN-FINAL-v5/855T/POST-IN-SILICO-VALIDATION-TSV-out/validated-agfusion-dirs/
855T	hla_tsv	s3://crmy-gb-main/neondisco/main-analyses/MSA/running/NeonDisco-outputs/MYBRCA-n990-dataset-awsbatch-dualMode-ND-v0-2-2-RERUN-FINAL-v5/Cohortwide-HLA-typing-OUT/Cohortwide_HLA_types.tsv
856T	agfusion_dir	s3://crmy-gb-main/neondisco/main-analyses/MSA/running/NeonDisco-outputs/MYBRCA-n990-dataset-awsbatch-dualMode-ND-v0-2-2-RERUN-FINAL-v5/856T/POST-IN-SILICO-VALIDATION-TSV-out/validated-agfusion-dirs/
856T	hla_tsv	s3://crmy-gb-main/neondisco/main-analyses/MSA/running/NeonDisco-outputs/MYBRCA-n990-dataset-awsbatch-dualMode-ND-v0-2-2-RERUN-FINAL-v5/Cohortwide-HLA-typing-OUT/Cohortwide_HLA_types.tsv
857T	agfusion_dir	s3://crmy-gb-main/neondisco/main-analyses/MSA/running/NeonDisco-outputs/MYBRCA-n990-dataset-awsbatch-dualMode-ND-v0-2-2-RERUN-FINAL-v5/857T/POST-IN-SILICO-VALIDATION-TSV-out/validated-agfusion-dirs/
857T	hla_tsv	s3://crmy-gb-main/neondisco/main-analyses/MSA/running/NeonDisco-outputs/MYBRCA-n990-dataset-awsbatch-dualMode-ND-v0-2-2-RERUN-FINAL-v5/Cohortwide-HLA-typing-OUT/Cohortwide_HLA_types.tsv
858T	agfusion_dir	s3://crmy-gb-main/neondisco/main-analyses/MSA/running/NeonDisco-outputs/MYBRCA-n990-dataset-awsbatch-dualMode-ND-v0-2-2-RERUN-FINAL-v5/858T/POST-IN-SILICO-VALIDATION-TSV-out/validated-agfusion-dirs/
858T	hla_tsv	s3://crmy-gb-main/neondisco/main-analyses/MSA/running/NeonDisco-outputs/MYBRCA-n990-dataset-awsbatch-dualMode-ND-v0-2-2-RERUN-FINAL-v5/Cohortwide-HLA-typing-OUT/Cohortwide_HLA_types.tsv
859T	agfusion_dir	s3://crmy-gb-main/neondisco/main-analyses/MSA/running/NeonDisco-outputs/MYBRCA-n990-dataset-awsbatch-dualMode-ND-v0-2-2-RERUN-FINAL-v5/859T/POST-IN-SILICO-VALIDATION-TSV-out/validated-agfusion-dirs/
859T	hla_tsv	s3://crmy-gb-main/neondisco/main-analyses/MSA/running/NeonDisco-outputs/MYBRCA-n990-dataset-awsbatch-dualMode-ND-v0-2-2-RERUN-FINAL-v5/Cohortwide-HLA-typing-OUT/Cohortwide_HLA_types.tsv
85T	agfusion_dir	s3://crmy-gb-main/neondisco/main-analyses/MSA/running/NeonDisco-outputs/MYBRCA-n990-dataset-awsbatch-dualMode-ND-v0-2-2-RERUN-FINAL-v5/85T/POST-IN-SILICO-VALIDATION-TSV-out/validated-agfusion-dirs/
85T	hla_tsv	s3://crmy-gb-main/neondisco/main-analyses/MSA/running/NeonDisco-outputs/MYBRCA-n990-dataset-awsbatch-dualMode-ND-v0-2-2-RERUN-FINAL-v5/Cohortwide-HLA-typing-OUT/Cohortwide_HLA_types.tsv
860T	agfusion_dir	s3://crmy-gb-main/neondisco/main-analyses/MSA/running/NeonDisco-outputs/MYBRCA-n990-dataset-awsbatch-dualMode-ND-v0-2-2-RERUN-FINAL-v5/860T/POST-IN-SILICO-VALIDATION-TSV-out/validated-agfusion-dirs/
860T	hla_tsv	s3://crmy-gb-main/neondisco/main-analyses/MSA/running/NeonDisco-outputs/MYBRCA-n990-dataset-awsbatch-dualMode-ND-v0-2-2-RERUN-FINAL-v5/Cohortwide-HLA-typing-OUT/Cohortwide_HLA_types.tsv
861T	agfusion_dir	s3://crmy-gb-main/neondisco/main-analyses/MSA/running/NeonDisco-outputs/MYBRCA-n990-dataset-awsbatch-dualMode-ND-v0-2-2-RERUN-FINAL-v5/861T/POST-IN-SILICO-VALIDATION-TSV-out/validated-agfusion-dirs/
861T	hla_tsv	s3://crmy-gb-main/neondisco/main-analyses/MSA/running/NeonDisco-outputs/MYBRCA-n990-dataset-awsbatch-dualMode-ND-v0-2-2-RERUN-FINAL-v5/Cohortwide-HLA-typing-OUT/Cohortwide_HLA_types.tsv
862T	agfusion_dir	s3://crmy-gb-main/neondisco/main-analyses/MSA/running/NeonDisco-outputs/MYBRCA-n990-dataset-awsbatch-dualMode-ND-v0-2-2-RERUN-FINAL-v5/862T/POST-IN-SILICO-VALIDATION-TSV-out/validated-agfusion-dirs/
862T	hla_tsv	s3://crmy-gb-main/neondisco/main-analyses/MSA/running/NeonDisco-outputs/MYBRCA-n990-dataset-awsbatch-dualMode-ND-v0-2-2-RERUN-FINAL-v5/Cohortwide-HLA-typing-OUT/Cohortwide_HLA_types.tsv
863T	agfusion_dir	s3://crmy-gb-main/neondisco/main-analyses/MSA/running/NeonDisco-outputs/MYBRCA-n990-dataset-awsbatch-dualMode-ND-v0-2-2-RERUN-FINAL-v5/863T/POST-IN-SILICO-VALIDATION-TSV-out/validated-agfusion-dirs/
863T	hla_tsv	s3://crmy-gb-main/neondisco/main-analyses/MSA/running/NeonDisco-outputs/MYBRCA-n990-dataset-awsbatch-dualMode-ND-v0-2-2-RERUN-FINAL-v5/Cohortwide-HLA-typing-OUT/Cohortwide_HLA_types.tsv
864T	agfusion_dir	s3://crmy-gb-main/neondisco/main-analyses/MSA/running/NeonDisco-outputs/MYBRCA-n990-dataset-awsbatch-dualMode-ND-v0-2-2-RERUN-FINAL-v5/864T/POST-IN-SILICO-VALIDATION-TSV-out/validated-agfusion-dirs/
864T	hla_tsv	s3://crmy-gb-main/neondisco/main-analyses/MSA/running/NeonDisco-outputs/MYBRCA-n990-dataset-awsbatch-dualMode-ND-v0-2-2-RERUN-FINAL-v5/Cohortwide-HLA-typing-OUT/Cohortwide_HLA_types.tsv
865T	agfusion_dir	s3://crmy-gb-main/neondisco/main-analyses/MSA/running/NeonDisco-outputs/MYBRCA-n990-dataset-awsbatch-dualMode-ND-v0-2-2-RERUN-FINAL-v5/865T/POST-IN-SILICO-VALIDATION-TSV-out/validated-agfusion-dirs/
865T	hla_tsv	s3://crmy-gb-main/neondisco/main-analyses/MSA/running/NeonDisco-outputs/MYBRCA-n990-dataset-awsbatch-dualMode-ND-v0-2-2-RERUN-FINAL-v5/Cohortwide-HLA-typing-OUT/Cohortwide_HLA_types.tsv
866T	agfusion_dir	s3://crmy-gb-main/neondisco/main-analyses/MSA/running/NeonDisco-outputs/MYBRCA-n990-dataset-awsbatch-dualMode-ND-v0-2-2-RERUN-FINAL-v5/866T/POST-IN-SILICO-VALIDATION-TSV-out/validated-agfusion-dirs/
866T	hla_tsv	s3://crmy-gb-main/neondisco/main-analyses/MSA/running/NeonDisco-outputs/MYBRCA-n990-dataset-awsbatch-dualMode-ND-v0-2-2-RERUN-FINAL-v5/Cohortwide-HLA-typing-OUT/Cohortwide_HLA_types.tsv
867T	agfusion_dir	s3://crmy-gb-main/neondisco/main-analyses/MSA/running/NeonDisco-outputs/MYBRCA-n990-dataset-awsbatch-dualMode-ND-v0-2-2-RERUN-FINAL-v5/867T/POST-IN-SILICO-VALIDATION-TSV-out/validated-agfusion-dirs/
867T	hla_tsv	s3://crmy-gb-main/neondisco/main-analyses/MSA/running/NeonDisco-outputs/MYBRCA-n990-dataset-awsbatch-dualMode-ND-v0-2-2-RERUN-FINAL-v5/Cohortwide-HLA-typing-OUT/Cohortwide_HLA_types.tsv
868T	agfusion_dir	s3://crmy-gb-main/neondisco/main-analyses/MSA/running/NeonDisco-outputs/MYBRCA-n990-dataset-awsbatch-dualMode-ND-v0-2-2-RERUN-FINAL-v5/868T/POST-IN-SILICO-VALIDATION-TSV-out/validated-agfusion-dirs/
868T	hla_tsv	s3://crmy-gb-main/neondisco/main-analyses/MSA/running/NeonDisco-outputs/MYBRCA-n990-dataset-awsbatch-dualMode-ND-v0-2-2-RERUN-FINAL-v5/Cohortwide-HLA-typing-OUT/Cohortwide_HLA_types.tsv
869T	agfusion_dir	s3://crmy-gb-main/neondisco/main-analyses/MSA/running/NeonDisco-outputs/MYBRCA-n990-dataset-awsbatch-dualMode-ND-v0-2-2-RERUN-FINAL-v5/869T/POST-IN-SILICO-VALIDATION-TSV-out/validated-agfusion-dirs/
869T	hla_tsv	s3://crmy-gb-main/neondisco/main-analyses/MSA/running/NeonDisco-outputs/MYBRCA-n990-dataset-awsbatch-dualMode-ND-v0-2-2-RERUN-FINAL-v5/Cohortwide-HLA-typing-OUT/Cohortwide_HLA_types.tsv
86T	agfusion_dir	s3://crmy-gb-main/neondisco/main-analyses/MSA/running/NeonDisco-outputs/MYBRCA-n990-dataset-awsbatch-dualMode-ND-v0-2-2-RERUN-FINAL-v5/86T/POST-IN-SILICO-VALIDATION-TSV-out/validated-agfusion-dirs/
86T	hla_tsv	s3://crmy-gb-main/neondisco/main-analyses/MSA/running/NeonDisco-outputs/MYBRCA-n990-dataset-awsbatch-dualMode-ND-v0-2-2-RERUN-FINAL-v5/Cohortwide-HLA-typing-OUT/Cohortwide_HLA_types.tsv
870T	agfusion_dir	s3://crmy-gb-main/neondisco/main-analyses/MSA/running/NeonDisco-outputs/MYBRCA-n990-dataset-awsbatch-dualMode-ND-v0-2-2-RERUN-FINAL-v5/870T/POST-IN-SILICO-VALIDATION-TSV-out/validated-agfusion-dirs/
870T	hla_tsv	s3://crmy-gb-main/neondisco/main-analyses/MSA/running/NeonDisco-outputs/MYBRCA-n990-dataset-awsbatch-dualMode-ND-v0-2-2-RERUN-FINAL-v5/Cohortwide-HLA-typing-OUT/Cohortwide_HLA_types.tsv
871T	agfusion_dir	s3://crmy-gb-main/neondisco/main-analyses/MSA/running/NeonDisco-outputs/MYBRCA-n990-dataset-awsbatch-dualMode-ND-v0-2-2-RERUN-FINAL-v5/871T/POST-IN-SILICO-VALIDATION-TSV-out/validated-agfusion-dirs/
871T	hla_tsv	s3://crmy-gb-main/neondisco/main-analyses/MSA/running/NeonDisco-outputs/MYBRCA-n990-dataset-awsbatch-dualMode-ND-v0-2-2-RERUN-FINAL-v5/Cohortwide-HLA-typing-OUT/Cohortwide_HLA_types.tsv
872T	agfusion_dir	s3://crmy-gb-main/neondisco/main-analyses/MSA/running/NeonDisco-outputs/MYBRCA-n990-dataset-awsbatch-dualMode-ND-v0-2-2-RERUN-FINAL-v5/872T/POST-IN-SILICO-VALIDATION-TSV-out/validated-agfusion-dirs/
872T	hla_tsv	s3://crmy-gb-main/neondisco/main-analyses/MSA/running/NeonDisco-outputs/MYBRCA-n990-dataset-awsbatch-dualMode-ND-v0-2-2-RERUN-FINAL-v5/Cohortwide-HLA-typing-OUT/Cohortwide_HLA_types.tsv
873T	agfusion_dir	s3://crmy-gb-main/neondisco/main-analyses/MSA/running/NeonDisco-outputs/MYBRCA-n990-dataset-awsbatch-dualMode-ND-v0-2-2-RERUN-FINAL-v5/873T/POST-IN-SILICO-VALIDATION-TSV-out/validated-agfusion-dirs/
873T	hla_tsv	s3://crmy-gb-main/neondisco/main-analyses/MSA/running/NeonDisco-outputs/MYBRCA-n990-dataset-awsbatch-dualMode-ND-v0-2-2-RERUN-FINAL-v5/Cohortwide-HLA-typing-OUT/Cohortwide_HLA_types.tsv
874T	agfusion_dir	s3://crmy-gb-main/neondisco/main-analyses/MSA/running/NeonDisco-outputs/MYBRCA-n990-dataset-awsbatch-dualMode-ND-v0-2-2-RERUN-FINAL-v5/874T/POST-IN-SILICO-VALIDATION-TSV-out/validated-agfusion-dirs/
874T	hla_tsv	s3://crmy-gb-main/neondisco/main-analyses/MSA/running/NeonDisco-outputs/MYBRCA-n990-dataset-awsbatch-dualMode-ND-v0-2-2-RERUN-FINAL-v5/Cohortwide-HLA-typing-OUT/Cohortwide_HLA_types.tsv
875T	agfusion_dir	s3://crmy-gb-main/neondisco/main-analyses/MSA/running/NeonDisco-outputs/MYBRCA-n990-dataset-awsbatch-dualMode-ND-v0-2-2-RERUN-FINAL-v5/875T/POST-IN-SILICO-VALIDATION-TSV-out/validated-agfusion-dirs/
875T	hla_tsv	s3://crmy-gb-main/neondisco/main-analyses/MSA/running/NeonDisco-outputs/MYBRCA-n990-dataset-awsbatch-dualMode-ND-v0-2-2-RERUN-FINAL-v5/Cohortwide-HLA-typing-OUT/Cohortwide_HLA_types.tsv
876T	agfusion_dir	s3://crmy-gb-main/neondisco/main-analyses/MSA/running/NeonDisco-outputs/MYBRCA-n990-dataset-awsbatch-dualMode-ND-v0-2-2-RERUN-FINAL-v5/876T/POST-IN-SILICO-VALIDATION-TSV-out/validated-agfusion-dirs/
876T	hla_tsv	s3://crmy-gb-main/neondisco/main-analyses/MSA/running/NeonDisco-outputs/MYBRCA-n990-dataset-awsbatch-dualMode-ND-v0-2-2-RERUN-FINAL-v5/Cohortwide-HLA-typing-OUT/Cohortwide_HLA_types.tsv
877T	agfusion_dir	s3://crmy-gb-main/neondisco/main-analyses/MSA/running/NeonDisco-outputs/MYBRCA-n990-dataset-awsbatch-dualMode-ND-v0-2-2-RERUN-FINAL-v5/877T/POST-IN-SILICO-VALIDATION-TSV-out/validated-agfusion-dirs/
877T	hla_tsv	s3://crmy-gb-main/neondisco/main-analyses/MSA/running/NeonDisco-outputs/MYBRCA-n990-dataset-awsbatch-dualMode-ND-v0-2-2-RERUN-FINAL-v5/Cohortwide-HLA-typing-OUT/Cohortwide_HLA_types.tsv
878T	agfusion_dir	s3://crmy-gb-main/neondisco/main-analyses/MSA/running/NeonDisco-outputs/MYBRCA-n990-dataset-awsbatch-dualMode-ND-v0-2-2-RERUN-FINAL-v5/878T/POST-IN-SILICO-VALIDATION-TSV-out/validated-agfusion-dirs/
878T	hla_tsv	s3://crmy-gb-main/neondisco/main-analyses/MSA/running/NeonDisco-outputs/MYBRCA-n990-dataset-awsbatch-dualMode-ND-v0-2-2-RERUN-FINAL-v5/Cohortwide-HLA-typing-OUT/Cohortwide_HLA_types.tsv
879T	agfusion_dir	s3://crmy-gb-main/neondisco/main-analyses/MSA/running/NeonDisco-outputs/MYBRCA-n990-dataset-awsbatch-dualMode-ND-v0-2-2-RERUN-FINAL-v5/879T/POST-IN-SILICO-VALIDATION-TSV-out/validated-agfusion-dirs/
879T	hla_tsv	s3://crmy-gb-main/neondisco/main-analyses/MSA/running/NeonDisco-outputs/MYBRCA-n990-dataset-awsbatch-dualMode-ND-v0-2-2-RERUN-FINAL-v5/Cohortwide-HLA-typing-OUT/Cohortwide_HLA_types.tsv
87T	agfusion_dir	s3://crmy-gb-main/neondisco/main-analyses/MSA/running/NeonDisco-outputs/MYBRCA-n990-dataset-awsbatch-dualMode-ND-v0-2-2-RERUN-FINAL-v5/87T/POST-IN-SILICO-VALIDATION-TSV-out/validated-agfusion-dirs/
87T	hla_tsv	s3://crmy-gb-main/neondisco/main-analyses/MSA/running/NeonDisco-outputs/MYBRCA-n990-dataset-awsbatch-dualMode-ND-v0-2-2-RERUN-FINAL-v5/Cohortwide-HLA-typing-OUT/Cohortwide_HLA_types.tsv
880T	agfusion_dir	s3://crmy-gb-main/neondisco/main-analyses/MSA/running/NeonDisco-outputs/MYBRCA-n990-dataset-awsbatch-dualMode-ND-v0-2-2-RERUN-FINAL-v5/880T/POST-IN-SILICO-VALIDATION-TSV-out/validated-agfusion-dirs/
880T	hla_tsv	s3://crmy-gb-main/neondisco/main-analyses/MSA/running/NeonDisco-outputs/MYBRCA-n990-dataset-awsbatch-dualMode-ND-v0-2-2-RERUN-FINAL-v5/Cohortwide-HLA-typing-OUT/Cohortwide_HLA_types.tsv
881T	agfusion_dir	s3://crmy-gb-main/neondisco/main-analyses/MSA/running/NeonDisco-outputs/MYBRCA-n990-dataset-awsbatch-dualMode-ND-v0-2-2-RERUN-FINAL-v5/881T/POST-IN-SILICO-VALIDATION-TSV-out/validated-agfusion-dirs/
881T	hla_tsv	s3://crmy-gb-main/neondisco/main-analyses/MSA/running/NeonDisco-outputs/MYBRCA-n990-dataset-awsbatch-dualMode-ND-v0-2-2-RERUN-FINAL-v5/Cohortwide-HLA-typing-OUT/Cohortwide_HLA_types.tsv
882T	agfusion_dir	s3://crmy-gb-main/neondisco/main-analyses/MSA/running/NeonDisco-outputs/MYBRCA-n990-dataset-awsbatch-dualMode-ND-v0-2-2-RERUN-FINAL-v5/882T/POST-IN-SILICO-VALIDATION-TSV-out/validated-agfusion-dirs/
882T	hla_tsv	s3://crmy-gb-main/neondisco/main-analyses/MSA/running/NeonDisco-outputs/MYBRCA-n990-dataset-awsbatch-dualMode-ND-v0-2-2-RERUN-FINAL-v5/Cohortwide-HLA-typing-OUT/Cohortwide_HLA_types.tsv
883T	agfusion_dir	s3://crmy-gb-main/neondisco/main-analyses/MSA/running/NeonDisco-outputs/MYBRCA-n990-dataset-awsbatch-dualMode-ND-v0-2-2-RERUN-FINAL-v5/883T/POST-IN-SILICO-VALIDATION-TSV-out/validated-agfusion-dirs/
883T	hla_tsv	s3://crmy-gb-main/neondisco/main-analyses/MSA/running/NeonDisco-outputs/MYBRCA-n990-dataset-awsbatch-dualMode-ND-v0-2-2-RERUN-FINAL-v5/Cohortwide-HLA-typing-OUT/Cohortwide_HLA_types.tsv
884T	agfusion_dir	s3://crmy-gb-main/neondisco/main-analyses/MSA/running/NeonDisco-outputs/MYBRCA-n990-dataset-awsbatch-dualMode-ND-v0-2-2-RERUN-FINAL-v5/884T/POST-IN-SILICO-VALIDATION-TSV-out/validated-agfusion-dirs/
884T	hla_tsv	s3://crmy-gb-main/neondisco/main-analyses/MSA/running/NeonDisco-outputs/MYBRCA-n990-dataset-awsbatch-dualMode-ND-v0-2-2-RERUN-FINAL-v5/Cohortwide-HLA-typing-OUT/Cohortwide_HLA_types.tsv
885T	agfusion_dir	s3://crmy-gb-main/neondisco/main-analyses/MSA/running/NeonDisco-outputs/MYBRCA-n990-dataset-awsbatch-dualMode-ND-v0-2-2-RERUN-FINAL-v5/885T/POST-IN-SILICO-VALIDATION-TSV-out/validated-agfusion-dirs/
885T	hla_tsv	s3://crmy-gb-main/neondisco/main-analyses/MSA/running/NeonDisco-outputs/MYBRCA-n990-dataset-awsbatch-dualMode-ND-v0-2-2-RERUN-FINAL-v5/Cohortwide-HLA-typing-OUT/Cohortwide_HLA_types.tsv
886T	agfusion_dir	s3://crmy-gb-main/neondisco/main-analyses/MSA/running/NeonDisco-outputs/MYBRCA-n990-dataset-awsbatch-dualMode-ND-v0-2-2-RERUN-FINAL-v5/886T/POST-IN-SILICO-VALIDATION-TSV-out/validated-agfusion-dirs/
886T	hla_tsv	s3://crmy-gb-main/neondisco/main-analyses/MSA/running/NeonDisco-outputs/MYBRCA-n990-dataset-awsbatch-dualMode-ND-v0-2-2-RERUN-FINAL-v5/Cohortwide-HLA-typing-OUT/Cohortwide_HLA_types.tsv
887T	agfusion_dir	s3://crmy-gb-main/neondisco/main-analyses/MSA/running/NeonDisco-outputs/MYBRCA-n990-dataset-awsbatch-dualMode-ND-v0-2-2-RERUN-FINAL-v5/887T/POST-IN-SILICO-VALIDATION-TSV-out/validated-agfusion-dirs/
887T	hla_tsv	s3://crmy-gb-main/neondisco/main-analyses/MSA/running/NeonDisco-outputs/MYBRCA-n990-dataset-awsbatch-dualMode-ND-v0-2-2-RERUN-FINAL-v5/Cohortwide-HLA-typing-OUT/Cohortwide_HLA_types.tsv
888T	agfusion_dir	s3://crmy-gb-main/neondisco/main-analyses/MSA/running/NeonDisco-outputs/MYBRCA-n990-dataset-awsbatch-dualMode-ND-v0-2-2-RERUN-FINAL-v5/888T/POST-IN-SILICO-VALIDATION-TSV-out/validated-agfusion-dirs/
888T	hla_tsv	s3://crmy-gb-main/neondisco/main-analyses/MSA/running/NeonDisco-outputs/MYBRCA-n990-dataset-awsbatch-dualMode-ND-v0-2-2-RERUN-FINAL-v5/Cohortwide-HLA-typing-OUT/Cohortwide_HLA_types.tsv
889T	agfusion_dir	s3://crmy-gb-main/neondisco/main-analyses/MSA/running/NeonDisco-outputs/MYBRCA-n990-dataset-awsbatch-dualMode-ND-v0-2-2-RERUN-FINAL-v5/889T/POST-IN-SILICO-VALIDATION-TSV-out/validated-agfusion-dirs/
889T	hla_tsv	s3://crmy-gb-main/neondisco/main-analyses/MSA/running/NeonDisco-outputs/MYBRCA-n990-dataset-awsbatch-dualMode-ND-v0-2-2-RERUN-FINAL-v5/Cohortwide-HLA-typing-OUT/Cohortwide_HLA_types.tsv
88T	agfusion_dir	s3://crmy-gb-main/neondisco/main-analyses/MSA/running/NeonDisco-outputs/MYBRCA-n990-dataset-awsbatch-dualMode-ND-v0-2-2-RERUN-FINAL-v5/88T/POST-IN-SILICO-VALIDATION-TSV-out/validated-agfusion-dirs/
88T	hla_tsv	s3://crmy-gb-main/neondisco/main-analyses/MSA/running/NeonDisco-outputs/MYBRCA-n990-dataset-awsbatch-dualMode-ND-v0-2-2-RERUN-FINAL-v5/Cohortwide-HLA-typing-OUT/Cohortwide_HLA_types.tsv
890T	agfusion_dir	s3://crmy-gb-main/neondisco/main-analyses/MSA/running/NeonDisco-outputs/MYBRCA-n990-dataset-awsbatch-dualMode-ND-v0-2-2-RERUN-FINAL-v5/890T/POST-IN-SILICO-VALIDATION-TSV-out/validated-agfusion-dirs/
890T	hla_tsv	s3://crmy-gb-main/neondisco/main-analyses/MSA/running/NeonDisco-outputs/MYBRCA-n990-dataset-awsbatch-dualMode-ND-v0-2-2-RERUN-FINAL-v5/Cohortwide-HLA-typing-OUT/Cohortwide_HLA_types.tsv
892T	agfusion_dir	s3://crmy-gb-main/neondisco/main-analyses/MSA/running/NeonDisco-outputs/MYBRCA-n990-dataset-awsbatch-dualMode-ND-v0-2-2-RERUN-FINAL-v5/892T/POST-IN-SILICO-VALIDATION-TSV-out/validated-agfusion-dirs/
892T	hla_tsv	s3://crmy-gb-main/neondisco/main-analyses/MSA/running/NeonDisco-outputs/MYBRCA-n990-dataset-awsbatch-dualMode-ND-v0-2-2-RERUN-FINAL-v5/Cohortwide-HLA-typing-OUT/Cohortwide_HLA_types.tsv
893T	agfusion_dir	s3://crmy-gb-main/neondisco/main-analyses/MSA/running/NeonDisco-outputs/MYBRCA-n990-dataset-awsbatch-dualMode-ND-v0-2-2-RERUN-FINAL-v5/893T/POST-IN-SILICO-VALIDATION-TSV-out/validated-agfusion-dirs/
893T	hla_tsv	s3://crmy-gb-main/neondisco/main-analyses/MSA/running/NeonDisco-outputs/MYBRCA-n990-dataset-awsbatch-dualMode-ND-v0-2-2-RERUN-FINAL-v5/Cohortwide-HLA-typing-OUT/Cohortwide_HLA_types.tsv
894T	agfusion_dir	s3://crmy-gb-main/neondisco/main-analyses/MSA/running/NeonDisco-outputs/MYBRCA-n990-dataset-awsbatch-dualMode-ND-v0-2-2-RERUN-FINAL-v5/894T/POST-IN-SILICO-VALIDATION-TSV-out/validated-agfusion-dirs/
894T	hla_tsv	s3://crmy-gb-main/neondisco/main-analyses/MSA/running/NeonDisco-outputs/MYBRCA-n990-dataset-awsbatch-dualMode-ND-v0-2-2-RERUN-FINAL-v5/Cohortwide-HLA-typing-OUT/Cohortwide_HLA_types.tsv
895T	agfusion_dir	s3://crmy-gb-main/neondisco/main-analyses/MSA/running/NeonDisco-outputs/MYBRCA-n990-dataset-awsbatch-dualMode-ND-v0-2-2-RERUN-FINAL-v5/895T/POST-IN-SILICO-VALIDATION-TSV-out/validated-agfusion-dirs/
895T	hla_tsv	s3://crmy-gb-main/neondisco/main-analyses/MSA/running/NeonDisco-outputs/MYBRCA-n990-dataset-awsbatch-dualMode-ND-v0-2-2-RERUN-FINAL-v5/Cohortwide-HLA-typing-OUT/Cohortwide_HLA_types.tsv
896T	agfusion_dir	s3://crmy-gb-main/neondisco/main-analyses/MSA/running/NeonDisco-outputs/MYBRCA-n990-dataset-awsbatch-dualMode-ND-v0-2-2-RERUN-FINAL-v5/896T/POST-IN-SILICO-VALIDATION-TSV-out/validated-agfusion-dirs/
896T	hla_tsv	s3://crmy-gb-main/neondisco/main-analyses/MSA/running/NeonDisco-outputs/MYBRCA-n990-dataset-awsbatch-dualMode-ND-v0-2-2-RERUN-FINAL-v5/Cohortwide-HLA-typing-OUT/Cohortwide_HLA_types.tsv
897T	agfusion_dir	s3://crmy-gb-main/neondisco/main-analyses/MSA/running/NeonDisco-outputs/MYBRCA-n990-dataset-awsbatch-dualMode-ND-v0-2-2-RERUN-FINAL-v5/897T/POST-IN-SILICO-VALIDATION-TSV-out/validated-agfusion-dirs/
897T	hla_tsv	s3://crmy-gb-main/neondisco/main-analyses/MSA/running/NeonDisco-outputs/MYBRCA-n990-dataset-awsbatch-dualMode-ND-v0-2-2-RERUN-FINAL-v5/Cohortwide-HLA-typing-OUT/Cohortwide_HLA_types.tsv
898T	agfusion_dir	s3://crmy-gb-main/neondisco/main-analyses/MSA/running/NeonDisco-outputs/MYBRCA-n990-dataset-awsbatch-dualMode-ND-v0-2-2-RERUN-FINAL-v5/898T/POST-IN-SILICO-VALIDATION-TSV-out/validated-agfusion-dirs/
898T	hla_tsv	s3://crmy-gb-main/neondisco/main-analyses/MSA/running/NeonDisco-outputs/MYBRCA-n990-dataset-awsbatch-dualMode-ND-v0-2-2-RERUN-FINAL-v5/Cohortwide-HLA-typing-OUT/Cohortwide_HLA_types.tsv
899T	agfusion_dir	s3://crmy-gb-main/neondisco/main-analyses/MSA/running/NeonDisco-outputs/MYBRCA-n990-dataset-awsbatch-dualMode-ND-v0-2-2-RERUN-FINAL-v5/899T/POST-IN-SILICO-VALIDATION-TSV-out/validated-agfusion-dirs/
899T	hla_tsv	s3://crmy-gb-main/neondisco/main-analyses/MSA/running/NeonDisco-outputs/MYBRCA-n990-dataset-awsbatch-dualMode-ND-v0-2-2-RERUN-FINAL-v5/Cohortwide-HLA-typing-OUT/Cohortwide_HLA_types.tsv
89T	agfusion_dir	s3://crmy-gb-main/neondisco/main-analyses/MSA/running/NeonDisco-outputs/MYBRCA-n990-dataset-awsbatch-dualMode-ND-v0-2-2-RERUN-FINAL-v5/89T/POST-IN-SILICO-VALIDATION-TSV-out/validated-agfusion-dirs/
89T	hla_tsv	s3://crmy-gb-main/neondisco/main-analyses/MSA/running/NeonDisco-outputs/MYBRCA-n990-dataset-awsbatch-dualMode-ND-v0-2-2-RERUN-FINAL-v5/Cohortwide-HLA-typing-OUT/Cohortwide_HLA_types.tsv
8T	agfusion_dir	s3://crmy-gb-main/neondisco/main-analyses/MSA/running/NeonDisco-outputs/MYBRCA-n990-dataset-awsbatch-dualMode-ND-v0-2-2-RERUN-FINAL-v5/8T/POST-IN-SILICO-VALIDATION-TSV-out/validated-agfusion-dirs/
8T	hla_tsv	s3://crmy-gb-main/neondisco/main-analyses/MSA/running/NeonDisco-outputs/MYBRCA-n990-dataset-awsbatch-dualMode-ND-v0-2-2-RERUN-FINAL-v5/Cohortwide-HLA-typing-OUT/Cohortwide_HLA_types.tsv
900T	agfusion_dir	s3://crmy-gb-main/neondisco/main-analyses/MSA/running/NeonDisco-outputs/MYBRCA-n990-dataset-awsbatch-dualMode-ND-v0-2-2-RERUN-FINAL-v5/900T/POST-IN-SILICO-VALIDATION-TSV-out/validated-agfusion-dirs/
900T	hla_tsv	s3://crmy-gb-main/neondisco/main-analyses/MSA/running/NeonDisco-outputs/MYBRCA-n990-dataset-awsbatch-dualMode-ND-v0-2-2-RERUN-FINAL-v5/Cohortwide-HLA-typing-OUT/Cohortwide_HLA_types.tsv
901T	agfusion_dir	s3://crmy-gb-main/neondisco/main-analyses/MSA/running/NeonDisco-outputs/MYBRCA-n990-dataset-awsbatch-dualMode-ND-v0-2-2-RERUN-FINAL-v5/901T/POST-IN-SILICO-VALIDATION-TSV-out/validated-agfusion-dirs/
901T	hla_tsv	s3://crmy-gb-main/neondisco/main-analyses/MSA/running/NeonDisco-outputs/MYBRCA-n990-dataset-awsbatch-dualMode-ND-v0-2-2-RERUN-FINAL-v5/Cohortwide-HLA-typing-OUT/Cohortwide_HLA_types.tsv
902T	agfusion_dir	s3://crmy-gb-main/neondisco/main-analyses/MSA/running/NeonDisco-outputs/MYBRCA-n990-dataset-awsbatch-dualMode-ND-v0-2-2-RERUN-FINAL-v5/902T/POST-IN-SILICO-VALIDATION-TSV-out/validated-agfusion-dirs/
902T	hla_tsv	s3://crmy-gb-main/neondisco/main-analyses/MSA/running/NeonDisco-outputs/MYBRCA-n990-dataset-awsbatch-dualMode-ND-v0-2-2-RERUN-FINAL-v5/Cohortwide-HLA-typing-OUT/Cohortwide_HLA_types.tsv
903T	agfusion_dir	s3://crmy-gb-main/neondisco/main-analyses/MSA/running/NeonDisco-outputs/MYBRCA-n990-dataset-awsbatch-dualMode-ND-v0-2-2-RERUN-FINAL-v5/903T/POST-IN-SILICO-VALIDATION-TSV-out/validated-agfusion-dirs/
903T	hla_tsv	s3://crmy-gb-main/neondisco/main-analyses/MSA/running/NeonDisco-outputs/MYBRCA-n990-dataset-awsbatch-dualMode-ND-v0-2-2-RERUN-FINAL-v5/Cohortwide-HLA-typing-OUT/Cohortwide_HLA_types.tsv
904T	agfusion_dir	s3://crmy-gb-main/neondisco/main-analyses/MSA/running/NeonDisco-outputs/MYBRCA-n990-dataset-awsbatch-dualMode-ND-v0-2-2-RERUN-FINAL-v5/904T/POST-IN-SILICO-VALIDATION-TSV-out/validated-agfusion-dirs/
904T	hla_tsv	s3://crmy-gb-main/neondisco/main-analyses/MSA/running/NeonDisco-outputs/MYBRCA-n990-dataset-awsbatch-dualMode-ND-v0-2-2-RERUN-FINAL-v5/Cohortwide-HLA-typing-OUT/Cohortwide_HLA_types.tsv
905T	agfusion_dir	s3://crmy-gb-main/neondisco/main-analyses/MSA/running/NeonDisco-outputs/MYBRCA-n990-dataset-awsbatch-dualMode-ND-v0-2-2-RERUN-FINAL-v5/905T/POST-IN-SILICO-VALIDATION-TSV-out/validated-agfusion-dirs/
905T	hla_tsv	s3://crmy-gb-main/neondisco/main-analyses/MSA/running/NeonDisco-outputs/MYBRCA-n990-dataset-awsbatch-dualMode-ND-v0-2-2-RERUN-FINAL-v5/Cohortwide-HLA-typing-OUT/Cohortwide_HLA_types.tsv
906T	agfusion_dir	s3://crmy-gb-main/neondisco/main-analyses/MSA/running/NeonDisco-outputs/MYBRCA-n990-dataset-awsbatch-dualMode-ND-v0-2-2-RERUN-FINAL-v5/906T/POST-IN-SILICO-VALIDATION-TSV-out/validated-agfusion-dirs/
906T	hla_tsv	s3://crmy-gb-main/neondisco/main-analyses/MSA/running/NeonDisco-outputs/MYBRCA-n990-dataset-awsbatch-dualMode-ND-v0-2-2-RERUN-FINAL-v5/Cohortwide-HLA-typing-OUT/Cohortwide_HLA_types.tsv
907T	agfusion_dir	s3://crmy-gb-main/neondisco/main-analyses/MSA/running/NeonDisco-outputs/MYBRCA-n990-dataset-awsbatch-dualMode-ND-v0-2-2-RERUN-FINAL-v5/907T/POST-IN-SILICO-VALIDATION-TSV-out/validated-agfusion-dirs/
907T	hla_tsv	s3://crmy-gb-main/neondisco/main-analyses/MSA/running/NeonDisco-outputs/MYBRCA-n990-dataset-awsbatch-dualMode-ND-v0-2-2-RERUN-FINAL-v5/Cohortwide-HLA-typing-OUT/Cohortwide_HLA_types.tsv
908T	agfusion_dir	s3://crmy-gb-main/neondisco/main-analyses/MSA/running/NeonDisco-outputs/MYBRCA-n990-dataset-awsbatch-dualMode-ND-v0-2-2-RERUN-FINAL-v5/908T/POST-IN-SILICO-VALIDATION-TSV-out/validated-agfusion-dirs/
908T	hla_tsv	s3://crmy-gb-main/neondisco/main-analyses/MSA/running/NeonDisco-outputs/MYBRCA-n990-dataset-awsbatch-dualMode-ND-v0-2-2-RERUN-FINAL-v5/Cohortwide-HLA-typing-OUT/Cohortwide_HLA_types.tsv
909T	agfusion_dir	s3://crmy-gb-main/neondisco/main-analyses/MSA/running/NeonDisco-outputs/MYBRCA-n990-dataset-awsbatch-dualMode-ND-v0-2-2-RERUN-FINAL-v5/909T/POST-IN-SILICO-VALIDATION-TSV-out/validated-agfusion-dirs/
909T	hla_tsv	s3://crmy-gb-main/neondisco/main-analyses/MSA/running/NeonDisco-outputs/MYBRCA-n990-dataset-awsbatch-dualMode-ND-v0-2-2-RERUN-FINAL-v5/Cohortwide-HLA-typing-OUT/Cohortwide_HLA_types.tsv
90T	agfusion_dir	s3://crmy-gb-main/neondisco/main-analyses/MSA/running/NeonDisco-outputs/MYBRCA-n990-dataset-awsbatch-dualMode-ND-v0-2-2-RERUN-FINAL-v5/90T/POST-IN-SILICO-VALIDATION-TSV-out/validated-agfusion-dirs/
90T	hla_tsv	s3://crmy-gb-main/neondisco/main-analyses/MSA/running/NeonDisco-outputs/MYBRCA-n990-dataset-awsbatch-dualMode-ND-v0-2-2-RERUN-FINAL-v5/Cohortwide-HLA-typing-OUT/Cohortwide_HLA_types.tsv
910T	agfusion_dir	s3://crmy-gb-main/neondisco/main-analyses/MSA/running/NeonDisco-outputs/MYBRCA-n990-dataset-awsbatch-dualMode-ND-v0-2-2-RERUN-FINAL-v5/910T/POST-IN-SILICO-VALIDATION-TSV-out/validated-agfusion-dirs/
910T	hla_tsv	s3://crmy-gb-main/neondisco/main-analyses/MSA/running/NeonDisco-outputs/MYBRCA-n990-dataset-awsbatch-dualMode-ND-v0-2-2-RERUN-FINAL-v5/Cohortwide-HLA-typing-OUT/Cohortwide_HLA_types.tsv
911T	agfusion_dir	s3://crmy-gb-main/neondisco/main-analyses/MSA/running/NeonDisco-outputs/MYBRCA-n990-dataset-awsbatch-dualMode-ND-v0-2-2-RERUN-FINAL-v5/911T/POST-IN-SILICO-VALIDATION-TSV-out/validated-agfusion-dirs/
911T	hla_tsv	s3://crmy-gb-main/neondisco/main-analyses/MSA/running/NeonDisco-outputs/MYBRCA-n990-dataset-awsbatch-dualMode-ND-v0-2-2-RERUN-FINAL-v5/Cohortwide-HLA-typing-OUT/Cohortwide_HLA_types.tsv
912T	agfusion_dir	s3://crmy-gb-main/neondisco/main-analyses/MSA/running/NeonDisco-outputs/MYBRCA-n990-dataset-awsbatch-dualMode-ND-v0-2-2-RERUN-FINAL-v5/912T/POST-IN-SILICO-VALIDATION-TSV-out/validated-agfusion-dirs/
912T	hla_tsv	s3://crmy-gb-main/neondisco/main-analyses/MSA/running/NeonDisco-outputs/MYBRCA-n990-dataset-awsbatch-dualMode-ND-v0-2-2-RERUN-FINAL-v5/Cohortwide-HLA-typing-OUT/Cohortwide_HLA_types.tsv
913T	agfusion_dir	s3://crmy-gb-main/neondisco/main-analyses/MSA/running/NeonDisco-outputs/MYBRCA-n990-dataset-awsbatch-dualMode-ND-v0-2-2-RERUN-FINAL-v5/913T/POST-IN-SILICO-VALIDATION-TSV-out/validated-agfusion-dirs/
913T	hla_tsv	s3://crmy-gb-main/neondisco/main-analyses/MSA/running/NeonDisco-outputs/MYBRCA-n990-dataset-awsbatch-dualMode-ND-v0-2-2-RERUN-FINAL-v5/Cohortwide-HLA-typing-OUT/Cohortwide_HLA_types.tsv
914T	agfusion_dir	s3://crmy-gb-main/neondisco/main-analyses/MSA/running/NeonDisco-outputs/MYBRCA-n990-dataset-awsbatch-dualMode-ND-v0-2-2-RERUN-FINAL-v5/914T/POST-IN-SILICO-VALIDATION-TSV-out/validated-agfusion-dirs/
914T	hla_tsv	s3://crmy-gb-main/neondisco/main-analyses/MSA/running/NeonDisco-outputs/MYBRCA-n990-dataset-awsbatch-dualMode-ND-v0-2-2-RERUN-FINAL-v5/Cohortwide-HLA-typing-OUT/Cohortwide_HLA_types.tsv
915T	agfusion_dir	s3://crmy-gb-main/neondisco/main-analyses/MSA/running/NeonDisco-outputs/MYBRCA-n990-dataset-awsbatch-dualMode-ND-v0-2-2-RERUN-FINAL-v5/915T/POST-IN-SILICO-VALIDATION-TSV-out/validated-agfusion-dirs/
915T	hla_tsv	s3://crmy-gb-main/neondisco/main-analyses/MSA/running/NeonDisco-outputs/MYBRCA-n990-dataset-awsbatch-dualMode-ND-v0-2-2-RERUN-FINAL-v5/Cohortwide-HLA-typing-OUT/Cohortwide_HLA_types.tsv
916T	agfusion_dir	s3://crmy-gb-main/neondisco/main-analyses/MSA/running/NeonDisco-outputs/MYBRCA-n990-dataset-awsbatch-dualMode-ND-v0-2-2-RERUN-FINAL-v5/916T/POST-IN-SILICO-VALIDATION-TSV-out/validated-agfusion-dirs/
916T	hla_tsv	s3://crmy-gb-main/neondisco/main-analyses/MSA/running/NeonDisco-outputs/MYBRCA-n990-dataset-awsbatch-dualMode-ND-v0-2-2-RERUN-FINAL-v5/Cohortwide-HLA-typing-OUT/Cohortwide_HLA_types.tsv
917T	agfusion_dir	s3://crmy-gb-main/neondisco/main-analyses/MSA/running/NeonDisco-outputs/MYBRCA-n990-dataset-awsbatch-dualMode-ND-v0-2-2-RERUN-FINAL-v5/917T/POST-IN-SILICO-VALIDATION-TSV-out/validated-agfusion-dirs/
917T	hla_tsv	s3://crmy-gb-main/neondisco/main-analyses/MSA/running/NeonDisco-outputs/MYBRCA-n990-dataset-awsbatch-dualMode-ND-v0-2-2-RERUN-FINAL-v5/Cohortwide-HLA-typing-OUT/Cohortwide_HLA_types.tsv
918T	agfusion_dir	s3://crmy-gb-main/neondisco/main-analyses/MSA/running/NeonDisco-outputs/MYBRCA-n990-dataset-awsbatch-dualMode-ND-v0-2-2-RERUN-FINAL-v5/918T/POST-IN-SILICO-VALIDATION-TSV-out/validated-agfusion-dirs/
918T	hla_tsv	s3://crmy-gb-main/neondisco/main-analyses/MSA/running/NeonDisco-outputs/MYBRCA-n990-dataset-awsbatch-dualMode-ND-v0-2-2-RERUN-FINAL-v5/Cohortwide-HLA-typing-OUT/Cohortwide_HLA_types.tsv
919T	agfusion_dir	s3://crmy-gb-main/neondisco/main-analyses/MSA/running/NeonDisco-outputs/MYBRCA-n990-dataset-awsbatch-dualMode-ND-v0-2-2-RERUN-FINAL-v5/919T/POST-IN-SILICO-VALIDATION-TSV-out/validated-agfusion-dirs/
919T	hla_tsv	s3://crmy-gb-main/neondisco/main-analyses/MSA/running/NeonDisco-outputs/MYBRCA-n990-dataset-awsbatch-dualMode-ND-v0-2-2-RERUN-FINAL-v5/Cohortwide-HLA-typing-OUT/Cohortwide_HLA_types.tsv
91T	agfusion_dir	s3://crmy-gb-main/neondisco/main-analyses/MSA/running/NeonDisco-outputs/MYBRCA-n990-dataset-awsbatch-dualMode-ND-v0-2-2-RERUN-FINAL-v5/91T/POST-IN-SILICO-VALIDATION-TSV-out/validated-agfusion-dirs/
91T	hla_tsv	s3://crmy-gb-main/neondisco/main-analyses/MSA/running/NeonDisco-outputs/MYBRCA-n990-dataset-awsbatch-dualMode-ND-v0-2-2-RERUN-FINAL-v5/Cohortwide-HLA-typing-OUT/Cohortwide_HLA_types.tsv
920T	agfusion_dir	s3://crmy-gb-main/neondisco/main-analyses/MSA/running/NeonDisco-outputs/MYBRCA-n990-dataset-awsbatch-dualMode-ND-v0-2-2-RERUN-FINAL-v5/920T/POST-IN-SILICO-VALIDATION-TSV-out/validated-agfusion-dirs/
920T	hla_tsv	s3://crmy-gb-main/neondisco/main-analyses/MSA/running/NeonDisco-outputs/MYBRCA-n990-dataset-awsbatch-dualMode-ND-v0-2-2-RERUN-FINAL-v5/Cohortwide-HLA-typing-OUT/Cohortwide_HLA_types.tsv
921T	agfusion_dir	s3://crmy-gb-main/neondisco/main-analyses/MSA/running/NeonDisco-outputs/MYBRCA-n990-dataset-awsbatch-dualMode-ND-v0-2-2-RERUN-FINAL-v5/921T/POST-IN-SILICO-VALIDATION-TSV-out/validated-agfusion-dirs/
921T	hla_tsv	s3://crmy-gb-main/neondisco/main-analyses/MSA/running/NeonDisco-outputs/MYBRCA-n990-dataset-awsbatch-dualMode-ND-v0-2-2-RERUN-FINAL-v5/Cohortwide-HLA-typing-OUT/Cohortwide_HLA_types.tsv
922T	agfusion_dir	s3://crmy-gb-main/neondisco/main-analyses/MSA/running/NeonDisco-outputs/MYBRCA-n990-dataset-awsbatch-dualMode-ND-v0-2-2-RERUN-FINAL-v5/922T/POST-IN-SILICO-VALIDATION-TSV-out/validated-agfusion-dirs/
922T	hla_tsv	s3://crmy-gb-main/neondisco/main-analyses/MSA/running/NeonDisco-outputs/MYBRCA-n990-dataset-awsbatch-dualMode-ND-v0-2-2-RERUN-FINAL-v5/Cohortwide-HLA-typing-OUT/Cohortwide_HLA_types.tsv
923T	agfusion_dir	s3://crmy-gb-main/neondisco/main-analyses/MSA/running/NeonDisco-outputs/MYBRCA-n990-dataset-awsbatch-dualMode-ND-v0-2-2-RERUN-FINAL-v5/923T/POST-IN-SILICO-VALIDATION-TSV-out/validated-agfusion-dirs/
923T	hla_tsv	s3://crmy-gb-main/neondisco/main-analyses/MSA/running/NeonDisco-outputs/MYBRCA-n990-dataset-awsbatch-dualMode-ND-v0-2-2-RERUN-FINAL-v5/Cohortwide-HLA-typing-OUT/Cohortwide_HLA_types.tsv
924T	agfusion_dir	s3://crmy-gb-main/neondisco/main-analyses/MSA/running/NeonDisco-outputs/MYBRCA-n990-dataset-awsbatch-dualMode-ND-v0-2-2-RERUN-FINAL-v5/924T/POST-IN-SILICO-VALIDATION-TSV-out/validated-agfusion-dirs/
924T	hla_tsv	s3://crmy-gb-main/neondisco/main-analyses/MSA/running/NeonDisco-outputs/MYBRCA-n990-dataset-awsbatch-dualMode-ND-v0-2-2-RERUN-FINAL-v5/Cohortwide-HLA-typing-OUT/Cohortwide_HLA_types.tsv
925T	agfusion_dir	s3://crmy-gb-main/neondisco/main-analyses/MSA/running/NeonDisco-outputs/MYBRCA-n990-dataset-awsbatch-dualMode-ND-v0-2-2-RERUN-FINAL-v5/925T/POST-IN-SILICO-VALIDATION-TSV-out/validated-agfusion-dirs/
925T	hla_tsv	s3://crmy-gb-main/neondisco/main-analyses/MSA/running/NeonDisco-outputs/MYBRCA-n990-dataset-awsbatch-dualMode-ND-v0-2-2-RERUN-FINAL-v5/Cohortwide-HLA-typing-OUT/Cohortwide_HLA_types.tsv
926T	agfusion_dir	s3://crmy-gb-main/neondisco/main-analyses/MSA/running/NeonDisco-outputs/MYBRCA-n990-dataset-awsbatch-dualMode-ND-v0-2-2-RERUN-FINAL-v5/926T/POST-IN-SILICO-VALIDATION-TSV-out/validated-agfusion-dirs/
926T	hla_tsv	s3://crmy-gb-main/neondisco/main-analyses/MSA/running/NeonDisco-outputs/MYBRCA-n990-dataset-awsbatch-dualMode-ND-v0-2-2-RERUN-FINAL-v5/Cohortwide-HLA-typing-OUT/Cohortwide_HLA_types.tsv
927T	agfusion_dir	s3://crmy-gb-main/neondisco/main-analyses/MSA/running/NeonDisco-outputs/MYBRCA-n990-dataset-awsbatch-dualMode-ND-v0-2-2-RERUN-FINAL-v5/927T/POST-IN-SILICO-VALIDATION-TSV-out/validated-agfusion-dirs/
927T	hla_tsv	s3://crmy-gb-main/neondisco/main-analyses/MSA/running/NeonDisco-outputs/MYBRCA-n990-dataset-awsbatch-dualMode-ND-v0-2-2-RERUN-FINAL-v5/Cohortwide-HLA-typing-OUT/Cohortwide_HLA_types.tsv
928T	agfusion_dir	s3://crmy-gb-main/neondisco/main-analyses/MSA/running/NeonDisco-outputs/MYBRCA-n990-dataset-awsbatch-dualMode-ND-v0-2-2-RERUN-FINAL-v5/928T/POST-IN-SILICO-VALIDATION-TSV-out/validated-agfusion-dirs/
928T	hla_tsv	s3://crmy-gb-main/neondisco/main-analyses/MSA/running/NeonDisco-outputs/MYBRCA-n990-dataset-awsbatch-dualMode-ND-v0-2-2-RERUN-FINAL-v5/Cohortwide-HLA-typing-OUT/Cohortwide_HLA_types.tsv
929T	agfusion_dir	s3://crmy-gb-main/neondisco/main-analyses/MSA/running/NeonDisco-outputs/MYBRCA-n990-dataset-awsbatch-dualMode-ND-v0-2-2-RERUN-FINAL-v5/929T/POST-IN-SILICO-VALIDATION-TSV-out/validated-agfusion-dirs/
929T	hla_tsv	s3://crmy-gb-main/neondisco/main-analyses/MSA/running/NeonDisco-outputs/MYBRCA-n990-dataset-awsbatch-dualMode-ND-v0-2-2-RERUN-FINAL-v5/Cohortwide-HLA-typing-OUT/Cohortwide_HLA_types.tsv
92T	agfusion_dir	s3://crmy-gb-main/neondisco/main-analyses/MSA/running/NeonDisco-outputs/MYBRCA-n990-dataset-awsbatch-dualMode-ND-v0-2-2-RERUN-FINAL-v5/92T/POST-IN-SILICO-VALIDATION-TSV-out/validated-agfusion-dirs/
92T	hla_tsv	s3://crmy-gb-main/neondisco/main-analyses/MSA/running/NeonDisco-outputs/MYBRCA-n990-dataset-awsbatch-dualMode-ND-v0-2-2-RERUN-FINAL-v5/Cohortwide-HLA-typing-OUT/Cohortwide_HLA_types.tsv
930T	agfusion_dir	s3://crmy-gb-main/neondisco/main-analyses/MSA/running/NeonDisco-outputs/MYBRCA-n990-dataset-awsbatch-dualMode-ND-v0-2-2-RERUN-FINAL-v5/930T/POST-IN-SILICO-VALIDATION-TSV-out/validated-agfusion-dirs/
930T	hla_tsv	s3://crmy-gb-main/neondisco/main-analyses/MSA/running/NeonDisco-outputs/MYBRCA-n990-dataset-awsbatch-dualMode-ND-v0-2-2-RERUN-FINAL-v5/Cohortwide-HLA-typing-OUT/Cohortwide_HLA_types.tsv
931T	agfusion_dir	s3://crmy-gb-main/neondisco/main-analyses/MSA/running/NeonDisco-outputs/MYBRCA-n990-dataset-awsbatch-dualMode-ND-v0-2-2-RERUN-FINAL-v5/931T/POST-IN-SILICO-VALIDATION-TSV-out/validated-agfusion-dirs/
931T	hla_tsv	s3://crmy-gb-main/neondisco/main-analyses/MSA/running/NeonDisco-outputs/MYBRCA-n990-dataset-awsbatch-dualMode-ND-v0-2-2-RERUN-FINAL-v5/Cohortwide-HLA-typing-OUT/Cohortwide_HLA_types.tsv
932T	agfusion_dir	s3://crmy-gb-main/neondisco/main-analyses/MSA/running/NeonDisco-outputs/MYBRCA-n990-dataset-awsbatch-dualMode-ND-v0-2-2-RERUN-FINAL-v5/932T/POST-IN-SILICO-VALIDATION-TSV-out/validated-agfusion-dirs/
932T	hla_tsv	s3://crmy-gb-main/neondisco/main-analyses/MSA/running/NeonDisco-outputs/MYBRCA-n990-dataset-awsbatch-dualMode-ND-v0-2-2-RERUN-FINAL-v5/Cohortwide-HLA-typing-OUT/Cohortwide_HLA_types.tsv
933T	agfusion_dir	s3://crmy-gb-main/neondisco/main-analyses/MSA/running/NeonDisco-outputs/MYBRCA-n990-dataset-awsbatch-dualMode-ND-v0-2-2-RERUN-FINAL-v5/933T/POST-IN-SILICO-VALIDATION-TSV-out/validated-agfusion-dirs/
933T	hla_tsv	s3://crmy-gb-main/neondisco/main-analyses/MSA/running/NeonDisco-outputs/MYBRCA-n990-dataset-awsbatch-dualMode-ND-v0-2-2-RERUN-FINAL-v5/Cohortwide-HLA-typing-OUT/Cohortwide_HLA_types.tsv
934T	agfusion_dir	s3://crmy-gb-main/neondisco/main-analyses/MSA/running/NeonDisco-outputs/MYBRCA-n990-dataset-awsbatch-dualMode-ND-v0-2-2-RERUN-FINAL-v5/934T/POST-IN-SILICO-VALIDATION-TSV-out/validated-agfusion-dirs/
934T	hla_tsv	s3://crmy-gb-main/neondisco/main-analyses/MSA/running/NeonDisco-outputs/MYBRCA-n990-dataset-awsbatch-dualMode-ND-v0-2-2-RERUN-FINAL-v5/Cohortwide-HLA-typing-OUT/Cohortwide_HLA_types.tsv
935T	agfusion_dir	s3://crmy-gb-main/neondisco/main-analyses/MSA/running/NeonDisco-outputs/MYBRCA-n990-dataset-awsbatch-dualMode-ND-v0-2-2-RERUN-FINAL-v5/935T/POST-IN-SILICO-VALIDATION-TSV-out/validated-agfusion-dirs/
935T	hla_tsv	s3://crmy-gb-main/neondisco/main-analyses/MSA/running/NeonDisco-outputs/MYBRCA-n990-dataset-awsbatch-dualMode-ND-v0-2-2-RERUN-FINAL-v5/Cohortwide-HLA-typing-OUT/Cohortwide_HLA_types.tsv
936T	agfusion_dir	s3://crmy-gb-main/neondisco/main-analyses/MSA/running/NeonDisco-outputs/MYBRCA-n990-dataset-awsbatch-dualMode-ND-v0-2-2-RERUN-FINAL-v5/936T/POST-IN-SILICO-VALIDATION-TSV-out/validated-agfusion-dirs/
936T	hla_tsv	s3://crmy-gb-main/neondisco/main-analyses/MSA/running/NeonDisco-outputs/MYBRCA-n990-dataset-awsbatch-dualMode-ND-v0-2-2-RERUN-FINAL-v5/Cohortwide-HLA-typing-OUT/Cohortwide_HLA_types.tsv
937T	agfusion_dir	s3://crmy-gb-main/neondisco/main-analyses/MSA/running/NeonDisco-outputs/MYBRCA-n990-dataset-awsbatch-dualMode-ND-v0-2-2-RERUN-FINAL-v5/937T/POST-IN-SILICO-VALIDATION-TSV-out/validated-agfusion-dirs/
937T	hla_tsv	s3://crmy-gb-main/neondisco/main-analyses/MSA/running/NeonDisco-outputs/MYBRCA-n990-dataset-awsbatch-dualMode-ND-v0-2-2-RERUN-FINAL-v5/Cohortwide-HLA-typing-OUT/Cohortwide_HLA_types.tsv
938T	agfusion_dir	s3://crmy-gb-main/neondisco/main-analyses/MSA/running/NeonDisco-outputs/MYBRCA-n990-dataset-awsbatch-dualMode-ND-v0-2-2-RERUN-FINAL-v5/938T/POST-IN-SILICO-VALIDATION-TSV-out/validated-agfusion-dirs/
938T	hla_tsv	s3://crmy-gb-main/neondisco/main-analyses/MSA/running/NeonDisco-outputs/MYBRCA-n990-dataset-awsbatch-dualMode-ND-v0-2-2-RERUN-FINAL-v5/Cohortwide-HLA-typing-OUT/Cohortwide_HLA_types.tsv
939T	agfusion_dir	s3://crmy-gb-main/neondisco/main-analyses/MSA/running/NeonDisco-outputs/MYBRCA-n990-dataset-awsbatch-dualMode-ND-v0-2-2-RERUN-FINAL-v5/939T/POST-IN-SILICO-VALIDATION-TSV-out/validated-agfusion-dirs/
939T	hla_tsv	s3://crmy-gb-main/neondisco/main-analyses/MSA/running/NeonDisco-outputs/MYBRCA-n990-dataset-awsbatch-dualMode-ND-v0-2-2-RERUN-FINAL-v5/Cohortwide-HLA-typing-OUT/Cohortwide_HLA_types.tsv
93T	agfusion_dir	s3://crmy-gb-main/neondisco/main-analyses/MSA/running/NeonDisco-outputs/MYBRCA-n990-dataset-awsbatch-dualMode-ND-v0-2-2-RERUN-FINAL-v5/93T/POST-IN-SILICO-VALIDATION-TSV-out/validated-agfusion-dirs/
93T	hla_tsv	s3://crmy-gb-main/neondisco/main-analyses/MSA/running/NeonDisco-outputs/MYBRCA-n990-dataset-awsbatch-dualMode-ND-v0-2-2-RERUN-FINAL-v5/Cohortwide-HLA-typing-OUT/Cohortwide_HLA_types.tsv
940T	agfusion_dir	s3://crmy-gb-main/neondisco/main-analyses/MSA/running/NeonDisco-outputs/MYBRCA-n990-dataset-awsbatch-dualMode-ND-v0-2-2-RERUN-FINAL-v5/940T/POST-IN-SILICO-VALIDATION-TSV-out/validated-agfusion-dirs/
940T	hla_tsv	s3://crmy-gb-main/neondisco/main-analyses/MSA/running/NeonDisco-outputs/MYBRCA-n990-dataset-awsbatch-dualMode-ND-v0-2-2-RERUN-FINAL-v5/Cohortwide-HLA-typing-OUT/Cohortwide_HLA_types.tsv
941T	agfusion_dir	s3://crmy-gb-main/neondisco/main-analyses/MSA/running/NeonDisco-outputs/MYBRCA-n990-dataset-awsbatch-dualMode-ND-v0-2-2-RERUN-FINAL-v5/941T/POST-IN-SILICO-VALIDATION-TSV-out/validated-agfusion-dirs/
941T	hla_tsv	s3://crmy-gb-main/neondisco/main-analyses/MSA/running/NeonDisco-outputs/MYBRCA-n990-dataset-awsbatch-dualMode-ND-v0-2-2-RERUN-FINAL-v5/Cohortwide-HLA-typing-OUT/Cohortwide_HLA_types.tsv
942T	agfusion_dir	s3://crmy-gb-main/neondisco/main-analyses/MSA/running/NeonDisco-outputs/MYBRCA-n990-dataset-awsbatch-dualMode-ND-v0-2-2-RERUN-FINAL-v5/942T/POST-IN-SILICO-VALIDATION-TSV-out/validated-agfusion-dirs/
942T	hla_tsv	s3://crmy-gb-main/neondisco/main-analyses/MSA/running/NeonDisco-outputs/MYBRCA-n990-dataset-awsbatch-dualMode-ND-v0-2-2-RERUN-FINAL-v5/Cohortwide-HLA-typing-OUT/Cohortwide_HLA_types.tsv
943T	agfusion_dir	s3://crmy-gb-main/neondisco/main-analyses/MSA/running/NeonDisco-outputs/MYBRCA-n990-dataset-awsbatch-dualMode-ND-v0-2-2-RERUN-FINAL-v5/943T/POST-IN-SILICO-VALIDATION-TSV-out/validated-agfusion-dirs/
943T	hla_tsv	s3://crmy-gb-main/neondisco/main-analyses/MSA/running/NeonDisco-outputs/MYBRCA-n990-dataset-awsbatch-dualMode-ND-v0-2-2-RERUN-FINAL-v5/Cohortwide-HLA-typing-OUT/Cohortwide_HLA_types.tsv
944T	agfusion_dir	s3://crmy-gb-main/neondisco/main-analyses/MSA/running/NeonDisco-outputs/MYBRCA-n990-dataset-awsbatch-dualMode-ND-v0-2-2-RERUN-FINAL-v5/944T/POST-IN-SILICO-VALIDATION-TSV-out/validated-agfusion-dirs/
944T	hla_tsv	s3://crmy-gb-main/neondisco/main-analyses/MSA/running/NeonDisco-outputs/MYBRCA-n990-dataset-awsbatch-dualMode-ND-v0-2-2-RERUN-FINAL-v5/Cohortwide-HLA-typing-OUT/Cohortwide_HLA_types.tsv
945T	agfusion_dir	s3://crmy-gb-main/neondisco/main-analyses/MSA/running/NeonDisco-outputs/MYBRCA-n990-dataset-awsbatch-dualMode-ND-v0-2-2-RERUN-FINAL-v5/945T/POST-IN-SILICO-VALIDATION-TSV-out/validated-agfusion-dirs/
945T	hla_tsv	s3://crmy-gb-main/neondisco/main-analyses/MSA/running/NeonDisco-outputs/MYBRCA-n990-dataset-awsbatch-dualMode-ND-v0-2-2-RERUN-FINAL-v5/Cohortwide-HLA-typing-OUT/Cohortwide_HLA_types.tsv
946T	agfusion_dir	s3://crmy-gb-main/neondisco/main-analyses/MSA/running/NeonDisco-outputs/MYBRCA-n990-dataset-awsbatch-dualMode-ND-v0-2-2-RERUN-FINAL-v5/946T/POST-IN-SILICO-VALIDATION-TSV-out/validated-agfusion-dirs/
946T	hla_tsv	s3://crmy-gb-main/neondisco/main-analyses/MSA/running/NeonDisco-outputs/MYBRCA-n990-dataset-awsbatch-dualMode-ND-v0-2-2-RERUN-FINAL-v5/Cohortwide-HLA-typing-OUT/Cohortwide_HLA_types.tsv
947T	agfusion_dir	s3://crmy-gb-main/neondisco/main-analyses/MSA/running/NeonDisco-outputs/MYBRCA-n990-dataset-awsbatch-dualMode-ND-v0-2-2-RERUN-FINAL-v5/947T/POST-IN-SILICO-VALIDATION-TSV-out/validated-agfusion-dirs/
947T	hla_tsv	s3://crmy-gb-main/neondisco/main-analyses/MSA/running/NeonDisco-outputs/MYBRCA-n990-dataset-awsbatch-dualMode-ND-v0-2-2-RERUN-FINAL-v5/Cohortwide-HLA-typing-OUT/Cohortwide_HLA_types.tsv
948T	agfusion_dir	s3://crmy-gb-main/neondisco/main-analyses/MSA/running/NeonDisco-outputs/MYBRCA-n990-dataset-awsbatch-dualMode-ND-v0-2-2-RERUN-FINAL-v5/948T/POST-IN-SILICO-VALIDATION-TSV-out/validated-agfusion-dirs/
948T	hla_tsv	s3://crmy-gb-main/neondisco/main-analyses/MSA/running/NeonDisco-outputs/MYBRCA-n990-dataset-awsbatch-dualMode-ND-v0-2-2-RERUN-FINAL-v5/Cohortwide-HLA-typing-OUT/Cohortwide_HLA_types.tsv
949T	agfusion_dir	s3://crmy-gb-main/neondisco/main-analyses/MSA/running/NeonDisco-outputs/MYBRCA-n990-dataset-awsbatch-dualMode-ND-v0-2-2-RERUN-FINAL-v5/949T/POST-IN-SILICO-VALIDATION-TSV-out/validated-agfusion-dirs/
949T	hla_tsv	s3://crmy-gb-main/neondisco/main-analyses/MSA/running/NeonDisco-outputs/MYBRCA-n990-dataset-awsbatch-dualMode-ND-v0-2-2-RERUN-FINAL-v5/Cohortwide-HLA-typing-OUT/Cohortwide_HLA_types.tsv
94T	agfusion_dir	s3://crmy-gb-main/neondisco/main-analyses/MSA/running/NeonDisco-outputs/MYBRCA-n990-dataset-awsbatch-dualMode-ND-v0-2-2-RERUN-FINAL-v5/94T/POST-IN-SILICO-VALIDATION-TSV-out/validated-agfusion-dirs/
94T	hla_tsv	s3://crmy-gb-main/neondisco/main-analyses/MSA/running/NeonDisco-outputs/MYBRCA-n990-dataset-awsbatch-dualMode-ND-v0-2-2-RERUN-FINAL-v5/Cohortwide-HLA-typing-OUT/Cohortwide_HLA_types.tsv
950T	agfusion_dir	s3://crmy-gb-main/neondisco/main-analyses/MSA/running/NeonDisco-outputs/MYBRCA-n990-dataset-awsbatch-dualMode-ND-v0-2-2-RERUN-FINAL-v5/950T/POST-IN-SILICO-VALIDATION-TSV-out/validated-agfusion-dirs/
950T	hla_tsv	s3://crmy-gb-main/neondisco/main-analyses/MSA/running/NeonDisco-outputs/MYBRCA-n990-dataset-awsbatch-dualMode-ND-v0-2-2-RERUN-FINAL-v5/Cohortwide-HLA-typing-OUT/Cohortwide_HLA_types.tsv
951T	agfusion_dir	s3://crmy-gb-main/neondisco/main-analyses/MSA/running/NeonDisco-outputs/MYBRCA-n990-dataset-awsbatch-dualMode-ND-v0-2-2-RERUN-FINAL-v5/951T/POST-IN-SILICO-VALIDATION-TSV-out/validated-agfusion-dirs/
951T	hla_tsv	s3://crmy-gb-main/neondisco/main-analyses/MSA/running/NeonDisco-outputs/MYBRCA-n990-dataset-awsbatch-dualMode-ND-v0-2-2-RERUN-FINAL-v5/Cohortwide-HLA-typing-OUT/Cohortwide_HLA_types.tsv
952T	agfusion_dir	s3://crmy-gb-main/neondisco/main-analyses/MSA/running/NeonDisco-outputs/MYBRCA-n990-dataset-awsbatch-dualMode-ND-v0-2-2-RERUN-FINAL-v5/952T/POST-IN-SILICO-VALIDATION-TSV-out/validated-agfusion-dirs/
952T	hla_tsv	s3://crmy-gb-main/neondisco/main-analyses/MSA/running/NeonDisco-outputs/MYBRCA-n990-dataset-awsbatch-dualMode-ND-v0-2-2-RERUN-FINAL-v5/Cohortwide-HLA-typing-OUT/Cohortwide_HLA_types.tsv
953T	agfusion_dir	s3://crmy-gb-main/neondisco/main-analyses/MSA/running/NeonDisco-outputs/MYBRCA-n990-dataset-awsbatch-dualMode-ND-v0-2-2-RERUN-FINAL-v5/953T/POST-IN-SILICO-VALIDATION-TSV-out/validated-agfusion-dirs/
953T	hla_tsv	s3://crmy-gb-main/neondisco/main-analyses/MSA/running/NeonDisco-outputs/MYBRCA-n990-dataset-awsbatch-dualMode-ND-v0-2-2-RERUN-FINAL-v5/Cohortwide-HLA-typing-OUT/Cohortwide_HLA_types.tsv
954T	agfusion_dir	s3://crmy-gb-main/neondisco/main-analyses/MSA/running/NeonDisco-outputs/MYBRCA-n990-dataset-awsbatch-dualMode-ND-v0-2-2-RERUN-FINAL-v5/954T/POST-IN-SILICO-VALIDATION-TSV-out/validated-agfusion-dirs/
954T	hla_tsv	s3://crmy-gb-main/neondisco/main-analyses/MSA/running/NeonDisco-outputs/MYBRCA-n990-dataset-awsbatch-dualMode-ND-v0-2-2-RERUN-FINAL-v5/Cohortwide-HLA-typing-OUT/Cohortwide_HLA_types.tsv
955T	agfusion_dir	s3://crmy-gb-main/neondisco/main-analyses/MSA/running/NeonDisco-outputs/MYBRCA-n990-dataset-awsbatch-dualMode-ND-v0-2-2-RERUN-FINAL-v5/955T/POST-IN-SILICO-VALIDATION-TSV-out/validated-agfusion-dirs/
955T	hla_tsv	s3://crmy-gb-main/neondisco/main-analyses/MSA/running/NeonDisco-outputs/MYBRCA-n990-dataset-awsbatch-dualMode-ND-v0-2-2-RERUN-FINAL-v5/Cohortwide-HLA-typing-OUT/Cohortwide_HLA_types.tsv
956T	agfusion_dir	s3://crmy-gb-main/neondisco/main-analyses/MSA/running/NeonDisco-outputs/MYBRCA-n990-dataset-awsbatch-dualMode-ND-v0-2-2-RERUN-FINAL-v5/956T/POST-IN-SILICO-VALIDATION-TSV-out/validated-agfusion-dirs/
956T	hla_tsv	s3://crmy-gb-main/neondisco/main-analyses/MSA/running/NeonDisco-outputs/MYBRCA-n990-dataset-awsbatch-dualMode-ND-v0-2-2-RERUN-FINAL-v5/Cohortwide-HLA-typing-OUT/Cohortwide_HLA_types.tsv
957T	agfusion_dir	s3://crmy-gb-main/neondisco/main-analyses/MSA/running/NeonDisco-outputs/MYBRCA-n990-dataset-awsbatch-dualMode-ND-v0-2-2-RERUN-FINAL-v5/957T/POST-IN-SILICO-VALIDATION-TSV-out/validated-agfusion-dirs/
957T	hla_tsv	s3://crmy-gb-main/neondisco/main-analyses/MSA/running/NeonDisco-outputs/MYBRCA-n990-dataset-awsbatch-dualMode-ND-v0-2-2-RERUN-FINAL-v5/Cohortwide-HLA-typing-OUT/Cohortwide_HLA_types.tsv
958T	agfusion_dir	s3://crmy-gb-main/neondisco/main-analyses/MSA/running/NeonDisco-outputs/MYBRCA-n990-dataset-awsbatch-dualMode-ND-v0-2-2-RERUN-FINAL-v5/958T/POST-IN-SILICO-VALIDATION-TSV-out/validated-agfusion-dirs/
958T	hla_tsv	s3://crmy-gb-main/neondisco/main-analyses/MSA/running/NeonDisco-outputs/MYBRCA-n990-dataset-awsbatch-dualMode-ND-v0-2-2-RERUN-FINAL-v5/Cohortwide-HLA-typing-OUT/Cohortwide_HLA_types.tsv
959T	agfusion_dir	s3://crmy-gb-main/neondisco/main-analyses/MSA/running/NeonDisco-outputs/MYBRCA-n990-dataset-awsbatch-dualMode-ND-v0-2-2-RERUN-FINAL-v5/959T/POST-IN-SILICO-VALIDATION-TSV-out/validated-agfusion-dirs/
959T	hla_tsv	s3://crmy-gb-main/neondisco/main-analyses/MSA/running/NeonDisco-outputs/MYBRCA-n990-dataset-awsbatch-dualMode-ND-v0-2-2-RERUN-FINAL-v5/Cohortwide-HLA-typing-OUT/Cohortwide_HLA_types.tsv
95T	agfusion_dir	s3://crmy-gb-main/neondisco/main-analyses/MSA/running/NeonDisco-outputs/MYBRCA-n990-dataset-awsbatch-dualMode-ND-v0-2-2-RERUN-FINAL-v5/95T/POST-IN-SILICO-VALIDATION-TSV-out/validated-agfusion-dirs/
95T	hla_tsv	s3://crmy-gb-main/neondisco/main-analyses/MSA/running/NeonDisco-outputs/MYBRCA-n990-dataset-awsbatch-dualMode-ND-v0-2-2-RERUN-FINAL-v5/Cohortwide-HLA-typing-OUT/Cohortwide_HLA_types.tsv
960T	agfusion_dir	s3://crmy-gb-main/neondisco/main-analyses/MSA/running/NeonDisco-outputs/MYBRCA-n990-dataset-awsbatch-dualMode-ND-v0-2-2-RERUN-FINAL-v5/960T/POST-IN-SILICO-VALIDATION-TSV-out/validated-agfusion-dirs/
960T	hla_tsv	s3://crmy-gb-main/neondisco/main-analyses/MSA/running/NeonDisco-outputs/MYBRCA-n990-dataset-awsbatch-dualMode-ND-v0-2-2-RERUN-FINAL-v5/Cohortwide-HLA-typing-OUT/Cohortwide_HLA_types.tsv
961T	agfusion_dir	s3://crmy-gb-main/neondisco/main-analyses/MSA/running/NeonDisco-outputs/MYBRCA-n990-dataset-awsbatch-dualMode-ND-v0-2-2-RERUN-FINAL-v5/961T/POST-IN-SILICO-VALIDATION-TSV-out/validated-agfusion-dirs/
961T	hla_tsv	s3://crmy-gb-main/neondisco/main-analyses/MSA/running/NeonDisco-outputs/MYBRCA-n990-dataset-awsbatch-dualMode-ND-v0-2-2-RERUN-FINAL-v5/Cohortwide-HLA-typing-OUT/Cohortwide_HLA_types.tsv
962T	agfusion_dir	s3://crmy-gb-main/neondisco/main-analyses/MSA/running/NeonDisco-outputs/MYBRCA-n990-dataset-awsbatch-dualMode-ND-v0-2-2-RERUN-FINAL-v5/962T/POST-IN-SILICO-VALIDATION-TSV-out/validated-agfusion-dirs/
962T	hla_tsv	s3://crmy-gb-main/neondisco/main-analyses/MSA/running/NeonDisco-outputs/MYBRCA-n990-dataset-awsbatch-dualMode-ND-v0-2-2-RERUN-FINAL-v5/Cohortwide-HLA-typing-OUT/Cohortwide_HLA_types.tsv
963T	agfusion_dir	s3://crmy-gb-main/neondisco/main-analyses/MSA/running/NeonDisco-outputs/MYBRCA-n990-dataset-awsbatch-dualMode-ND-v0-2-2-RERUN-FINAL-v5/963T/POST-IN-SILICO-VALIDATION-TSV-out/validated-agfusion-dirs/
963T	hla_tsv	s3://crmy-gb-main/neondisco/main-analyses/MSA/running/NeonDisco-outputs/MYBRCA-n990-dataset-awsbatch-dualMode-ND-v0-2-2-RERUN-FINAL-v5/Cohortwide-HLA-typing-OUT/Cohortwide_HLA_types.tsv
964T	agfusion_dir	s3://crmy-gb-main/neondisco/main-analyses/MSA/running/NeonDisco-outputs/MYBRCA-n990-dataset-awsbatch-dualMode-ND-v0-2-2-RERUN-FINAL-v5/964T/POST-IN-SILICO-VALIDATION-TSV-out/validated-agfusion-dirs/
964T	hla_tsv	s3://crmy-gb-main/neondisco/main-analyses/MSA/running/NeonDisco-outputs/MYBRCA-n990-dataset-awsbatch-dualMode-ND-v0-2-2-RERUN-FINAL-v5/Cohortwide-HLA-typing-OUT/Cohortwide_HLA_types.tsv
965T	agfusion_dir	s3://crmy-gb-main/neondisco/main-analyses/MSA/running/NeonDisco-outputs/MYBRCA-n990-dataset-awsbatch-dualMode-ND-v0-2-2-RERUN-FINAL-v5/965T/POST-IN-SILICO-VALIDATION-TSV-out/validated-agfusion-dirs/
965T	hla_tsv	s3://crmy-gb-main/neondisco/main-analyses/MSA/running/NeonDisco-outputs/MYBRCA-n990-dataset-awsbatch-dualMode-ND-v0-2-2-RERUN-FINAL-v5/Cohortwide-HLA-typing-OUT/Cohortwide_HLA_types.tsv
966T	agfusion_dir	s3://crmy-gb-main/neondisco/main-analyses/MSA/running/NeonDisco-outputs/MYBRCA-n990-dataset-awsbatch-dualMode-ND-v0-2-2-RERUN-FINAL-v5/966T/POST-IN-SILICO-VALIDATION-TSV-out/validated-agfusion-dirs/
966T	hla_tsv	s3://crmy-gb-main/neondisco/main-analyses/MSA/running/NeonDisco-outputs/MYBRCA-n990-dataset-awsbatch-dualMode-ND-v0-2-2-RERUN-FINAL-v5/Cohortwide-HLA-typing-OUT/Cohortwide_HLA_types.tsv
967T	agfusion_dir	s3://crmy-gb-main/neondisco/main-analyses/MSA/running/NeonDisco-outputs/MYBRCA-n990-dataset-awsbatch-dualMode-ND-v0-2-2-RERUN-FINAL-v5/967T/POST-IN-SILICO-VALIDATION-TSV-out/validated-agfusion-dirs/
967T	hla_tsv	s3://crmy-gb-main/neondisco/main-analyses/MSA/running/NeonDisco-outputs/MYBRCA-n990-dataset-awsbatch-dualMode-ND-v0-2-2-RERUN-FINAL-v5/Cohortwide-HLA-typing-OUT/Cohortwide_HLA_types.tsv
968T	agfusion_dir	s3://crmy-gb-main/neondisco/main-analyses/MSA/running/NeonDisco-outputs/MYBRCA-n990-dataset-awsbatch-dualMode-ND-v0-2-2-RERUN-FINAL-v5/968T/POST-IN-SILICO-VALIDATION-TSV-out/validated-agfusion-dirs/
968T	hla_tsv	s3://crmy-gb-main/neondisco/main-analyses/MSA/running/NeonDisco-outputs/MYBRCA-n990-dataset-awsbatch-dualMode-ND-v0-2-2-RERUN-FINAL-v5/Cohortwide-HLA-typing-OUT/Cohortwide_HLA_types.tsv
969T	agfusion_dir	s3://crmy-gb-main/neondisco/main-analyses/MSA/running/NeonDisco-outputs/MYBRCA-n990-dataset-awsbatch-dualMode-ND-v0-2-2-RERUN-FINAL-v5/969T/POST-IN-SILICO-VALIDATION-TSV-out/validated-agfusion-dirs/
969T	hla_tsv	s3://crmy-gb-main/neondisco/main-analyses/MSA/running/NeonDisco-outputs/MYBRCA-n990-dataset-awsbatch-dualMode-ND-v0-2-2-RERUN-FINAL-v5/Cohortwide-HLA-typing-OUT/Cohortwide_HLA_types.tsv
96T	agfusion_dir	s3://crmy-gb-main/neondisco/main-analyses/MSA/running/NeonDisco-outputs/MYBRCA-n990-dataset-awsbatch-dualMode-ND-v0-2-2-RERUN-FINAL-v5/96T/POST-IN-SILICO-VALIDATION-TSV-out/validated-agfusion-dirs/
96T	hla_tsv	s3://crmy-gb-main/neondisco/main-analyses/MSA/running/NeonDisco-outputs/MYBRCA-n990-dataset-awsbatch-dualMode-ND-v0-2-2-RERUN-FINAL-v5/Cohortwide-HLA-typing-OUT/Cohortwide_HLA_types.tsv
970T	agfusion_dir	s3://crmy-gb-main/neondisco/main-analyses/MSA/running/NeonDisco-outputs/MYBRCA-n990-dataset-awsbatch-dualMode-ND-v0-2-2-RERUN-FINAL-v5/970T/POST-IN-SILICO-VALIDATION-TSV-out/validated-agfusion-dirs/
970T	hla_tsv	s3://crmy-gb-main/neondisco/main-analyses/MSA/running/NeonDisco-outputs/MYBRCA-n990-dataset-awsbatch-dualMode-ND-v0-2-2-RERUN-FINAL-v5/Cohortwide-HLA-typing-OUT/Cohortwide_HLA_types.tsv
971T	agfusion_dir	s3://crmy-gb-main/neondisco/main-analyses/MSA/running/NeonDisco-outputs/MYBRCA-n990-dataset-awsbatch-dualMode-ND-v0-2-2-RERUN-FINAL-v5/971T/POST-IN-SILICO-VALIDATION-TSV-out/validated-agfusion-dirs/
971T	hla_tsv	s3://crmy-gb-main/neondisco/main-analyses/MSA/running/NeonDisco-outputs/MYBRCA-n990-dataset-awsbatch-dualMode-ND-v0-2-2-RERUN-FINAL-v5/Cohortwide-HLA-typing-OUT/Cohortwide_HLA_types.tsv
972T	agfusion_dir	s3://crmy-gb-main/neondisco/main-analyses/MSA/running/NeonDisco-outputs/MYBRCA-n990-dataset-awsbatch-dualMode-ND-v0-2-2-RERUN-FINAL-v5/972T/POST-IN-SILICO-VALIDATION-TSV-out/validated-agfusion-dirs/
972T	hla_tsv	s3://crmy-gb-main/neondisco/main-analyses/MSA/running/NeonDisco-outputs/MYBRCA-n990-dataset-awsbatch-dualMode-ND-v0-2-2-RERUN-FINAL-v5/Cohortwide-HLA-typing-OUT/Cohortwide_HLA_types.tsv
973T	agfusion_dir	s3://crmy-gb-main/neondisco/main-analyses/MSA/running/NeonDisco-outputs/MYBRCA-n990-dataset-awsbatch-dualMode-ND-v0-2-2-RERUN-FINAL-v5/973T/POST-IN-SILICO-VALIDATION-TSV-out/validated-agfusion-dirs/
973T	hla_tsv	s3://crmy-gb-main/neondisco/main-analyses/MSA/running/NeonDisco-outputs/MYBRCA-n990-dataset-awsbatch-dualMode-ND-v0-2-2-RERUN-FINAL-v5/Cohortwide-HLA-typing-OUT/Cohortwide_HLA_types.tsv
974T	agfusion_dir	s3://crmy-gb-main/neondisco/main-analyses/MSA/running/NeonDisco-outputs/MYBRCA-n990-dataset-awsbatch-dualMode-ND-v0-2-2-RERUN-FINAL-v5/974T/POST-IN-SILICO-VALIDATION-TSV-out/validated-agfusion-dirs/
974T	hla_tsv	s3://crmy-gb-main/neondisco/main-analyses/MSA/running/NeonDisco-outputs/MYBRCA-n990-dataset-awsbatch-dualMode-ND-v0-2-2-RERUN-FINAL-v5/Cohortwide-HLA-typing-OUT/Cohortwide_HLA_types.tsv
975T	agfusion_dir	s3://crmy-gb-main/neondisco/main-analyses/MSA/running/NeonDisco-outputs/MYBRCA-n990-dataset-awsbatch-dualMode-ND-v0-2-2-RERUN-FINAL-v5/975T/POST-IN-SILICO-VALIDATION-TSV-out/validated-agfusion-dirs/
975T	hla_tsv	s3://crmy-gb-main/neondisco/main-analyses/MSA/running/NeonDisco-outputs/MYBRCA-n990-dataset-awsbatch-dualMode-ND-v0-2-2-RERUN-FINAL-v5/Cohortwide-HLA-typing-OUT/Cohortwide_HLA_types.tsv
976T	agfusion_dir	s3://crmy-gb-main/neondisco/main-analyses/MSA/running/NeonDisco-outputs/MYBRCA-n990-dataset-awsbatch-dualMode-ND-v0-2-2-RERUN-FINAL-v5/976T/POST-IN-SILICO-VALIDATION-TSV-out/validated-agfusion-dirs/
976T	hla_tsv	s3://crmy-gb-main/neondisco/main-analyses/MSA/running/NeonDisco-outputs/MYBRCA-n990-dataset-awsbatch-dualMode-ND-v0-2-2-RERUN-FINAL-v5/Cohortwide-HLA-typing-OUT/Cohortwide_HLA_types.tsv
977T	agfusion_dir	s3://crmy-gb-main/neondisco/main-analyses/MSA/running/NeonDisco-outputs/MYBRCA-n990-dataset-awsbatch-dualMode-ND-v0-2-2-RERUN-FINAL-v5/977T/POST-IN-SILICO-VALIDATION-TSV-out/validated-agfusion-dirs/
977T	hla_tsv	s3://crmy-gb-main/neondisco/main-analyses/MSA/running/NeonDisco-outputs/MYBRCA-n990-dataset-awsbatch-dualMode-ND-v0-2-2-RERUN-FINAL-v5/Cohortwide-HLA-typing-OUT/Cohortwide_HLA_types.tsv
978T	agfusion_dir	s3://crmy-gb-main/neondisco/main-analyses/MSA/running/NeonDisco-outputs/MYBRCA-n990-dataset-awsbatch-dualMode-ND-v0-2-2-RERUN-FINAL-v5/978T/POST-IN-SILICO-VALIDATION-TSV-out/validated-agfusion-dirs/
978T	hla_tsv	s3://crmy-gb-main/neondisco/main-analyses/MSA/running/NeonDisco-outputs/MYBRCA-n990-dataset-awsbatch-dualMode-ND-v0-2-2-RERUN-FINAL-v5/Cohortwide-HLA-typing-OUT/Cohortwide_HLA_types.tsv
979T	agfusion_dir	s3://crmy-gb-main/neondisco/main-analyses/MSA/running/NeonDisco-outputs/MYBRCA-n990-dataset-awsbatch-dualMode-ND-v0-2-2-RERUN-FINAL-v5/979T/POST-IN-SILICO-VALIDATION-TSV-out/validated-agfusion-dirs/
979T	hla_tsv	s3://crmy-gb-main/neondisco/main-analyses/MSA/running/NeonDisco-outputs/MYBRCA-n990-dataset-awsbatch-dualMode-ND-v0-2-2-RERUN-FINAL-v5/Cohortwide-HLA-typing-OUT/Cohortwide_HLA_types.tsv
97T	agfusion_dir	s3://crmy-gb-main/neondisco/main-analyses/MSA/running/NeonDisco-outputs/MYBRCA-n990-dataset-awsbatch-dualMode-ND-v0-2-2-RERUN-FINAL-v5/97T/POST-IN-SILICO-VALIDATION-TSV-out/validated-agfusion-dirs/
97T	hla_tsv	s3://crmy-gb-main/neondisco/main-analyses/MSA/running/NeonDisco-outputs/MYBRCA-n990-dataset-awsbatch-dualMode-ND-v0-2-2-RERUN-FINAL-v5/Cohortwide-HLA-typing-OUT/Cohortwide_HLA_types.tsv
980T	agfusion_dir	s3://crmy-gb-main/neondisco/main-analyses/MSA/running/NeonDisco-outputs/MYBRCA-n990-dataset-awsbatch-dualMode-ND-v0-2-2-RERUN-FINAL-v5/980T/POST-IN-SILICO-VALIDATION-TSV-out/validated-agfusion-dirs/
980T	hla_tsv	s3://crmy-gb-main/neondisco/main-analyses/MSA/running/NeonDisco-outputs/MYBRCA-n990-dataset-awsbatch-dualMode-ND-v0-2-2-RERUN-FINAL-v5/Cohortwide-HLA-typing-OUT/Cohortwide_HLA_types.tsv
981T	agfusion_dir	s3://crmy-gb-main/neondisco/main-analyses/MSA/running/NeonDisco-outputs/MYBRCA-n990-dataset-awsbatch-dualMode-ND-v0-2-2-RERUN-FINAL-v5/981T/POST-IN-SILICO-VALIDATION-TSV-out/validated-agfusion-dirs/
981T	hla_tsv	s3://crmy-gb-main/neondisco/main-analyses/MSA/running/NeonDisco-outputs/MYBRCA-n990-dataset-awsbatch-dualMode-ND-v0-2-2-RERUN-FINAL-v5/Cohortwide-HLA-typing-OUT/Cohortwide_HLA_types.tsv
982T	agfusion_dir	s3://crmy-gb-main/neondisco/main-analyses/MSA/running/NeonDisco-outputs/MYBRCA-n990-dataset-awsbatch-dualMode-ND-v0-2-2-RERUN-FINAL-v5/982T/POST-IN-SILICO-VALIDATION-TSV-out/validated-agfusion-dirs/
982T	hla_tsv	s3://crmy-gb-main/neondisco/main-analyses/MSA/running/NeonDisco-outputs/MYBRCA-n990-dataset-awsbatch-dualMode-ND-v0-2-2-RERUN-FINAL-v5/Cohortwide-HLA-typing-OUT/Cohortwide_HLA_types.tsv
983T	agfusion_dir	s3://crmy-gb-main/neondisco/main-analyses/MSA/running/NeonDisco-outputs/MYBRCA-n990-dataset-awsbatch-dualMode-ND-v0-2-2-RERUN-FINAL-v5/983T/POST-IN-SILICO-VALIDATION-TSV-out/validated-agfusion-dirs/
983T	hla_tsv	s3://crmy-gb-main/neondisco/main-analyses/MSA/running/NeonDisco-outputs/MYBRCA-n990-dataset-awsbatch-dualMode-ND-v0-2-2-RERUN-FINAL-v5/Cohortwide-HLA-typing-OUT/Cohortwide_HLA_types.tsv
984T	agfusion_dir	s3://crmy-gb-main/neondisco/main-analyses/MSA/running/NeonDisco-outputs/MYBRCA-n990-dataset-awsbatch-dualMode-ND-v0-2-2-RERUN-FINAL-v5/984T/POST-IN-SILICO-VALIDATION-TSV-out/validated-agfusion-dirs/
984T	hla_tsv	s3://crmy-gb-main/neondisco/main-analyses/MSA/running/NeonDisco-outputs/MYBRCA-n990-dataset-awsbatch-dualMode-ND-v0-2-2-RERUN-FINAL-v5/Cohortwide-HLA-typing-OUT/Cohortwide_HLA_types.tsv
985T	agfusion_dir	s3://crmy-gb-main/neondisco/main-analyses/MSA/running/NeonDisco-outputs/MYBRCA-n990-dataset-awsbatch-dualMode-ND-v0-2-2-RERUN-FINAL-v5/985T/POST-IN-SILICO-VALIDATION-TSV-out/validated-agfusion-dirs/
985T	hla_tsv	s3://crmy-gb-main/neondisco/main-analyses/MSA/running/NeonDisco-outputs/MYBRCA-n990-dataset-awsbatch-dualMode-ND-v0-2-2-RERUN-FINAL-v5/Cohortwide-HLA-typing-OUT/Cohortwide_HLA_types.tsv
986T	agfusion_dir	s3://crmy-gb-main/neondisco/main-analyses/MSA/running/NeonDisco-outputs/MYBRCA-n990-dataset-awsbatch-dualMode-ND-v0-2-2-RERUN-FINAL-v5/986T/POST-IN-SILICO-VALIDATION-TSV-out/validated-agfusion-dirs/
986T	hla_tsv	s3://crmy-gb-main/neondisco/main-analyses/MSA/running/NeonDisco-outputs/MYBRCA-n990-dataset-awsbatch-dualMode-ND-v0-2-2-RERUN-FINAL-v5/Cohortwide-HLA-typing-OUT/Cohortwide_HLA_types.tsv
987T	agfusion_dir	s3://crmy-gb-main/neondisco/main-analyses/MSA/running/NeonDisco-outputs/MYBRCA-n990-dataset-awsbatch-dualMode-ND-v0-2-2-RERUN-FINAL-v5/987T/POST-IN-SILICO-VALIDATION-TSV-out/validated-agfusion-dirs/
987T	hla_tsv	s3://crmy-gb-main/neondisco/main-analyses/MSA/running/NeonDisco-outputs/MYBRCA-n990-dataset-awsbatch-dualMode-ND-v0-2-2-RERUN-FINAL-v5/Cohortwide-HLA-typing-OUT/Cohortwide_HLA_types.tsv
988T	agfusion_dir	s3://crmy-gb-main/neondisco/main-analyses/MSA/running/NeonDisco-outputs/MYBRCA-n990-dataset-awsbatch-dualMode-ND-v0-2-2-RERUN-FINAL-v5/988T/POST-IN-SILICO-VALIDATION-TSV-out/validated-agfusion-dirs/
988T	hla_tsv	s3://crmy-gb-main/neondisco/main-analyses/MSA/running/NeonDisco-outputs/MYBRCA-n990-dataset-awsbatch-dualMode-ND-v0-2-2-RERUN-FINAL-v5/Cohortwide-HLA-typing-OUT/Cohortwide_HLA_types.tsv
989T	agfusion_dir	s3://crmy-gb-main/neondisco/main-analyses/MSA/running/NeonDisco-outputs/MYBRCA-n990-dataset-awsbatch-dualMode-ND-v0-2-2-RERUN-FINAL-v5/989T/POST-IN-SILICO-VALIDATION-TSV-out/validated-agfusion-dirs/
989T	hla_tsv	s3://crmy-gb-main/neondisco/main-analyses/MSA/running/NeonDisco-outputs/MYBRCA-n990-dataset-awsbatch-dualMode-ND-v0-2-2-RERUN-FINAL-v5/Cohortwide-HLA-typing-OUT/Cohortwide_HLA_types.tsv
98T	agfusion_dir	s3://crmy-gb-main/neondisco/main-analyses/MSA/running/NeonDisco-outputs/MYBRCA-n990-dataset-awsbatch-dualMode-ND-v0-2-2-RERUN-FINAL-v5/98T/POST-IN-SILICO-VALIDATION-TSV-out/validated-agfusion-dirs/
98T	hla_tsv	s3://crmy-gb-main/neondisco/main-analyses/MSA/running/NeonDisco-outputs/MYBRCA-n990-dataset-awsbatch-dualMode-ND-v0-2-2-RERUN-FINAL-v5/Cohortwide-HLA-typing-OUT/Cohortwide_HLA_types.tsv
990T	agfusion_dir	s3://crmy-gb-main/neondisco/main-analyses/MSA/running/NeonDisco-outputs/MYBRCA-n990-dataset-awsbatch-dualMode-ND-v0-2-2-RERUN-FINAL-v5/990T/POST-IN-SILICO-VALIDATION-TSV-out/validated-agfusion-dirs/
990T	hla_tsv	s3://crmy-gb-main/neondisco/main-analyses/MSA/running/NeonDisco-outputs/MYBRCA-n990-dataset-awsbatch-dualMode-ND-v0-2-2-RERUN-FINAL-v5/Cohortwide-HLA-typing-OUT/Cohortwide_HLA_types.tsv
991T	agfusion_dir	s3://crmy-gb-main/neondisco/main-analyses/MSA/running/NeonDisco-outputs/MYBRCA-n990-dataset-awsbatch-dualMode-ND-v0-2-2-RERUN-FINAL-v5/991T/POST-IN-SILICO-VALIDATION-TSV-out/validated-agfusion-dirs/
991T	hla_tsv	s3://crmy-gb-main/neondisco/main-analyses/MSA/running/NeonDisco-outputs/MYBRCA-n990-dataset-awsbatch-dualMode-ND-v0-2-2-RERUN-FINAL-v5/Cohortwide-HLA-typing-OUT/Cohortwide_HLA_types.tsv
992T	agfusion_dir	s3://crmy-gb-main/neondisco/main-analyses/MSA/running/NeonDisco-outputs/MYBRCA-n990-dataset-awsbatch-dualMode-ND-v0-2-2-RERUN-FINAL-v5/992T/POST-IN-SILICO-VALIDATION-TSV-out/validated-agfusion-dirs/
992T	hla_tsv	s3://crmy-gb-main/neondisco/main-analyses/MSA/running/NeonDisco-outputs/MYBRCA-n990-dataset-awsbatch-dualMode-ND-v0-2-2-RERUN-FINAL-v5/Cohortwide-HLA-typing-OUT/Cohortwide_HLA_types.tsv
99T	agfusion_dir	s3://crmy-gb-main/neondisco/main-analyses/MSA/running/NeonDisco-outputs/MYBRCA-n990-dataset-awsbatch-dualMode-ND-v0-2-2-RERUN-FINAL-v5/99T/POST-IN-SILICO-VALIDATION-TSV-out/validated-agfusion-dirs/
99T	hla_tsv	s3://crmy-gb-main/neondisco/main-analyses/MSA/running/NeonDisco-outputs/MYBRCA-n990-dataset-awsbatch-dualMode-ND-v0-2-2-RERUN-FINAL-v5/Cohortwide-HLA-typing-OUT/Cohortwide_HLA_types.tsv
9T	agfusion_dir	s3://crmy-gb-main/neondisco/main-analyses/MSA/running/NeonDisco-outputs/MYBRCA-n990-dataset-awsbatch-dualMode-ND-v0-2-2-RERUN-FINAL-v5/9T/POST-IN-SILICO-VALIDATION-TSV-out/validated-agfusion-dirs/
9T	hla_tsv	s3://crmy-gb-main/neondisco/main-analyses/MSA/running/NeonDisco-outputs/MYBRCA-n990-dataset-awsbatch-dualMode-ND-v0-2-2-RERUN-FINAL-v5/Cohortwide-HLA-typing-OUT/Cohortwide_HLA_types.tsv
